planner,time_s,power_w,cumulative_energy_j
astar,0.0,178.36245373446835,0.0
astar,0.020407206597233902,176.5456386356837,3.621341382013933
astar,0.040814413194467804,174.80269443080635,7.206360392254738
astar,0.061221619791701695,173.13147771848173,10.75654265889877
astar,0.08162882638893561,171.52989633997169,14.273330592147458
astar,0.1020360329861695,169.99590965142795,17.758124432724117
astar,0.12244323958340339,168.5275287660069,21.212283305619405
astar,0.1428504461806373,167.1228167581593,24.637126278391708
astar,0.16325765277787121,165.77988882328955,28.03393342318109
astar,0.1836648593751051,164.49691238680856,31.4039468814651
astar,0.204072065972339,163.27210715741327,34.74837193047097
astar,0.2244792725695729,162.10374512021062,38.06837805006123
astar,0.24488647916680678,160.9901504660533,41.36509998882823
astar,0.2652936857640407,159.92969945418065,44.63963882806599
astar,0.2857008923612746,158.92082020594717,47.893063042235795
astar,0.3061080989585085,157.96199242807472,51.12640955450331
astar,0.32651530555574243,157.051747064487,54.340684785899285
astar,0.3469225121529763,156.18866587636134,57.53686569664266
astar,0.3673297187502102,155.37138095058242,60.71590081816331
astar,0.3877369253474441,154.59857413727948,63.87871127436996
astar,0.408144131944678,153.86897641759728,67.026191790728
astar,0.4285513385419119,153.18136720327269,70.15921168973938
astar,0.4489585451391458,152.53457356997268,73.27861587145304
astar,0.46936575173637973,151.92746942669737,76.38522577767752
astar,0.48977295833361356,151.3589746238527,79.4798403386175
astar,0.5101801649308475,150.8280540028719,82.56323690071241
astar,0.5305873715280814,150.3337163904936,85.63617213451548
astar,0.5509945781253154,149.87501354100215,88.6993829215181
astar,0.5714017847225492,149.45103902990041,91.75358721889253
astar,0.591808991319783,149.06092710261666,94.79948490119891
astar,0.612216197917017,148.7038514819497,97.83775857817633
astar,0.6326234045142509,148.3790241380286,100.86907438781496
astar,0.6530306111114849,148.0856940246127,103.89408276398284
astar,0.6734378177087187,147.82314578557987,106.91341917796002
astar,0.6938450243059526,147.59069843545095,109.92770485331086
astar,0.7142522309031866,147.38770401778066,112.93754745360341
astar,0.7346594375004204,147.21354624520265,115.94354174256345
astar,0.7550666440976543,147.06763912486718,118.94627021632641
astar,0.7754738506948882,146.94942557293285,121.94630370752655
astar,0.7958810572921221,146.85837602169406,124.94420196103688
astar,0.816288263889356,146.79398702282933,127.94051418124465
astar,0.83669547048659,146.75577985014803,130.935779550818
astar,0.8571026770838238,146.74329910509908,133.9305277209868
astar,0.8775098836810576,146.75611132818176,136.92527927342593
astar,0.8979170902782916,146.79380361926889,139.92054615389247
astar,0.9183242968755255,146.855982269718,142.9168320778275
astar,0.9387315034727595,146.94227140900674,145.91463290819163
astar,0.9591387100699934,147.05231166848472,148.91443700585666
astar,0.9795459166672271,147.1857588646894,151.9167255529276
astar,0.9999531232644611,147.34228270452564,154.92197284941844
astar,1.020360329861695,147.52156551445842,157.93064658374857
astar,1.0407675364589288,147.72330099571982,160.94320807757154
astar,1.0611747430561629,147.9471930073813,163.9601125054853
astar,1.0815819496533967,148.19295437899117,166.9818090902098
astar,1.1019891562506308,148.46030575433156,170.00874127385165
astar,1.1223963628478646,148.74897446769836,173.04134686590473
astar,1.1428035694450984,149.05869345396417,176.0800581686636
astar,1.1632107760423325,149.3892001935395,179.12530208075057
astar,1.183617982639566,149.74023569320534,182.17750017947793
astar,1.2040251892368001,150.1115435036521,185.23706878278716
astar,1.224432395834034,150.50286877442292,188.30441899151953
astar,1.2448396024312678,150.91395734682703,191.37995671278895
astar,1.2652468090285018,151.3445548852565,194.4640826652353
astar,1.2856540156257357,151.7944060472181,197.5571923669452
astar,1.3060612222229697,152.26325369226396,200.65967610683276
astar,1.3264684288202035,152.75083812989095,203.77191890027393
astar,1.3468756354174374,153.25689640636136,206.89430042979032
astar,1.3672828420146714,153.78116163028935,210.02719497157406
astar,1.3876900486119053,154.3233623367311,213.17097130864275
astar,1.4080972552091393,154.88322188941825,216.3259926314068
astar,1.4285044618063731,155.46045792067693,219.492616426422
astar,1.4489116684036067,156.054781808484,222.67119435409185
astar,1.4693188750008408,156.6658981900307,225.86207211607046
astar,1.4897260815980746,157.29350451108013,229.06558931310332
astar,1.5101332881953087,157.93729061033414,232.28207929402984
astar,1.5305404947925425,158.59693833795518,235.51186899665177
astar,1.5509477013897763,159.2721212073287,238.75527878115628
astar,1.5713549079870104,159.96250407909233,242.01262225676157
astar,1.5917621145842442,160.66774287640982,245.2842061022331
astar,1.6121693211814783,161.3874843304224,248.5703298808976
astar,1.632576527778712,162.12136575477223,251.87128585075865
astar,1.652983734375946,162.86901484805904,255.18735877029647
astar,1.67339094097318,163.63004952306693,258.51882570050907
astar,1.6937981475704138,164.4040777615752,261.86595580372955
astar,1.7142053541676476,165.19069749355418,265.22901013972967
astar,1.7346125607648815,165.98949649953894,268.6082414595942
astar,1.7550197673621153,166.80005233496865,272.0038939978272
astar,1.7754269739593493,167.62193227528368,275.4162032631264
astar,1.7958341805565832,168.45469328058027,278.8453958282363
astar,1.8162413871538172,169.29788197863542,282.29168911926763
astar,1.836648593751051,170.15103466513358,285.75529120484595
astar,1.8570558003482849,171.01367731994966,289.2364005854286
astar,1.877463006945519,171.8853256383701,292.7352059831066
astar,1.8978702135427528,172.76548507616937,296.25188613218444
astar,1.9182774201399868,173.65365090748972,299.7866095708114
astar,1.9386846267372206,174.54930829451902,303.3395344339132
astar,1.9590918333344542,175.45193236800213,306.91080824765726
astar,1.9794990399316883,176.36098831766762,310.50056772566165
astar,1.9999062465289221,177.2759314917058,314.1089385671413
astar,2.020313453126156,178.19620750448505,317.73603525716925
astar,2.04072065972339,179.12125235174867,321.38196086921175
astar,2.061127866320624,180.05049253259526,325.0468068700837
astar,2.0815350729178577,180.98334517760256,328.73065292745576
astar,2.1019422795150917,181.91921818251876,332.4335667200337
astar,2.1223494861123258,182.85751034700652,336.15560375051626
astar,2.14275669270956,183.79761151799045,339.8968071614328
astar,2.1631638993067934,184.73890273722168,343.657207553948
astar,2.1835711059040275,185.68075639274045,347.4368228097191
astar,2.2039783125012615,186.6225363739816,351.2356579158796
astar,2.224385519098495,187.56359823033256,355.0537047932248
astar,2.244792725695729,188.50328933302134,358.8909421276669
astar,2.2651999322929632,189.4409490402731,362.74733520502593
astar,2.285607138890197,190.3759088657388,366.622835749226
astar,2.306014345487431,191.3074926502632,370.517381763962
astar,2.326421552084665,192.23501673711803,374.43089737790694
astar,2.346828758681899,193.15779015088802,378.3632926935327
astar,2.367235965279132,194.07511478025512,382.31446363962095
astar,2.387643171876366,194.98628556498133,386.28429182754815
astar,2.4080503784736003,195.89059068744643,390.2726444114305
astar,2.428457585070834,196.78731176914656,394.2793739522305
astar,2.448864791668068,197.67572407261108,398.30431828592793
astar,2.469271998265302,198.5550967092416,402.3473003958714
astar,2.4896792048625356,199.4246928536201,406.40812828943785
astar,2.5100864114597696,200.2837699648766,410.4865948791378
astar,2.5304936180570037,201.13158001574354,414.58247786831555
astar,2.5509008246542377,201.96736972996263,418.6955396416099
astar,2.5713080312514713,202.79038082873856,422.8255271603514
astar,2.5917152378487054,203.59985028696764,426.97217186308933
astar,2.6121224444459394,204.3950105999941,431.1351895714543
astar,2.632529651043173,205.175090061668,435.31428040158045
astar,2.652936857640407,205.93931305450573,439.5091286813256
astar,2.673344064237641,206.68690035276032,443.7194028735438
astar,2.6937512708348748,207.41706943923523,447.9447555056837
astar,2.714158477432109,208.1290348366735,452.1848231060008
astar,2.734565684029343,208.82200845457075,456.4392261466892
astar,2.754972890626577,209.49519995226154,460.7075689942574
astar,2.7753800972238105,210.14781711912977,464.9894398674885
astar,2.7957873038210446,210.77906627279194,469.2844108033429
astar,2.8161945104182786,211.38815267609945,473.5920376311778
astar,2.8366017170155122,211.97428097380026,477.9118599556783
astar,2.8570089236127463,212.53665564968452,482.24340114890873
astar,2.87741613020998,213.07448150503689,486.58616835190867
astar,2.8978233368072135,213.58696415919454,490.9396524862808
astar,2.9182305434044475,214.07331057299902,495.30332827622567
astar,2.9386377500016816,214.5327295959147,499.67665428150036
astar,2.959044956598915,214.96443253755706,504.059072941792
astar,2.9794521631961493,215.36763376436807,508.450010633011
astar,2.9998593697933833,215.74155132214062,512.8488777360238
astar,3.0202665763906174,216.08540758507976,517.2550687183613
astar,3.040673782987851,216.39842993206494,521.6679622294497
astar,3.061080989585085,216.6798514507509,526.0869212099268
astar,3.081488196182319,216.92891167012777,530.5112930156163
astar,3.1018954027795527,217.1448573221351,534.9404095567487
astar,3.1223026093767867,217.32694313290872,539.3735874530279
astar,3.1427098159740208,217.47443264421665,543.8101282051506
astar,3.163117022571255,217.5865990656279,548.2493183834049
astar,3.1835242291684884,217.66272615794173,552.6904298339769
astar,3.2039314357657225,217.70210914839888,557.1327199036105
astar,3.2243386423629565,217.704055678186,561.5754316832732
astar,3.24474584896019,217.6678867827454,566.0177942714928
astar,3.265153055557424,217.59293790541037,570.4590230580396
astar,3.2855602621546582,217.478559944887,574.8983200286392
astar,3.305967468751892,217.32412033713396,579.3348740914123
astar,3.326374675349126,217.129004172203,583.7678614257502
astar,3.34678188194636,216.8926153466499,588.1964458543439
astar,3.367189088543594,216.61437775215856,592.6197792391005
astar,3.3875962951408276,216.29373650108195,597.0370019016929
astar,3.408003501738061,215.93015918966617,601.447243069504
astar,3.4284107083352953,215.52313719980356,605.8496213477428
astar,3.448817914932529,215.07218704025806,610.2432452185276
astar,3.469225121529763,214.5768517284015,614.6272135677551
astar,3.489632328126997,214.03670221364422,619.0006162405901
astar,3.5100395347242306,213.45133884386672,623.3625346264438
astar,3.5304467413214646,212.82039287633694,627.7120422743312
astar,3.5508539479186987,212.14352803477084,632.048205539533
astar,3.5712611545159323,211.4204421144109,636.3700842625224
astar,3.5916683611131663,210.65086863721754,640.6767324811593
astar,3.6120755677104004,209.83457855953768,644.9671991771966
astar,3.6324827743076344,208.97138203489214,649.2405290581984
astar,3.652889980904868,208.0611302348448,653.4957633760243
astar,3.673297187502102,207.10371723126514,657.7319407830994
astar,3.693704394099336,206.09908194367586,661.9480982277586
astar,3.7141116006965698,205.04721015580583,666.1432718900389
astar,3.734518807293804,203.94813660591464,670.3164981593758
astar,3.754926013891038,202.8019471559728,674.4668146557614
astar,3.775333220488272,201.60878104530877,678.5932612960321
astar,3.7957404270855055,200.36883323493345,682.6948814070721
astar,3.8161476336827396,199.08235684939143,686.770722887853
astar,3.8365548402799736,197.7496657236663,690.8198394223764
astar,3.8569620468772072,196.37113706341765,694.8412917457482
astar,3.8773692534744413,194.94721422760904,698.8341489657907
astar,3.8977764600716753,193.47840964343735,702.7974899427887
astar,3.9181836666689085,191.96530786437498,706.7304047301825
astar,3.9385908732661425,190.40856878307932,710.6319960792474
astar,3.9589980798633766,188.80893101195298,714.5013810110493
astar,3.97940528646061,187.16721544516298,718.3376924592403
astar,3.9998124930578443,185.4843290170598,722.1400809875498
astar,4.020219699655078,183.761268673056,725.9077165861404
astar,4.040626906252312,181.99912557020792,729.6397905513444
astar,4.061034112849546,180.19908952593124,733.3355174536525
astar,4.08144131944678,178.36245373446835,736.9941371992215
astar,4.104025606019528,176.88195550426408,741.0056079700286
astar,4.126609892592276,175.46729264070143,744.9843861669276
astar,4.149194179165024,174.11623236050076,748.9319334217969
astar,4.171778465737772,172.82660053665035,752.849661603052
astar,4.19436275231052,171.5962820796524,756.7389341446612
astar,4.2169470388832675,170.4232212641304,760.6010673831537
astar,4.239531325456015,169.30542199223967,764.43733190129
astar,4.262115612028763,168.24094798661412,768.2489538768866
astar,4.284699898601511,167.22792290680408,772.0371164351332
astar,4.307284185174259,166.26453038432587,775.8029610026209
astar,4.329868471747007,165.34901397253918,779.547588661201
astar,4.352452758319754,164.4796770085922,783.2720614997169
astar,4.375037044892502,163.654882385636,786.9774039616077
astar,4.39762133146525,162.87305223438952,790.6646041863407
astar,4.420205618037998,162.1326675139526,794.3346153426302
astar,4.442789904610746,161.43226751250643,797.9883569513952
astar,4.465374191183494,160.77044925920947,801.6267161964404
astar,4.487958477756242,160.14586684920272,805.2505492208719
astar,4.5105427643289895,159.55723068416913,808.8606824073163
astar,4.533127050901737,159.00330663136566,812.4579136400675
astar,4.555711337474485,158.48291510445,816.0430135473579
astar,4.578295624047233,157.9949300697764,819.6167267220281
astar,4.600879910619981,157.53827798212424,823.1797729189594
astar,4.623464197192729,157.1119366540638,826.7328482277196
astar,4.646048483765477,156.71493406335418,830.276626218975
astar,4.668632770338225,156.34634710291198,833.8117590633203
astar,4.691217056910973,156.0053002779947,837.3388786212805
astar,4.713801343483721,155.69096435530318,840.8585975033473
astar,4.736385630056469,155.4025549687422,844.3715100990167
astar,4.7589699166292165,155.13933118657147,847.8781935739033
astar,4.7815542032019644,154.90059404465293,851.379208834111
astar,4.804138489774712,154.6856850504437,854.8751014571482
astar,4.826722776347459,154.4939846623072,858.3664025887782
astar,4.849307062920207,154.32491074861923,861.8536298052982
astar,4.871891349492955,154.17791703103376,865.3372879408375
astar,4.894475636065703,154.05249151614444,868.8178698793698
astar,4.917059922638451,153.948154919642,872.2958573112186
astar,4.939644209211199,153.86445908691746,875.771721453934
astar,4.962228495783947,153.80098541390532,879.2459237375032
astar,4.984812782356695,153.75734327179904,882.7189164539399
astar,5.007397068929443,153.73316843910308,886.1911433713798
astar,5.029981355502191,153.72812154431557,889.6630403128859
astar,5.0525656420749385,153.74188652236333,893.1350357002374
astar,5.075149928647686,153.7741690877361,896.6075510630471
astar,5.097734215220434,153.8246952270944,900.0810015136161
astar,5.120318501793182,153.89320971394994,903.5557961879932
astar,5.14290278836593,153.97947464784727,907.0323386537672
astar,5.165487074938678,154.083268020303,910.5110272851692
astar,5.188071361511426,154.20438230959218,913.992255606114
astar,5.210655648084174,154.34262310630535,917.4764126018518
astar,5.233239934656922,154.497807771438,920.9638829999489
astar,5.25582422122967,154.66976412861254,924.4550475213446
astar,5.278408507802418,154.85832919188135,927.9502831022777
astar,5.300992794375166,155.06334793040332,931.4499630878959
astar,5.3235770809479135,155.28467207113994,934.9544573983958
astar,5.346161367520661,155.5221589405729,938.4641326685638
astar,5.368745654093409,155.77567034630286,941.9793523616084
astar,5.391329940666156,156.0450714992534,945.5004768581917
astar,5.413914227238904,156.330229977073,949.0278635215867
astar,5.436498513811652,156.6310147291955,952.5618667398918
astar,5.4590828003844,156.94729512389827,956.102837946252
astar,5.481667086957148,157.27894003757714,959.6511256180331
astar,5.504251373529896,157.6258169863358,963.207075255908
astar,5.526835660102644,157.9877912998817,966.7710293438055
astar,5.549419946675392,158.36472533760798,970.343327290681
astar,5.57200423324814,158.7564777466367,973.9243053550556
astar,5.594588519820888,159.16290276150278,977.5142965532688
astar,5.6171728063936355,159.583849545057,981.1136305523808
astar,5.639757092966383,160.0191615700808,984.7226335486495
astar,5.662341379539131,160.4686760410141,988.3416281324941
astar,5.684925666111879,160.93222335511865,991.9709331408446
astar,5.707509952684627,161.40962660231938,995.6108634977588
astar,5.730094239257375,161.90070110289471,999.2617300441706
astar,5.752678525830123,162.40525398211793,1002.923839357615
astar,5.77526281240287,162.9230837808884,1006.5974935627526
astar,5.797847098975618,163.45398010133312,1010.2829901334966
astar,5.820431385548366,163.99772328630644,1013.980621687517
astar,5.843015672121114,164.55408413166626,1017.6906757738778
astar,5.865599958693862,165.1228236301642,1021.4134346545331
astar,5.8881842452666096,165.70369274574733,1025.1491750803818
astar,5.9107685318393575,166.29643221704035,1028.8981680625557
astar,5.933352818412105,166.90077238874574,1032.6606786395835
astar,5.955937104984853,167.5164330696842,1036.4369656410488
astar,5.978521391557601,168.14312341617688,1040.2272814483279
astar,6.001105678130349,168.78054183946404,1044.031871752965
astar,6.023689964703097,169.4283759358501,1047.8509753132132
astar,6.046274251275845,170.08630243826494,1051.6848237092408
astar,6.068858537848593,170.75398718793977,1055.5336410974692
astar,6.091442824421341,171.43108512490548,1059.3976439644841
astar,6.114027110994089,172.11724029604287,1063.2770408809313
astar,6.136611397566837,172.81208587943144,1067.1720322557771
astar,6.1591956841395845,173.51524422377636,1071.08281009129
astar,6.181779970712332,174.2263269017231,1075.009557739068
astar,6.20436425728508,174.94493477590666,1078.9524496574159
astar,6.226948543857828,175.6706580766257,1082.9116511703437
astar,6.249532830430576,176.40307649007823,1086.8873182284397
astar,6.272117117003324,177.14175925614407,1090.8795971718434
astar,6.294701403576072,177.88626527475685,1094.8886244955247
astar,6.31728569014882,178.63614321996388,1098.9145266170503
astar,6.339869976721568,179.39093166083464,1102.9574196470057
astar,6.362454263294316,180.1501591884437,1107.017409162215
astar,6.385038549867064,180.91334454821913,1111.0945899818896
astar,6.407622836439812,181.67999677702045,1115.1890459468193
astar,6.4302071230125595,182.44961534437715,1119.3008497017058
astar,6.452791409585307,183.22169029739746,1123.430062480728
astar,6.475375696158055,183.99570240892896,1127.5767338964165
astar,6.497959982730803,184.7711233286278,1131.7409017319062
astar,6.520544269303551,185.54741573667485,1135.9225917366323
astar,6.543128555876299,186.32403349994772,1140.1218174255237
astar,6.565712842449047,187.10042183054153,1144.3385798817517
astar,6.588297129021795,187.876017446605,1148.5728675630835
astar,6.610881415594542,188.65024873553426,1152.8246561118954
astar,6.63346570216729,189.4225359196459,1157.0939081689
astar,6.656049988740038,190.1922912245236,1161.380573190644
astar,6.678634275312786,190.958919050305,1165.6845872708423
astar,6.701218561885533,191.7218161462496,1170.0058729656166
astar,6.723802848458281,192.48037178899423,1174.3443391227197
astar,6.7463871350310285,193.23396796497548,1178.6998807148307
astar,6.768971421603776,193.98197955755677,1183.072378677024
astar,6.791555708176524,194.7237745394629,1187.4616997485257
astar,6.814139994749272,195.45871417118707,1191.8676963188802
astar,6.83672428132202,196.1861532060827,1196.2902062786773
astar,6.859308567894768,196.90544010291427,1200.7290528749916
astar,6.881892854467516,197.61591724668224,1205.184044571718
astar,6.904477141040264,198.3169211785893,1209.654974914997
astar,6.927061427613012,199.00778283604984,1214.1416224039465
astar,6.94964571418576,199.68782780368684,1218.6437503669388
astar,6.972230000758508,200.35637657629178,1223.161106843681
astar,6.9948142873312555,201.01274483475123,1227.6934244733804
astar,7.0173985739040035,201.65624373597197,1232.2404203893004
astar,7.039982860476751,202.28618021785235,1236.8017961200321
astar,7.062567147049499,202.90185732037,1241.3772374978385
astar,7.085151433622247,203.50257452386265,1245.966414574441
astar,7.107735720194995,204.08762810558986,1250.568981544655
astar,7.130320006767743,204.65631151566643,1255.1845766782951
astar,7.152904293340491,205.20791577345938,1259.812822260803
astar,7.175488579913239,205.7417298855314,1264.453324543069
astar,7.198072866485987,206.25704128621214,1269.1056737009503
astar,7.220657153058735,206.75313630185926,1273.7694438050055
astar,7.243241439631483,207.2293006398621,1278.4441928009937
astar,7.2658257262042305,207.6848199034163,1283.1294625017083
astar,7.288410012776978,208.11898013307808,1287.8247785907392
astar,7.310994299349726,208.53106837608033,1292.5296506387792
astar,7.333578585922474,208.92037328436567,1297.2435721331124
astar,7.356162872495222,209.28618574225575,1301.9660205209425
astar,7.37874715906797,209.62779952465326,1306.6964572672423
astar,7.401331445640718,209.94451198662634,1311.4343279278228
astar,7.423915732213466,210.23562478519733,1316.1790622383385
astar,7.446500018786214,210.50044463411723,1320.930074219967
astar,7.469084305358961,210.73828409236924,1325.6867623025164
astar,7.491668591931709,210.94846238710758,1330.4485094657275
astar,7.514252878504457,211.13030627169795,1335.2146833995591
astar,7.536837165077205,211.2831509194931,1339.9846366842546
astar,7.5594214516499525,211.4063408539349,1344.7577069910049
astar,7.5820057382227,211.49923091554928,1349.5332173040317
astar,7.604590024795448,211.5611872663591,1354.3104761649352
astar,7.627174311368196,211.591588432223,1359.0887779401503
astar,7.649758597940944,211.5898263835766,1363.8674031123808
astar,7.672342884513692,211.55530765503673,1368.6456185968766
astar,7.69492717108644,211.48745450431662,1373.4226780834435
astar,7.717511457659188,211.38570611089028,1378.1978224050722
astar,7.740095744231936,211.24951981484847,1382.9702799340946
astar,7.762680030804684,211.07837239639102,1387.7392670067761
astar,7.785264317377432,210.8717613964243,1392.5039883772693
astar,7.8078486039501795,210.62920647875313,1397.2636377018612
astar,7.8304328905229275,210.35025083440175,1402.0173980544612
astar,7.8530171770956745,210.0344626286405,1406.7644424742869
astar,7.875601463668422,209.68143649136516,1411.5039345467192
astar,7.89818575024117,209.29079505155332,1416.2350290183138
astar,7.920770036813918,208.86219051660592,1420.9568724469746
astar,7.943354323386666,208.39530629750737,1425.6686038883133
astar,7.965938609959414,207.88985868084882,1430.3693556192407
astar,7.988522896532162,207.34559854891754,1435.0582538998622
astar,8.01110718310491,206.76231314921438,1439.7344197747786
astar,8.033691469677658,206.13982791495275,1444.3969699149259
astar,8.056275756250406,205.4780083382997,1449.045017501125
astar,8.078860042823154,204.77676189835555,1453.6776731505556
astar,8.101444329395902,204.03604004612552,1458.2940458874168
astar,8.12402861596865,203.2558402490191,1462.8932441590862
astar,8.146612902541397,202.43620809772545,1467.4743768991602
astar,8.169197189114145,201.57723947864528,1472.0365546388146
astar,8.191781475686893,200.6790828154321,1476.578890668009
astar,8.214365762259641,199.7419413835744,1481.1005022481409
astar,8.236950048832389,198.76607570238548,1485.6005118778444
astar,8.259534335405137,197.75180600919984,1490.078048613741
astar,8.282118621977885,196.6995148210543,1494.5322494480556
astar,8.304702908550633,195.6096495896307,1498.9622607451388
astar,8.32728719512338,194.482725455747,1503.367239739073
astar,8.349871481696129,193.31932811023387,1507.74635609469
astar,8.372455768268876,192.12011676857352,1512.098793534482
astar,8.395040054841624,190.88582726724928,1516.4237515340674
astar,8.41762434141437,189.61727529031847,1520.720447089057
astar,8.440208627987118,188.3153597352733,1524.988116556363
astar,8.462792914559866,186.9810662278129,1529.2260175732022
astar,8.485377201132614,185.61547079564815,1533.4334310572779
astar,8.507961487705362,184.21974371195043,1537.6096632918445
astar,8.53054577427811,182.7951535194516,1541.7540480996154
astar,8.553130060850858,181.34307124654168,1545.8659491097187
astar,8.575714347423606,179.8649748269241,1549.9447621221714
astar,8.598298633996354,178.36245373446835,1553.989917574596
astar,8.641149304936258,178.3733290625122,1561.6331013951572
astar,8.683999975876164,178.40465204631133,1569.2771893287063
astar,8.726850646816068,178.45453057141927,1576.923017031824
astar,8.769701317755972,178.52115493148548,1584.5713408483398
astar,8.812551988695878,178.6027969070122,1592.222841320835
astar,8.855402659635782,178.69780887487912,1599.878126663329
astar,8.898253330575688,178.80462292418542,1607.5377361959481
astar,8.941104001515592,178.92174995734507,1615.2021437413841
astar,8.983954672455496,179.04777875848046,1622.8717609821413
astar,9.026805343395402,179.1813750140038,1630.5469407768342
astar,9.069656014335306,179.32128027288434,1638.2279804332243
astar,9.11250668527521,179.46631083648123,1645.9151249351985
astar,9.155357356215116,179.61535656999897,1653.6085701204925
astar,9.19820802715502,179.76737962960465,1661.3084658056782
astar,9.241058698094925,179.92141310105222,1669.0149188547146
astar,9.28390936903483,180.07655954729628,1676.7279961872084
astar,9.326760039974735,180.23198946406126,1684.4477277224685
astar,9.36961071091464,180.3869396436679,1692.1741092554169
astar,9.412461381854545,180.54071144862226,1699.907105260451
astar,9.455312052794449,180.69266899754376,1707.646651619455
astar,9.498162723734355,180.8422372669666,1715.3926582702702
astar,9.541013394674259,180.98890011338835,1723.1450117721186
astar,9.583864065614163,181.13219822067882,1730.9035777846734
astar,9.626714736554069,181.27172697859896,1738.6682034576957
astar,9.669565407493973,181.40713429872508,1746.4387197284225
astar,9.712416078433879,181.53811837453173,1754.2149435241738
astar,9.755266749373783,181.66442539275985,1761.996679867928
astar,9.798117420313687,181.78584720349687,1769.7837238849484
astar,9.840968091253593,181.90221895662006,1777.5758627088474
astar,9.883818762193497,182.01341671241147,1785.3728772858171
astar,9.926669433133402,182.1193550342479,1793.1745440760928
astar,9.969520104073307,182.2199845713027,1800.980636652043
astar,10.012370775013212,182.3152896391788,1808.7909271926335
astar,10.055221445953116,182.40528580631644,1816.6051878743472
astar,10.098072116893022,182.4900174939043,1824.4231921589646
astar,10.140922787832926,182.56955559685724,1832.2447159789517
astar,10.18377345877283,182.64399513322275,1840.069538821516
astar,10.226624129712736,182.71345292913733,1847.897444712698
astar,10.26947480065264,182.7780653461833,1855.7282231031688
astar,10.312325471592546,182.83798605769218,1863.5616696576965
astar,10.35517614253245,182.89338388021244,1871.3975869505011
astar,10.398026813472354,182.9444406660065,1879.2357850690014
astar,10.44087748441226,182.99134926206835,1887.0760821286726
astar,10.483728155352164,183.03431154076029,1894.9183047019842
astar,10.52657882629207,183.07353650676333,1902.762288164585
astar,10.569429497231974,183.1092384846158,1910.6078769620933
astar,10.612280168171878,183.14163539068366,1918.4549248010346
astar,10.655130839111784,183.17094709297706,1926.3032947676118
astar,10.697981510051688,183.19739386177815,1934.1528593781372
astar,10.740832180991593,183.22119491360974,1942.0035005650764
astar,10.783682851931498,183.242567050626,1949.855109602741
astar,10.826533522871403,183.261723397065,1957.7075869767596
astar,10.869384193811307,183.2788722339671,1965.5608422015105
astar,10.912234864751213,183.29421593292517,1973.4147935897429
astar,10.955085535691117,183.3079499892122,1981.2693679786357
astar,10.997936206631021,183.3202621542096,1989.1245004165573
astar,11.040786877570927,183.3313316666565,1996.9801338147622
astar,11.083637548510831,183.34132858184313,2004.836218568246
astar,11.126488219450735,183.35041319749064,2012.6927121499293
astar,11.169338890390641,183.35873557469048,2020.5495786822742
astar,11.212189561330545,183.36643515192688,2028.4067884903675
astar,11.25504023227045,183.373640449868,2036.2643176404115
astar,11.297890903210355,183.3804688642932,2044.1221474674512
astar,11.340741574150261,183.38702654422636,2051.9802640960534
astar,11.383592245090165,183.3934083520605,2059.8386579575213
astar,11.42644291603007,183.39969790220042,2067.6973233070844
astar,11.469293586969975,183.40596767450725,2075.5562577443447
astar,11.51214425790988,183.41227919860856,2083.415461740101
astar,11.554994928849784,183.41868330493904,2091.274938172505
astar,11.59784559978969,183.42522043819528,2099.1346918753084
astar,11.640696270729594,183.43192102873667,2106.994729200785
astar,11.683546941669498,183.43880591732267,2114.8550575997097
astar,11.726397612609404,183.445886828469,2122.715685220579
astar,11.769248283549308,183.45316688760948,2130.576620530054
astar,11.812098954489212,183.46064117718169,2138.4378719563997
astar,11.854949625429118,183.46829732670489,2146.299447557479
astar,11.897800296369022,183.4761161318913,2154.1613547146544
astar,11.940650967308926,183.48407219782453,2162.0235998537355
astar,11.983501638248832,183.49213460125185,2169.8861881938965
astar,12.026352309188736,183.5002675670725,2177.7491235252764
astar,12.069202980128642,183.50843115415535,2185.6124080157697
astar,12.112053651068546,183.51658194569282,2193.4760420472976
astar,12.154904322008452,183.5246737393879,2201.340024081663
astar,12.197754992948354,183.53265823288288,2209.2043505558745
astar,12.24060566388826,183.54048569995913,2217.069015806646
astar,12.283456334828164,183.54810565318732,2224.9340120235793
astar,12.32630700576807,183.5554674888588,2232.799329230366
astar,12.369157676707975,183.56252111020868,2240.664955293155
astar,12.41200834764788,183.5692175251271,2248.530875955084
astar,12.454859018587785,183.57550941475571,2256.397074895795
astar,12.497709689527689,183.58135166958388,2264.2635338146215
astar,12.540560360467595,183.5867018898832,2272.130232535983
astar,12.583411031407499,183.59152084755814,2279.9971491353936
astar,12.626261702347403,183.59577290673667,2287.864260084383
astar,12.669112373287309,183.59942640068226,2295.731540412501
astar,12.711963044227213,183.602453962874,2303.5989638844876
astar,12.754813715167117,183.60483281037332,2311.466503190615
astar,12.797664386107023,183.60654497787357,2319.334130148112
astar,12.840515057046927,183.60757750111546,2327.2018159115282
astar,12.883365727986831,183.6079225486361,2335.0695311898603
astar,12.926216398926737,183.60757750111546,2342.937246468193
astar,12.969067069866643,183.60654497787357,2350.8049322316097
astar,13.011917740806545,183.60483281037332,2358.672559189106
astar,13.054768411746451,183.602453962874,2366.540098495234
astar,13.097619082686357,183.59942640068226,2374.4075219672204
astar,13.140469753626261,183.59577290673667,2382.274802295338
astar,13.183320424566165,183.59152084755814,2390.1419132443275
astar,13.226171095506071,183.5867018898832,2398.008829843738
astar,13.269021766445976,183.58135166958388,2405.875528565099
astar,13.31187243738588,183.5755094147557,2413.7419874839256
astar,13.354723108325786,183.5692175251271,2421.608186424637
astar,13.39757377926569,183.56252111020868,2429.4741070865657
astar,13.440424450205594,183.5554674888588,2437.3397331493547
astar,13.4832751211455,183.54810565318732,2445.2050503561413
astar,13.526125792085406,183.54048569995913,2453.070046573075
astar,13.568976463025308,183.53265823288282,2460.934711823846
astar,13.611827133965214,183.5246737393879,2468.799038298058
astar,13.654677804905118,183.5165819456928,2476.663020332423
astar,13.697528475845022,183.5084311541554,2484.526654363951
astar,13.740379146784928,183.5002675670725,2492.389938854444
astar,13.783229817724832,183.49213460125185,2500.252874185824
astar,13.826080488664736,183.48407219782453,2508.1154625259846
astar,13.868931159604642,183.47611613189136,2515.9777076650657
astar,13.911781830544546,183.4682973267049,2523.839614822241
astar,13.95463250148445,183.46064117718169,2531.70119042332
astar,13.997483172424356,183.45316688760948,2539.562441849666
astar,14.040333843364262,183.44588682846899,2547.423377159141
astar,14.083184514304167,183.43880591732275,2555.28400478001
astar,14.12603518524407,183.43192102873667,2563.1443331789346
astar,14.168885856183977,183.42522043819528,2571.004370504412
astar,14.21173652712388,183.41868330493907,2578.8641242072154
astar,14.254587198063785,183.41227919860856,2586.7236006396192
astar,14.29743786900369,183.40596767450725,2594.582804635376
astar,14.340288539943595,183.39969790220042,2602.4417390726358
astar,14.383139210883499,183.3934083520605,2610.300404422199
astar,14.425989881823405,183.38702654422636,2618.1587982836672
astar,14.46884055276331,183.3804688642932,2626.0169149122694
astar,14.511691223703213,183.373640449868,2633.8747447393084
astar,14.554541894643119,183.36643515192688,2641.7322738893527
astar,14.597392565583025,183.35873557469048,2649.589483697446
astar,14.640243236522927,183.35041319749064,2657.4463502297904
astar,14.683093907462833,183.3413285818432,2665.302843811474
astar,14.725944578402737,183.3313316666565,2673.158928564958
astar,14.768795249342642,183.32026215420962,2681.0145619631626
astar,14.811645920282547,183.3079499892122,2688.8696944010844
astar,14.854496591222452,183.29421593292517,2696.724268789977
astar,14.897347262162356,183.2788722339671,2704.578220178209
astar,14.940197933102262,183.261723397065,2712.43147540296
astar,14.983048604042168,183.242567050626,2720.283952776979
astar,15.025899274982072,183.22119491360974,2728.135561814643
astar,15.068749945921976,183.19739386177815,2735.986203001582
astar,15.111600616861882,183.17094709297706,2743.8357676121077
astar,15.154451287801786,183.14163539068372,2751.684137578685
astar,15.19730195874169,183.1092384846157,2759.531185417626
astar,15.240152629681596,183.07353650676333,2767.376774215135
astar,15.2830033006215,183.03431154076029,2775.2207576777355
astar,15.325853971561404,182.99134926206835,2783.062980251047
astar,15.36870464250131,182.94444066600659,2790.9032773107183
astar,15.411555313441214,182.89338388021244,2798.7414754292186
astar,15.454405984381118,182.83798605769218,2806.5773927220234
astar,15.497256655321024,182.7780653461833,2814.410839276551
astar,15.54010732626093,182.7134529291374,2822.241617667022
astar,15.582957997200834,182.64399513322275,2830.069523558204
astar,15.625808668140738,182.5695555968573,2837.894346400768
astar,15.668659339080644,182.4900174939043,2845.7158702207553
astar,15.711510010020548,182.40528580631644,2853.5338745053723
astar,15.754360680960453,182.3152896391788,2861.348135187086
astar,15.797211351900357,182.2199845713027,2869.1584257276763
astar,15.84006202284026,182.11935503424783,2876.964518303626
astar,15.882912693780167,182.01341671241147,2884.766185093902
astar,15.925763364720073,181.90221895662006,2892.563199670872
astar,15.968614035659975,181.78584720349687,2900.3553384947704
astar,16.01146470659988,181.66442539275985,2908.142382511791
astar,16.054315377539787,181.53811837453173,2915.924118855545
astar,16.097166048479693,181.40713429872508,2923.7003426512965
astar,16.140016719419595,181.27172697859896,2931.470858922023
astar,16.1828673903595,181.13219822067882,2939.2354845950454
astar,16.225718061299403,180.98890011338835,2946.9940506076
astar,16.26856873223931,180.84223726696655,2954.7464041094486
astar,16.311419403179215,180.69266899754376,2962.4924107602637
astar,16.35427007411912,180.54071144862226,2970.231957119268
astar,16.397120745059024,180.3869396436679,2977.9649531243017
astar,16.43997141599893,180.23198946406126,2985.69133465725
astar,16.482822086938835,180.07655954729628,2993.4110661925106
astar,16.525672757878738,179.92141310105222,3001.1241435250035
astar,16.568523428818644,179.76737962960462,3008.83059657404
astar,16.61137409975855,179.61535656999897,3016.5304922592263
astar,16.654224770698455,179.46631083648123,3024.2239374445203
astar,16.697075441638358,179.32128027288434,3031.911081946494
astar,16.739926112578264,179.1813750140038,3039.5921216028846
astar,16.782776783518166,179.04777875848046,3047.267301397577
astar,16.825627454458072,178.92174995734507,3054.936918638334
astar,16.868478125397978,178.80462292418542,3062.6013261837707
astar,16.911328796337884,178.69780887487912,3070.2609357163897
astar,16.954179467277786,178.6027969070122,3077.9162210588834
astar,16.99703013821769,178.52115493148548,3085.567721531378
astar,17.039880809157594,178.45453057141927,3093.216045347894
astar,17.0827314800975,178.40465204631133,3100.861873051012
astar,17.125582151037406,178.3733290625122,3108.505960984561
astar,17.168432821977312,178.36245373446835,3116.149144805123
astar,17.26312032197731,178.78760365560643,3133.057967834684
astar,17.35780782197731,179.20163337395945,3150.0065207753023
astar,17.452495321977313,179.6045143764848,3166.993749332863
astar,17.547182821977312,179.9962257428406,3184.018596872887
astar,17.64187032197731,180.37675407455484,3201.0800051361166
astar,17.73655782197731,180.74609346674748,3218.1769149494
astar,17.831245321977313,181.10424551066473,3235.308266935362
astar,17.925932821977312,181.45121931660364,3252.473002223278
astar,18.02062032197731,181.78703154803463,3269.6700631626504
astar,18.11530782197731,182.1117064588799,3286.898394040165
astar,18.209995321977313,182.4252759269812,3304.156941799996
astar,18.304682821977313,182.7277794777821,3321.444656766815
astar,18.39937032197731,183.01926429318024,3338.7604933703465
astar,18.49405782197731,183.2997852013566,3356.103410869853
astar,18.588745321977314,183.5694046441828,3373.4723740766035
astar,18.683432821977313,183.82819261953202,3390.866354072057
astar,18.778120321977312,184.07622659648788,3408.2843289193156
astar,18.87280782197731,184.31359140205473,3425.725284365184
astar,18.967495321977314,184.54037907852856,3443.1882145301247
astar,19.062182821977313,184.75668871118987,3460.672122583294
astar,19.156870321977312,184.96262622643482,3478.176021399872
astar,19.25155782197731,185.15830416086746,3495.6989341978956
astar,19.346245321977314,185.3438414022363,3513.2398951518994
astar,19.440932821977313,185.5193629034225,3530.797949980745
astar,19.535620321977312,185.68499937096263,3548.372156507173
astar,19.63030782197731,185.8408869298348,3565.961585186726
astar,19.72499532197731,185.98716676644295,3583.5653196039093
astar,19.819682821977313,186.12398475190759,3601.1824569336068
astar,19.914370321977312,186.25149104791373,3618.8121083660044
astar,20.00905782197731,186.36983969748053,3636.4533994934814
astar,20.10374532197731,186.47918820310113,3654.1054706581494
astar,20.198432821977313,186.579697094763,3671.7674772589708
astar,20.293120321977312,186.67152949039328,3689.4385900176117
astar,20.38780782197731,186.75485065128947,3707.1179952024445
astar,20.48249532197731,186.82982753508665,3724.8048948103306
astar,20.577182821977313,186.89662834879033,3742.4985067060834
astar,20.671870321977313,186.95542210435914,3760.1980647197247
astar,20.76655782197731,187.0063781792642,3777.902818701902
astar,20.86124532197731,187.04966588437733,3795.61203453804
astar,20.955932821977314,187.08545404145974,3813.3249941220292
astar,21.050620321977313,187.11391057241798,3831.0409952904674
astar,21.145307821977312,187.13520210239366,3848.7593517186656
astar,21.23999532197731,187.14949357863097,3866.479392779814
astar,21.33468282197731,187.15694790694587,3884.2004633688966
astar,21.429370321977313,187.1577256074863,3901.9219236930962
astar,21.524057821977312,187.15198449133638,3919.643149030587
astar,21.61874532197731,187.13987935937644,3937.3635294597693
astar,21.713432821977314,187.121561724665,3955.0824695610922
astar,21.808120321977313,187.0971795594584,3972.7993880937624
astar,21.902807821977312,187.06687706783688,3990.513717649711
astar,21.99749532197731,187.03079448475185,4008.2249042872786
astar,22.09218282197731,186.98906790215744,4025.9324071471588
astar,22.186870321977313,186.9418291227417,4043.635698053182
astar,22.281557821977312,186.88920554161683,4061.3342611005723
astar,22.37624532197731,186.83132005618626,4079.027592234343
astar,22.470932821977314,186.76829100425567,4096.715198820486
astar,22.565620321977313,186.7002321303154,4114.396599212638
astar,22.660307821977312,186.6272525797815,4132.071322316881
astar,22.75499532197731,186.54945692084794,4149.738907157302
astar,22.84968282197731,186.4669451934731,4167.398902444901
astar,22.94437032197731,186.37981298489717,4185.050866152408
astar,23.039057821977313,186.28815153096787,4202.694365097456
astar,23.13374532197731,186.192047842438,4220.328974536541
astar,23.228432821977314,186.09158485529065,4237.954277772074
astar,23.323120321977314,185.9868416040443,4255.569865774758
astar,23.417807821977313,185.87789341689825,4273.175336823406
astar,23.512495321977312,185.76481213148813,4290.770296164212
astar,23.60718282197731,185.64766632994113,4308.35435569137
astar,23.701870321977314,185.5265215918474,4325.927133650793
astar,23.796557821977313,185.4014407636955,4343.488254368563
astar,23.891245321977312,185.27248424326348,4361.0373480056105
astar,23.98593282197731,185.13971027740422,4378.574050339948
astar,24.080620321977314,185.00317527161846,4396.098002577661
astar,24.175307821977313,184.86293410977552,4413.608851193686
astar,24.269995321977312,184.71904048231067,4431.10624780328
astar,24.36468282197731,184.5715472212076,4448.589849064868
astar,24.45937032197731,184.42050664006112,4466.059316614862
astar,24.554057821977313,184.2659708775084,4483.514317034835
astar,24.648745321977312,184.10799224231903,4500.9545218512885
astar,24.74343282197731,183.94662355844153,4518.379607568106
astar,24.838120321977314,183.78191850831925,4535.789255731579
astar,24.932807821977313,183.61393197281353,4553.183153027795
astar,25.027495321977312,183.44272036609644,4570.560991411965
astar,25.12218282197731,183.26834196391573,4587.922468269151
astar,25.21687032197731,183.0908572236744,4605.267286605688
astar,25.31155782197731,182.9103290948139,4622.595155270454
astar,25.406245321977313,182.72682331804822,4639.9057892050005
astar,25.50093282197731,182.54040871205177,4657.1989097214255
astar,25.595620321977314,182.35115744626995,4674.474244806734
astar,25.690307821977314,182.15914529859273,4691.7315294523105
astar,25.784995321977313,181.96445189670445,4708.9705060070255
astar,25.879682821977312,181.76716094200376,4726.1909245523575
astar,25.97437032197731,181.56736041506855,4743.392543297856
astar,26.06905782197731,181.3651427617317,4760.575128995132
astar,26.163745321977313,181.16060505892008,4777.738457368517
astar,26.258432821977312,180.9538491595046,4794.88231356042
astar,26.35312032197731,180.7449818155067,4812.006492589393
astar,26.447807821977314,180.53411477910305,4829.1107998187945
astar,26.542495321977313,180.32136488097288,4846.195051433951
astar,26.637182821977312,180.1068540856344,4863.2590749256515
astar,26.73187032197731,179.89070952352037,4880.3027095777725
astar,26.82655782197731,179.6730634996474,4897.325806956838
astar,26.921245321977313,179.45405347884014,4914.328231401289
astar,27.015932821977312,179.23382204757442,4931.309860508242
astar,27.110620321977315,179.01251685261215,4948.270585615549
astar,27.205307821977314,178.79029051670145,4965.2103122769395
astar,27.299995321977313,178.5673005317223,4982.128960728138
astar,27.394682821977312,178.34370912975822,4999.026466341798
astar,27.48937032197731,178.11968313267678,5015.902780069223
astar,27.58405782197731,177.89539378089825,5032.75786886685
astar,27.678745321977313,177.6710165421286,5049.591716105581
astar,27.773432821977313,177.44673090092735,5066.4043219610885
astar,27.868120321977315,177.2227201300682,5083.195703783338
astar,27.962807821977314,176.99917104474008,5099.965896443645
astar,28.057495321977314,176.77627374071457,5116.714952657706
astar,28.152182821977313,176.55422131768844,5133.442943283127
astar,28.246870321977312,176.33320958908286,5150.149957590119
astar,28.34155782197731,176.11343677964558,5166.836103504138
astar,28.43624532197731,175.89510321227408,5183.50150781938
astar,28.53093282197731,175.6784109855294,5200.146316382182
astar,28.625620321977312,175.46356364336702,5216.770694243519
astar,28.72030782197731,175.2507658386569,5233.374825779933
astar,28.814995321977314,175.04022299210573,5249.95891478239
astar,28.909682821977313,174.83214094822958,5266.52318451269
astar,29.004370321977312,174.62672563005114,5283.067877727255
astar,29.09905782197731,174.4241826942185,5299.593256668232
astar,29.19374532197731,174.22471718825707,5316.099603022043
astar,29.288432821977313,174.02853321166825,5332.587217845665
astar,29.383120321977312,173.83583358259654,5349.05642146108
astar,29.477807821977315,173.64681951176942,5365.507553318517
astar,29.572495321977314,173.4616902854069,5381.940971829227
astar,29.667182821977313,173.28064295876874,5398.357054168756
astar,29.761870321977312,173.1038720619831,5414.75619605177
astar,29.85655782197731,172.93156931975412,5431.138811479686
astar,29.95124532197731,172.76392338650845,5447.505332462499
astar,30.045932821977313,172.60111959848123,5463.85620871632
astar,30.140620321977313,172.44333974418407,5480.191907338324
astar,30.235307821977315,172.29076185462813,5496.512912460894
astar,30.329995321977314,172.14356001459828,5512.81972488689
astar,30.424682821977314,172.00190419619457,5529.112861708119
astar,30.519370321977313,171.86596011576174,5545.392855909138
astar,30.614057821977312,171.73588911523487,5561.660255958668
astar,30.70874532197731,171.611848068823,5577.915625390976
astar,30.80343282197731,171.49398931584273,5594.159542379656
astar,30.89812032197731,171.38246062039659,5610.392599306325
astar,30.992807821977312,171.27740515846932,5626.615402326794
astar,31.08749532197731,171.17896153288837,5642.828570937338
astar,31.182182821977314,171.08726381645852,5659.032737543721
astar,31.276870321977313,171.00244162344703,5675.228547035641
astar,31.371557821977312,170.92462020945234,5691.4166563692925
astar,31.46624532197731,170.8539205995415,5707.597734160719
astar,31.56093282197731,170.7904597443987,5723.772460292626
astar,31.655620321977313,170.73435070406939,5739.941525537297
astar,31.750307821977312,170.68570285873676,5756.105631198161
astar,31.844995321977315,170.64462214581073,5772.265488772596
astar,31.939682821977314,170.61121132245486,5788.421819638359
astar,32.03437032197731,170.58557025252207,5804.575354766049
astar,32.12905782197731,170.56779621671708,5820.726834459827
astar,32.22374532197731,170.557984244651,5836.877008128545
astar,32.31843282197731,170.55622746730506,5853.026634089282
astar,32.41312032197732,170.56261748827296,5869.176479405149
astar,32.50780782197731,170.57724477201492,5885.327319759032
astar,32.602495321977315,170.60019904721605,5901.47993936485
astar,32.697182821977314,170.6315697232177,5917.635130917575
astar,32.79187032197731,170.67144631736664,5933.7936955832465
astar,32.88655782197731,170.7199188910179,5949.956443029831
astar,32.98124532197731,170.77707849182465,5966.124191499674
astar,33.07593282197731,170.84301759985786,5982.297767924015
astar,33.17062032197731,170.91783057502448,5998.478008079795
astar,33.265307821977316,171.00161410318748,6014.66575678878
astar,33.35999532197731,171.09446763834475,6030.861868158729
astar,33.454682821977315,171.19649383819717,6047.067205866135
astar,33.54937032197731,171.30779899041994,6063.282643479738
astar,33.64405782197731,171.42849342696653,6079.509064823875
astar,33.73874532197731,171.5586919237612,6095.747364380323
astar,33.83343282197731,171.6985140831949,6111.998447727215
astar,33.92812032197732,171.8480846969192,6128.263232013212
astar,34.02280782197731,172.00753408653858,6144.54264646499
astar,34.117495321977316,172.17699841994542,6160.837632925844
astar,34.21218282197731,172.35662000120232,6177.149146422969
astar,34.306870321977314,172.5465475320877,6193.478155760875
astar,34.40155782197731,172.74693634365042,6209.825644138116
astar,34.49624532197731,172.957948596401,6226.192609784497
astar,34.59093282197731,173.17975344807695,6242.580066615666
astar,34.68562032197731,173.41252718828113,6258.989044902043
astar,34.78030782197732,173.6564533396917,6275.420591948915
astar,34.87499532197731,173.91172272599195,6291.875772784523
astar,34.969682821977315,174.1785335071654,6308.355670853063
astar,35.064370321977314,174.45709118335495,6324.861388709505
astar,35.15905782197731,174.74760856908492,6341.39404871341
astar,35.25374532197731,175.05030574031332,6357.954793718995
astar,35.34843282197731,175.3654099574984,6374.544787759062
astar,35.44312032197731,175.6931555686547,6391.165216720691
astar,35.53780782197731,176.03378389722,6407.817289011028
astar,35.632495321977316,176.3875431204811,6424.5022362120235
astar,35.72718282197731,176.75468814529466,6441.221313723511
astar,35.821870321977315,177.13548048890917,6457.975801394788
astar,35.91655782197731,177.53018817384154,6474.7670041455385
astar,36.01124532197731,177.93908564698833,6491.596252577994
astar,36.10593282197731,178.36245373446835,6508.464903583085
astar,36.18392222029529,178.36573687727025,6522.3754120575195
astar,36.26191161861327,178.3751932330665,6536.286417304871
astar,36.33990101693124,178.3902524398704,6550.19837852921
astar,36.41789041524922,178.41036963268036,6564.111711446668
astar,36.49587981356719,178.43502535399628,6578.026790270444
astar,36.573869211885174,178.46372557320643,6591.943949693069
astar,36.65185861020315,178.49600178096918,6605.86348687312
astar,36.729848008521124,178.53141112859214,6619.785663431039
astar,36.8078374068391,178.56953658604587,6633.710707456561
astar,36.88582680515708,178.60998709562844,6647.638815528279
astar,36.963816203475055,178.65239770145462,6661.570154744264
astar,37.04180560179303,178.6964296378691,6675.5048647611775
astar,37.119795000111004,178.74177036260005,6689.443059838126
astar,37.197784398428986,178.78813352297888,6703.384830880487
astar,37.27577379674696,178.8352588458692,6717.330247478127
astar,37.353763195064936,178.88291194407464,6731.279359931784
astar,37.43175259338291,178.9308840339479,6745.232201260882
astar,37.50974199170089,178.97899156070358,6759.188789185728
astar,37.58773139001887,179.0270757295577,6773.149128076803
astar,37.66572078833684,179.07500194228115,6787.113210863825
astar,37.743710186654816,179.12265914007787,6801.081020897184
astar,37.8216995849728,179.16995905487502,6815.052533754584
astar,37.89968898329077,179.21683537216703,6829.027718985821
astar,37.97767838160875,179.2632428094779,6843.006541789005
astar,38.05566777992672,179.30915611531583,6856.988964611794
astar,38.133657178244704,179.35456899419128,6870.974948671682
astar,38.21164657656268,179.3994929638609,6884.964455389801
astar,38.28963597488065,179.4439561514565,6898.957447733226
astar,38.367625373198635,179.48800203555774,6912.953891461277
astar,38.44561477151661,179.53168814158388,6926.953756271887
astar,38.523604169834584,179.57508469811492,6940.957016844726
astar,38.60159356815256,179.6182732619109,6954.9636537782835
astar,38.67958296647054,179.6613453194881,6968.973654418822
astar,38.757572364788516,179.7044008731342,6982.987013579648
astar,38.83556176310649,179.74754701920972,6997.003734149822
astar,38.913551161424465,179.79089652649023,7011.023827591977
astar,38.99154055974245,179.83456642216518,7025.047314329573
astar,39.06952995806042,179.87867659291587,7039.07422402445
astar,39.147519356378396,179.92334840827027,7053.104595746166
astar,39.22550875469637,179.96870337316167,7067.138478035094
astar,39.30349815301435,180.0148618163149,7081.175928861839
astar,39.38148755133233,180.06194162075437,7095.217015485997
astar,39.4594769496503,180.11005700236808,7109.261814217797
astar,39.53746634796828,180.15931734207814,7123.310410086556
astar,39.61545574628626,180.20982607677033,7137.362896420357
astar,39.69344514460423,180.2616796537127,7151.4193743417045
astar,39.77143454292221,180.314966552765,7165.479952184282
astar,39.84942394124018,180.36976638023597,7179.544744836245
astar,39.927413339558164,180.42614903779585,7193.613873015764
astar,40.00540273787614,180.48417396939644,7207.687462484802
astar,40.083392136194114,180.54388948869115,7221.765643207303
astar,40.16138153451209,180.6053321889904,7235.848548458126
astar,40.23937093283007,180.66852643732946,7249.936313889267
astar,40.317360331148045,180.73348395377263,7264.029076559921
astar,40.39534972946602,180.8002034766315,7278.126973937109
astar,40.473339127784,180.8686705138338,7292.230142873538
astar,40.551328526101976,180.93885718025075,7306.338718569426
astar,40.62931792441995,181.0107221203704,7320.452833524976
astar,40.707307322737925,181.08421051529902,7334.572616490098
astar,40.78529672105591,181.15925417267854,7348.698191417916
astar,40.86328611937388,181.23577169773267,7362.829676428446
astar,40.94127551769186,181.31366874329032,7376.967182788703
astar,41.01926491600983,181.39283833629418,7391.110813915278
astar,41.09725431432781,181.47316127797507,7405.260664405263
astar,41.17524371264579,181.5545066145674,7419.416819101121
astar,41.25323311096376,181.6367321751538,7433.579352194906
astar,41.331222509281744,181.7196851729645,7447.7483263768845
astar,41.40921190759972,181.8032028662071,7461.923792033378
astar,41.487201305917694,181.88711327428712,7476.105786498314
astar,41.56519070423567,181.97123594507218,7490.294333362609
astar,41.64318010255364,182.05538276867915,7504.489441845215
astar,41.721169500871625,182.13935883310617,7518.691106229263
astar,41.7991588991896,182.22296331689765,7532.899305366373
astar,41.877148297507574,182.3059904139234,7547.114002251847
astar,41.955137695825556,182.38823028526184,7561.335143673034
astar,42.03312709414353,182.4694700331141,7575.562659932789
astar,42.111116492461505,182.54949469163728,7589.796464649556
astar,42.18910589077948,182.62808822955677,7604.036454635174
astar,42.26709528909746,182.70503455942932,7618.282509851145
astar,42.34508468741544,182.7801185484452,7632.5344934436625
astar,42.42307408573341,182.8531270257067,7646.7922518573505
astar,42.501063484051386,182.9238497809838,7661.055615027211
astar,42.57905288236937,182.9920805500349,7675.324396647951
astar,42.65704228068734,183.0576179816858,7689.598394519434
astar,42.73503167900532,183.12026658198457,7703.877390966669
astar,42.81302107732329,183.17983763089237,7718.161153332356
astar,42.891010475641274,183.23615006713192,7732.449434539685
astar,42.96899987395925,183.28903133699066,7746.741973722732
astar,43.04698927227722,183.3383182030709,7761.038496921504
astar,43.1249786705952,183.38385750918573,7775.338717838333
astar,43.20296806891318,183.42550689782323,7789.642338652085
astar,43.280957467231154,183.46313547683744,7803.949050886334
astar,43.35894686554913,183.4966244322707,7818.258536327444
astar,43.43693626386711,183.52586758447632,7832.57046798822
astar,43.514925662185085,183.55077188497341,7846.884511112623
astar,43.59291506050306,183.57125785175353,7861.200324216843
astar,43.670904458821035,183.58725994103847,7875.517560161833
astar,43.74889385713901,183.59872685378932,7889.835867252294
astar,43.82688325545699,183.60562177556528,7904.154890356968
astar,43.904872653774966,183.6079225486361,7918.474272044996
astar,43.98286205209294,183.60562177556528,7932.793653733023
astar,44.06085145041092,183.59872685378932,7947.112676837698
astar,44.1388408487289,183.58725994103847,7961.430983928159
astar,44.21683024704687,183.57125785175353,7975.748219873149
astar,44.294819645364846,183.55077188497341,7990.064032977369
astar,44.37280904368282,183.52586758447632,8004.3780761017715
astar,44.4507984420008,183.4966244322707,8018.690007762548
astar,44.52878784031878,183.46313547683744,8032.999493203658
astar,44.60677723863675,183.42550689782323,8047.306205437907
astar,44.684766636954734,183.3838575091857,8061.609826251659
astar,44.76275603527271,183.3383182030709,8075.910047168488
astar,44.84074543359068,183.28903133699066,8090.20657036726
astar,44.918734831908665,183.23615006713192,8104.499109550308
astar,44.99672423022664,183.17983763089237,8118.787390757636
astar,45.074713628544615,183.12026658198457,8133.071153123323
astar,45.15270302686259,183.0576179816858,8147.350149570558
astar,45.230692425180564,182.9920805500349,8161.62414744204
astar,45.308681823498546,182.92384978098377,8175.89292906278
astar,45.38667122181652,182.8531270257067,8190.156292232641
astar,45.464660620134495,182.7801185484452,8204.41405064633
astar,45.54265001845248,182.70503455942932,8218.66603423885
astar,45.62063941677045,182.62808822955677,8232.91208945482
astar,45.698628815088426,182.54949469163734,8247.152079440437
astar,45.7766182134064,182.46947003311413,8261.385884157204
astar,45.854607611724376,182.38823028526184,8275.613400416958
astar,45.93259701004236,182.3059904139234,8289.834541838145
astar,46.01058640836033,182.22296331689765,8304.049238723619
astar,46.08857580667831,182.13935883310617,8318.257437860728
astar,46.16656520499629,182.05538276867915,8332.459102244777
astar,46.24455460331426,181.97123594507218,8346.654210727384
astar,46.32254400163224,181.88711327428715,8360.842757591678
astar,46.40053339995022,181.80320286620707,8375.024752056614
astar,46.478522798268195,181.7196851729645,8389.200217713107
astar,46.55651219658617,181.6367321751538,8403.369191895084
astar,46.634501594904144,181.55450661456734,8417.53172498887
astar,46.71249099322212,181.47316127797507,8431.687879684729
astar,46.7904803915401,181.39283833629418,8445.837730174713
astar,46.868469789858075,181.31366874329032,8459.981361301288
astar,46.94645918817605,181.23577169773267,8474.118867661546
astar,47.02444858649403,181.15925417267854,8488.250352672077
astar,47.102437984812,181.08421051529902,8502.375927599893
astar,47.18042738312998,181.0107221203704,8516.495710565016
astar,47.258416781447956,180.93885718025075,8530.609825520565
astar,47.33640617976593,180.8686705138338,8544.718401216453
astar,47.41439557808391,180.8002034766315,8558.821570152882
astar,47.49238497640189,180.73348395377263,8572.91946753007
astar,47.57037437471986,180.66852643732946,8587.012230200724
astar,47.64836377303784,180.6053321889904,8601.099995631865
astar,47.72635317135582,180.54388948869115,8615.182900882688
astar,47.80434256967379,180.48417396939644,8629.261081605187
astar,47.88233196799177,180.42614903779585,8643.334671074226
astar,47.96032136630974,180.36976638023597,8657.403799253743
astar,48.038310764627724,180.314966552765,8671.468591905706
astar,48.1163001629457,180.2616796537127,8685.529169748284
astar,48.19428956126367,180.20982607677033,8699.585647669632
astar,48.272278959581655,180.15931734207814,8713.638134003433
astar,48.35026835789963,180.11005700236808,8727.686729872192
astar,48.428257756217604,180.06194162075437,8741.731528603992
astar,48.506247154535586,180.0148618163149,8755.772615228152
astar,48.58423655285356,179.96870337316167,8769.810066054895
astar,48.662225951171536,179.92334840827027,8783.843948343823
astar,48.74021534948951,179.87867659291587,8797.874320065539
astar,48.818204747807485,179.83456642216518,8811.901229760415
astar,48.89619414612547,179.79089652649031,8825.92471649801
astar,48.97418354444344,179.74754701920972,8839.944809940165
astar,49.052172942761416,179.7044008731342,8853.96153051034
astar,49.13016234107939,179.6613453194881,8867.974889671166
astar,49.208151739397366,179.6182732619109,8881.984890311704
astar,49.28614113771535,179.57508469811486,8895.991527245262
astar,49.36413053603332,179.53168814158383,8909.994787818101
astar,49.4421199343513,179.48800203555774,8923.994652628711
astar,49.52010933266928,179.4439561514565,8937.991096356762
astar,49.59809873098725,179.3994929638609,8951.984088700186
astar,49.67608812930523,179.35456899419128,8965.973595418305
astar,49.75407752762321,179.30915611531583,8979.959579478193
astar,49.832066925941184,179.2632428094779,8993.94200230098
astar,49.91005632425916,179.21683537216703,9007.920825104164
astar,49.988045722577134,179.16995905487502,9021.8960103354
astar,50.06603512089511,179.12265914007787,9035.8675231928
astar,50.14402451921309,179.07500194228115,9049.83533322616
astar,50.222013917531065,179.0270757295577,9063.799416013182
astar,50.30000331584904,178.97899156070358,9077.759754904258
astar,50.37799271416702,178.9308840339479,9091.716342829104
astar,50.455982112484996,178.88291194407464,9105.669184158203
astar,50.53397151080297,178.8352588458692,9119.618296611861
astar,50.61196090912095,178.78813352297888,9133.563713209502
astar,50.68995030743893,178.74177036260005,9147.505484251862
astar,50.7679397057569,178.6964296378691,9161.44367932881
astar,50.84592910407488,178.65239770145462,9175.378389345724
astar,50.92391850239285,178.60998709562844,9189.309728561708
astar,51.00190790071083,178.56953658604587,9203.237836633427
astar,51.07989729902881,178.53141112859214,9217.162880658949
astar,51.15788669734678,178.49600178096918,9231.08505721687
astar,51.235876095664764,178.46372557320643,9245.00459439692
astar,51.31386549398274,178.43502535399628,9258.921753819544
astar,51.391854892300714,178.41036963268036,9272.83683264332
astar,51.46984429061869,178.3902524398704,9286.750165560778
astar,51.54783368893666,178.3751932330665,9300.662126785115
astar,51.625823087254645,178.36573687727025,9314.573132032467
astar,51.70381248557262,178.36245373446835,9328.483640506902
astar,51.72947318935443,178.3756672271566,9333.06071613174
astar,51.75513389313623,178.41372420422462,9337.638449574746
astar,51.78079459691804,178.47432469276563,9342.217448827752
astar,51.80645530069985,178.55526805183032,9346.798264138131
astar,51.83211600448166,178.6544515920999,9351.381390540015
astar,51.857776708263465,178.76986910245628,9355.967270348892
astar,51.883437412045275,178.89960928862985,9360.556295617287
astar,51.909098115827085,179.04185412949457,9365.148810549286
astar,51.934758819608895,179.19487715683528,9369.745113871937
astar,51.9604195233907,179.3570416645589,9374.345461161574
astar,51.98608022717251,179.5267988533753,9378.950067123378
astar,52.01174093095432,179.70268591695827,9383.55910782257
astar,52.03740163473613,179.88332407552,9388.17272286582
astar,52.06306233851793,180.06741656261428,9392.791017531597
astar,52.08872304229974,180.25374657083103,9397.414064848339
astar,52.11438374608155,180.44117516186589,9402.041907619432
astar,52.14004444986335,180.6286391462551,9406.674560394187
astar,52.16570515364516,180.81514893786274,9411.312011384089
astar,52.19136585742697,180.9997863879948,9415.954224323705
astar,52.21702656120878,181.18170260380285,9420.601140275841
astar,52.242687264990586,181.36011575543174,9425.252679380557
astar,52.268347968772396,181.53430887615394,9429.908742547828
astar,52.294008672554206,181.70362765953345,9434.569213093708
astar,52.319669376336016,181.86747825746312,9439.233958319988
astar,52.34533008011782,182.0253250827297,9443.902831037409
astar,52.37099078389963,182.1766886195737,9448.575671032586
astar,52.39665148768144,182.3211432455375,9453.252306478887
astar,52.42231219146324,182.45831506771793,9457.93255529162
astar,52.44797289524505,182.58787977637832,9462.616226427905
astar,52.47363359902686,182.70956051871178,9467.303121131737
astar,52.49929430280867,182.82312579539195,9471.993034124775
astar,52.524955006590474,182.9283873823974,9476.685754743476
astar,52.550615710372284,183.02519828044885,9481.38106802327
astar,52.576276414154094,183.11345069425224,9486.078755730476
astar,52.601937117935904,183.19307404360313,9490.778597342796
astar,52.62759782171771,183.2640330082684,9495.480370979194
astar,52.65325852549952,183.32632560842492,9500.18385428006
astar,52.67891922928133,183.37998132230325,9504.888825238595
astar,52.70457993306313,183.42505924255042,9509.5950629844
astar,52.73024063684494,183.46164627269798,9514.302348520254
astar,52.75590134062675,183.4898553649917,9519.010465413161
astar,52.78156204440856,183.50982380071306,9523.719200440706
astar,52.80722274819036,183.5217115139966,9528.428344193851
astar,52.83288345197217,183.52569946002504,9533.137691637294
astar,52.85854415575398,183.5219880283602,9537.847042628513
astar,52.88420485953579,183.51079550204906,9542.556202396707
astar,52.909865563317595,183.49235656302457,9547.264981982771
astar,52.935526267099405,183.46692084420621,9551.973198641537
astar,52.961186970881215,183.43475152859006,9556.680676207441
astar,52.986847674663025,183.39612399550717,9561.387245424865
astar,53.01250837844483,183.35132451412204,9566.092744244334
astar,53.03816908222664,183.30064898413357,9570.79701808581
astar,53.06382978600845,183.24440172354343,9575.499920070259
astar,53.08949048979025,183.18289430325365,9580.201311220713
astar,53.11515119357206,183.11644442816163,9584.901060634043
astar,53.14081189735387,183.0453748643306,9589.59904562458
astar,53.16647260113568,182.9700124117234,9594.295151840817
astar,53.19213330491748,182.89068692190693,9598.98927335632
astar,53.21779400869929,182.80773036005496,9603.681312735995
astar,53.2434547124811,182.72147591050313,9608.37118107885
astar,53.26911541626291,182.63225712504175,9613.058798038352
astar,53.294776120044716,182.54040711306644,9617.744091821465
astar,53.320436823826526,182.44625777264895,9622.426999167437
astar,53.346097527608336,182.35013906153583,9627.107465307354
astar,53.371758231390146,182.25237830703392,9631.785443905503
astar,53.39741893517195,182.15329955369774,9636.460896983499
astar,53.42307963895376,182.0532229476974,9641.133794828154
astar,53.44874034273557,181.95246415670994,9645.804115883995
astar,53.47440104651737,181.85133382415052,9650.471846631335
astar,53.50006175029918,181.75013705653916,9655.136981450785
astar,53.52572245408099,181.64917294277774,9659.799522474988
astar,53.5513831578628,181.54873410410212,9664.45947942844
astar,53.577043861644604,181.44910627346653,9669.116869456122
astar,53.602704565426414,181.35056790311376,9673.771716941714
astar,53.628365269208224,181.25338979908818,9678.424053316068
astar,53.654025972990034,181.15783478145354,9683.07391685665
astar,53.67968667677184,181.06415736899083,9687.721352478564
astar,53.70534738055365,180.97260348716338,9692.366411517793
astar,53.73100808433546,180.88341019815982,9697.009151507216
astar,53.75666878811726,180.79680545184465,9701.649635945983
astar,53.78232949189907,180.71300785647486,9706.287934062744
astar,53.80799019568088,180.63222646807125,9710.924120573229
astar,53.83365089946269,180.55466059736466,9715.558275432659
astar,53.85931160324449,180.48049963327608,9720.190483583407
astar,53.8849723070263,180.40992288192584,9724.820834698334
astar,53.91063301080811,180.34309942021176,9729.449422920177
astar,53.93629371458992,180.28018796303613,9734.07634659736
astar,53.961954418371725,180.2213367433127,9738.701708016548
astar,53.987615122153535,180.16668340392775,9743.325613132303
astar,54.013275825935345,180.116354900883,9747.948171294078
astar,54.03893652971715,180.0704674168979,9752.569494970881
astar,54.06459723349896,180.02912628480232,9757.189699473845
astar,54.09025793728077,179.9924259201049,9761.808902676945
astar,54.11591864106258,179.96044976217746,9766.427224736091
astar,54.14157934484438,179.93327022355336,9771.044787806833
astar,54.16724004862619,179.91094864689305,9775.661715760849
astar,54.192900752408,179.89353526922986,9780.278133901418
astar,54.21856145618981,179.88106919316735,9784.894168678082
astar,54.24422215997161,179.87357836475707,9789.509947400637
astar,54.26988286375342,179.8710795578482,9794.125597952656
astar,54.29554356753523,179.87357836475707,9798.741248504675
astar,54.32120427131704,179.88106919316735,9803.357027227232
astar,54.346864975098846,179.89353526922986,9807.973062003894
astar,54.372525678880656,179.91094864689305,9812.589480144463
astar,54.398186382662466,179.93327022355336,9817.206408098478
astar,54.42384708644427,179.96044976217746,9821.82397116922
astar,54.44950779022608,179.9924259201049,9826.442293228367
astar,54.47516849400789,180.02912628480232,9831.061496431466
astar,54.5008291977897,180.0704674168979,9835.68170093443
astar,54.5264899015715,180.116354900883,9840.303024611234
astar,54.55215060535331,180.16668340392775,9844.925582773009
astar,54.57781130913512,180.2213367433127,9849.549487888764
astar,54.60347201291693,180.28018796303613,9854.174849307954
astar,54.629132716698734,180.34309942021176,9858.801772985134
astar,54.654793420480544,180.40992288192584,9863.430361206978
astar,54.680454124262354,180.48049963327608,9868.060712321905
astar,54.70611482804416,180.55466059736466,9872.692920472653
astar,54.73177553182597,180.63222646807125,9877.327075332083
astar,54.75743623560778,180.71300785647492,9881.963261842568
astar,54.78309693938959,180.79680545184465,9886.601559959328
astar,54.80875764317139,180.88341019815982,9891.242044398095
astar,54.8344183469532,180.97260348716338,9895.88478438752
astar,54.86007905073501,181.06415736899083,9900.529843426748
astar,54.88573975451682,181.15783478145357,9905.177279048663
astar,54.91140045829862,181.25338979908818,9909.827142589244
astar,54.93706116208043,181.35056790311376,9914.479478963598
astar,54.96272186586224,181.44910627346653,9919.13432644919
astar,54.988382569644045,181.54873410410212,9923.791716476871
astar,55.014043273425855,181.64917294277774,9928.451673430323
astar,55.039703977207665,181.75013705653916,9933.114214454527
astar,55.065364680989475,181.85133382415052,9937.779349273977
astar,55.09102538477128,181.95246415670994,9942.447080021317
astar,55.11668608855309,182.0532229476974,9947.117401077157
astar,55.1423467923349,182.15329955369774,9951.790298921813
astar,55.16800749611671,182.25237830703392,9956.465751999809
astar,55.19366819989851,182.3501390615359,9961.143730597956
astar,55.21932890368032,182.44625777264903,9965.824196737873
astar,55.24498960746213,182.54040711306644,9970.507104083845
astar,55.27065031124394,182.63225712504175,9975.192397866958
astar,55.29631101502574,182.72147591050313,9979.880014826458
astar,55.32197171880755,182.80773036005496,9984.569883169313
astar,55.34763242258936,182.89068692190702,9989.261922548989
astar,55.373293126371166,182.9700124117234,9993.956044064491
astar,55.398953830152976,183.04537486433065,9998.652150280728
astar,55.424614533934786,183.11644442816163,10003.350135271265
astar,55.450275237716596,183.18289430325365,10008.049884684595
astar,55.4759359414984,183.24440172354343,10012.75127583505
astar,55.50159664528021,183.30064898413357,10017.454177819498
astar,55.52725734906202,183.35132451412204,10022.158451660975
astar,55.55291805284383,183.39612399550717,10026.863950480445
astar,55.57857875662563,183.43475152859008,10031.570519697867
astar,55.60423946040744,183.46692084420621,10036.27799726377
astar,55.62990016418925,183.49235656302457,10040.986213922537
astar,55.65556086797106,183.51079550204906,10045.694993508603
astar,55.681221571752864,183.5219880283602,10050.404153276795
astar,55.706882275534674,183.52569946002504,10055.113504268014
astar,55.732542979316484,183.5217115139966,10059.822851711457
astar,55.75820368309829,183.50982380071315,10064.531995464602
astar,55.7838643868801,183.4898553649917,10069.240730492147
astar,55.80952509066191,183.46164627269798,10073.948847385054
astar,55.83518579444372,183.42505924255036,10078.656132920909
astar,55.86084649822552,183.37998132230328,10083.362370666713
astar,55.88650720200733,183.32632560842492,10088.067341625248
astar,55.91216790578914,183.2640330082684,10092.770824926114
astar,55.93782860957095,183.19307404360305,10097.472598562512
astar,55.96348931335275,183.11345069425215,10102.172440174832
astar,55.98915001713456,183.02519828044888,10106.870127882039
astar,56.01481072091637,182.9283873823974,10111.565441161832
astar,56.04047142469818,182.82312579539195,10116.258161780535
astar,56.066132128479985,182.70956051871178,10120.948074773572
astar,56.091792832261795,182.58787977637832,10125.634969477405
astar,56.117453536043605,182.45831506771793,10130.31864061369
astar,56.14311423982541,182.3211432455375,10134.998889426422
astar,56.16877494360722,182.1766886195737,10139.675524872724
astar,56.19443564738903,182.0253250827297,10144.348364867901
astar,56.22009635117084,181.86747825746312,10149.017237585324
astar,56.24575705495264,181.70362765953345,10153.681982811602
astar,56.27141775873445,181.53430887615394,10158.342453357482
astar,56.29707846251626,181.36011575543168,10162.998516524753
astar,56.322739166298064,181.1817026038028,10167.650055629469
astar,56.348399870079874,180.9997863879947,10172.296971581605
astar,56.374060573861684,180.81514893786274,10176.939184521221
astar,56.39972127764349,180.6286391462551,10181.576635511123
astar,56.4253819814253,180.44117516186589,10186.20928828588
astar,56.451042685207106,180.2537465708311,10190.837131056971
astar,56.476703388988916,180.06741656261428,10195.460178373713
astar,56.502364092770726,179.88332407552002,10200.078473039492
astar,56.52802479655253,179.70268591695827,10204.69208808274
astar,56.55368550033434,179.5267988533753,10209.301128781932
astar,56.57934620411615,179.3570416645589,10213.905734743736
astar,56.60500690789796,179.19487715683522,10218.506082033373
astar,56.63066761167976,179.04185412949457,10223.102385356024
astar,56.65632831546157,178.89960928862985,10227.694900288023
astar,56.68198901924338,178.76986910245628,10232.283925556418
astar,56.707649723025185,178.6544515920999,10236.869805365295
astar,56.733310426806995,178.55526805183032,10241.452931767179
astar,56.758971130588804,178.47432469276563,10246.033747077558
astar,56.784631834370614,178.41372420422462,10250.612746330564
astar,56.81029253815242,178.3756672271566,10255.19047977357
astar,56.83595324193423,178.36245373446835,10259.767555398408
astar,56.954762474530014,178.4716461715577,10280.96514818533
astar,57.0735717071258,178.58022541516172,10302.175677615385
astar,57.19238093972159,178.68797929816864,10323.399058231818
astar,57.31119017231738,178.7947071181727,10344.635180051522
astar,57.42999940491317,178.9002198165694,10365.883909937784
astar,57.548808637508955,179.004340272204,10387.145093001123
astar,57.66761787010474,179.10690367483883,10408.41855403976
astar,57.78642710270053,179.2077579476448,10429.704099027353
astar,57.905236335296316,179.30676419160153,10451.001516652257
astar,58.0240455678921,179.40379712812793,10472.310579909457
astar,58.142854800487896,179.49874551946758,10493.631047743778
astar,58.26166403308368,179.59151254932885,10514.962666740666
astar,58.38047326567947,179.6820161490429,10536.305172858983
astar,58.49928249827526,179.77018925705406,10557.658293198565
astar,58.61809173087104,179.8559800019188,10579.021747794075
astar,58.73690096346683,179.9393518011538,10600.39525142561
astar,58.85571019606262,180.02028337026576,10621.778515435699
astar,58.974519428658404,180.09876863811027,10643.171249541818
astar,59.0933286612542,180.17481656638068,10664.573163633158
astar,59.212137893849984,180.24845087252714,10685.9839695402
astar,59.33094712644577,180.31970965675262,10707.40338276568
astar,59.44975635904156,180.3886449349432,10728.831124165645
astar,59.568565591637345,180.45532208046703,10750.266921569604
astar,59.68737482423313,180.51981917872288,10771.710511329184
astar,59.80618405682892,180.58222629915105,10793.161639785181
astar,59.92499328942471,180.64264469013798,10814.620064643557
astar,60.0438025220205,180.7011859028547,10836.085556251544
astar,60.162611754616286,180.75797085058338,10857.557898765843
astar,60.28142098721207,180.81312881050204,10879.036891205616
astar,60.40023021980786,180.86679637522911,10900.522348383925
astar,60.519039452403646,180.91911636167572,10922.014101712044
astar,60.63784868499943,180.9702366849251,10943.511999872071
astar,60.75665791759523,181.02030920496037,10965.015909354126
astar,60.875467150191014,181.06948855409144,10986.525714855385
astar,60.9942763827868,181.11793095290935,11008.041319539123
astar,61.11308561538259,181.16579302250946,11029.562645152855
astar,61.231894847978374,181.21323060059106,11051.08963200559
astar,61.35070408057416,181.26039756885817,11072.622238805103
astar,61.46951331316995,181.307444698922,11094.160442356975
astar,61.588322545765735,181.35451852364116,11115.704237128053
astar,61.70713177836153,181.4017602405372,11137.253634677692
astar,61.825941010957315,181.449304653594,11158.80866296101
astar,61.9447502435531,181.497279159395,11180.369365509052
astar,62.06355947614889,181.54580278316786,11201.935800491454
astar,62.182368708744676,181.59498526991135,11223.508039667862
astar,62.30117794134046,181.6449262353585,11245.086167234913
astar,62.41998717393625,181.69571438109946,11266.670278576164
astar,62.53879640653204,181.74742677774645,11288.260478922808
astar,62.65760563912783,181.80012821957254,11309.856881933461
astar,62.77641487172362,181.8538706535989,11331.459608201716
astar,62.895224104319404,181.9086926856477,11353.068783700423
astar,63.01403333691519,181.96461916541696,11374.68453817198
astar,63.13284256951098,182.02166085217786,11396.307003474123
astar,63.251651802106764,182.07981416223672,11417.936311890851
astar,63.37046103470256,182.13906099885978,11439.572594418249
astar,63.489270267298345,182.19936866491489,11461.215979035002
astar,63.60807949989413,182.26068985805279,11482.866588967467
astar,63.72688873248992,182.3229627478324,11504.524540959004
astar,63.845697965085705,182.38611113378224,11526.189943553301
astar,63.96450719768149,182.45004468299882,11547.862895401197
astar,64.08331643027728,182.51465924550374,11569.543483600344
astar,64.20212566287307,182.57983724521503,11591.23178207685
astar,64.32093489546885,182.6454481440468,11612.927850017686
astar,64.43974412806465,182.71134897632155,11634.631730362451
astar,64.55855336066043,182.7773849503727,11656.343448362568
astar,64.67736259325622,182.84339011392646,11678.063010215803
astar,64.79617182585201,182.90918807958604,11699.790401783355
astar,64.9149810584478,182.9745928064933,11721.525587396514
astar,65.03379029104359,183.0394094340214,11743.268508759269
astar,65.15259952363937,183.10343516314842,11765.019083952782
astar,65.27140875623516,183.16646018098055,11786.77720654717
astar,65.39021798883094,183.2282686237424,11808.542744825385
astar,65.50902722142673,183.28863957341025,11830.315541123528
astar,65.62783645402253,183.34734808305922,11852.09541129126
astar,65.74664568661831,183.4041662259034,11873.882144275454
astar,65.8654549192141,183.45886416294428,11895.675501829588
astar,65.98426415180988,183.51121122409796,11917.475218350763
astar,66.10307338440568,183.56097699765508,11939.281000845705
astar,66.22188261700146,183.6079324229232,11961.09252902635
astar,66.34069184959725,183.65185088093025,11982.909455535164
astar,66.45950108219304,183.69250927810964,12004.731406299608
astar,66.57831031478882,183.7296891179535,12026.557981014654
astar,66.69711954738462,183.76317755570648,12048.388753751617
astar,66.8159287799804,183.79276843127943,12070.223273690981
astar,66.93473801257619,183.81826327568564,12092.061065976408
astar,67.05354724517197,183.8394722864448,12113.901632686428
astar,67.17235647776776,183.85621526756495,12135.744453919964
astar,67.29116571036354,183.86832252988393,12157.588988991141
astar,67.40997494295934,183.87563574775237,12179.434677728494
astar,67.52878417555513,183.87800876824446,12201.28094187312
astar,67.64759340815091,183.87530836930898,12223.127186569953
astar,67.7664026407467,183.86741496350922,12244.972801945882
astar,67.88521187334248,183.85422324424871,12266.817164768045
astar,68.00402110593828,183.83564277164245,12288.659640175343
astar,68.12283033853407,183.8115984954636,12310.499583475796
astar,68.24163957112985,183.78203121287484,12332.336342002169
astar,68.36044880372565,183.7468979589456,12354.169257017998
astar,68.47925803632143,183.70617232825032,12375.997665665891
astar,68.59806726891722,183.65984472614625,12397.820902949894
astar,68.716876501513,183.6079225486361,12419.638303743435
astar,68.8356857341088,183.55043029003488,12441.449204814384
astar,68.95449496670457,183.48740957796971,12463.252946858549
astar,69.07330419930037,183.4189191355632,12485.048876533046
astar,69.19211343189616,183.34503467096255,12506.836348480823
astar,69.31092266449194,183.26584869469733,12528.61472733779
astar,69.42973189708773,183.18147026565646,12550.383389714023
astar,69.54854112968351,183.09202466679508,12572.141726140573
astar,69.66735036227931,182.9976530119811,12593.889142973701
astar,69.7861595948751,182.89851178569847,12615.62506424838
astar,69.90496882747088,182.79477231762013,12637.348933473251
astar,70.02377806006668,182.6866201943484,12659.060215359446
astar,70.14258729266245,182.5742546109065,12680.758397475884
astar,70.26139652525825,182.45788766483258,12702.442991824173
astar,70.38020575785404,182.33774359598686,12724.113536326371
astar,70.49901499044982,182.2140579754361,12745.769596219427
astar,70.6178242230456,182.087076847011,12767.41076535044
astar,70.7366334556414,181.95705582535948,12789.036667367343
astar,70.85544268823719,181.82425915452328,12810.646956800068
astar,70.97425192083297,181.68895873126382,12832.241320027784
astar,71.09306115342876,181.55143309753484,12853.819476128272
astar,71.21187038602454,181.41196640666507,12875.381177605997
astar,71.33067961862034,181.27084736795265,12896.92621099612
astar,71.44948885121613,181.12836817450068,12918.454397342079
astar,71.56829808381191,180.98482341922508,12939.965592545108
astar,71.6871073164077,180.84050900405376,12961.459687584571
astar,71.80591654900348,180.6957210474006,12982.936608608563
astar,71.92472578159928,180.5507547950405,13004.39631689495
astar,72.04353501419506,180.40590353953522,13025.838808683484
astar,72.16234424679085,180.2614575533628,13047.264114880383
astar,72.28115347938663,180.11770304087725,13068.67230063724
astar,72.39996271198243,179.9749211141865,13090.063464806874
astar,72.51877194457822,179.833386797968,13111.43773927919
astar,72.637581177174,179.693368068152,13132.795288200838
astar,72.75639040976979,179.5551249292902,13154.136307082948
astar,72.87519964236557,179.41890853529637,13175.461021801819
astar,72.99400887496137,179.28496035808112,13196.769687498001
astar,73.11281810755716,179.15351140842876,13218.062587379694
astar,73.23162734015294,179.02478151325752,13239.340031436941
astar,73.35043657274873,178.89897865318105,13260.602355073528
astar,73.46924580534451,178.77629836404162,13281.849917663978
astar,73.58805503794031,178.65692320581672,13303.083101043456
astar,73.70686427053609,178.54102230201357,13324.302307938742
astar,73.82567350313188,178.4287509523553,13345.507960348865
astar,73.94448273572766,178.3202503212357,13366.700497884178
astar,74.06329196832345,178.21564720407244,13387.880376073095
astar,74.18210120091925,178.11505387332386,13409.048064645758
astar,74.30091043351503,178.01856800555592,13430.20404580425
astar,74.41971966611082,177.92627269054856,13451.34881248902
astar,74.5385288987066,177.838236523022,13472.482866651259
astar,74.6573381313024,177.75451377714145,13493.606717541154
astar,74.77614736389819,177.67514466352634,13514.720880021714
astar,74.89495659649397,177.60015566804634,13535.825872918029
astar,75.01376582908975,177.52955997123854,13556.922217411558
astar,75.13257506168554,177.46335794672237,13578.010435488946
astar,75.25138429428134,177.4015377365316,13599.091048454604
astar,75.37019352687712,177.34407590081994,13620.16457551609
astar,75.48900275947291,177.29093813893672,13641.23153245092
astar,75.60781199206869,177.24208007841273,13662.292430363055
astar,75.72662122466448,177.19744812794394,13683.347774536962
astar,75.84543045726028,177.1569803900144,13704.398063396531
astar,75.96423968985606,177.12060762837322,13725.443787575705
astar,76.08304892245185,177.08825428515365,13746.485429106993
astar,76.20185815504763,177.05983954202674,13767.523460733426
astar,76.32066738764343,177.0352784193979,13788.558345348883
astar,76.43947662023922,177.014482907295,13809.590535570858
astar,76.558285852835,176.99736312126848,13830.620473449093
astar,76.67709508543078,176.98382847632217,13851.648590312618
astar,76.79590431802657,176.97378887162722,13872.67530675689
astar,76.91471355062237,176.96715587854567,13893.701032771889
astar,77.03352278321815,176.9638439243054,13914.726168011106
astar,77.15233201581394,176.9637714635299,13935.75110220045
astar,77.27114124840972,176.9668621297429,13956.776215685126
astar,77.38995048100551,176.9730458589354,13977.801880111707
astar,77.50875971360131,176.98225997731728,13998.828459241515
astar,77.62756894619709,176.99445024547043,14019.856309890689
astar,77.74637817879287,177.00957185129133,14040.885782991256
astar,77.86518741138866,177.02759034435533,14061.917224766685
astar,77.98399664398445,177.0484825046625,14082.950978014547
astar,78.10280587658023,177.07223713914115,14103.98738348812
astar,78.22161510917603,177.09885579979274,14125.026781367964
astar,78.34042434177181,177.12835341797353,14146.069512813818
astar,78.4592335743676,177.1607588500203,14167.115921586621
astar,78.5780428069634,177.19611533025844,14188.166355729823
astar,78.69685203955918,177.2344808283763,14209.22116929886
astar,78.81566127215497,177.27592830922362,14230.28072412729
astar,78.93447050475075,177.32054589429958,14251.345391617935
astar,79.05327973734654,177.36843692554245,14272.415554547439
astar,79.17208896994234,177.4197199335282,14293.49160887269
astar,79.29089820253812,177.4745285138399,14314.573965528034
astar,79.40970743513391,177.53301111718187,14335.663052202675
astar,79.52851666772969,177.59533076080078,14356.759315088442
astar,79.64732590032548,177.66166467094573,14377.863220589208
astar,79.76613513292126,177.73220386845338,14398.975256984413
astar,79.88494436551706,177.80715271209934,14420.095936040881
astar,80.00375359811284,177.88672841711968,14441.22579456887
astar,80.12256283070863,177.97116056928095,14462.365395920688
astar,80.24137206330442,178.06069065808381,14483.51533143268
astar,80.3601812959002,178.15557165611827,14504.676221814523
astar,80.478990528496,178.2560676752768,14525.84871849311
astar,80.59779976109178,178.36245373446835,14547.033504922176
astar,80.66252058946256,178.18557207174976,14558.571546714249
astar,80.72724141783334,178.02307825734783,14570.098606175317
astar,80.79196224620412,177.87410219032574,14581.615586342017
astar,80.8566830745749,177.73780868186586,14593.1233350671
astar,80.92140390294568,177.61339730622376,14604.622647274151
astar,80.98612473131647,177.50010234638407,14616.114267205732
astar,81.05084555968725,177.39719280152292,14627.598890669993
astar,81.11556638805801,177.30397242725098,14639.077167288835
astar,81.1802872164288,177.21977978321067,14650.549702748924
astar,81.24500804479958,177.1439882659645,14662.01706105529
astar,81.30972887317036,177.0760061082307,14673.479766785986
astar,81.37444970154114,177.01527632841737,14684.938307345072
astar,81.43917052991192,176.96127661709068,14696.393135210305
astar,81.5038913582827,176.91351914948058,14707.844670171082
astar,81.56861218665348,176.87155031541107,14719.293301551574
astar,81.63333301502426,176.83495036013002,14730.739390413499
astar,81.69805384339504,176.8033329314248,14742.183271732623
astar,81.76277467176583,176.77634453015665,14753.625256542817
astar,81.8274955001366,176.75366386292552,14765.06563404138
astar,81.89221632850739,176.7350010970065,14776.504673649324
astar,81.95693715687817,176.72009701898423,14787.942627020295
astar,82.02165798524895,176.70872209965603,14799.379729992028
astar,82.08637881361973,176.70067546879292,14810.816204474353
astar,82.1510996419905,176.69578380423712,14822.252260268076
astar,82.21582047036128,176.693900140595,14833.688096809376
astar,82.28054129873206,176.69490260345148,14845.123904834652
astar,82.34526212710284,176.69869307559208,14856.55986796129
astar,82.40998295547362,176.7051958021933,14867.996164180104
astar,82.4747037838444,176.71435594231184,14879.43296725577
astar,82.53942461221519,176.7261380743008,14890.870448032038
astar,82.60414544058597,176.74052466298764,14902.308775638943
astar,82.66886626895675,176.75751449659393,14913.748118599871
astar,82.73358709732753,176.7771211014402,14925.188645836704
astar,82.79830792569831,176.79937114249034,14936.630527571935
astar,82.86302875406909,176.8243028177353,14948.073936127048
astar,82.92774958243987,176.8519642543096,14959.519046617042
astar,82.99247041081065,176.88241191407954,14970.966037541462
astar,83.05719123918144,176.91570901623928,14982.41509127278
astar,83.12191206755222,176.95192398421034,14993.86639444348
astar,83.186632895923,176.9911289238617,15005.320138233626
astar,83.25135372429376,177.03339813975404,15016.77651856119
astar,83.31607455266455,177.07880669577264,15028.235736177769
astar,83.38079538103533,177.12742902614724,15039.697996672778
astar,83.44551620940611,177.17933760246495,15051.163510389566
astar,83.51023703777689,177.23460166187922,15062.632492257237
astar,83.57495786614767,177.2932860012905,15074.10516154229
astar,83.63967869451845,177.3554498418388,15085.581741524498
astar,83.70439952288923,177.4211457676019,15097.062459101702
astar,83.76912035126001,177.49041874194023,15108.547544328416
astar,83.8338411796308,177.563305204467,15120.037229893387
astar,83.89856200800158,177.63983225116633,15131.531750541402
astar,83.96328283637236,177.72001689971626,15143.031342444783
astar,84.02800366474314,177.80386544161843,15154.536242530146
astar,84.09272449311392,177.89137288227946,15166.046687766078
astar,84.1574453214847,177.98252246974067,15177.562914417438
astar,84.22216614985547,178.07728531231442,15189.085157272033
astar,84.28688697822625,178.17562008495153,15200.613648845438
astar,84.35160780659703,178.27747282374682,15212.148618569627
astar,84.41632863496781,178.38277680758281,15223.690291971161
astar,84.48104946333859,178.49145252551733,15235.238889844471
astar,84.54577029170937,178.60340772814513,15246.794627425754
astar,84.61049112008016,178.71853756080128,15258.357713572834
astar,84.67521194845094,178.83672477613112,15269.928349956223
astar,84.73993277682172,178.95784002322654,15281.506730266412
astar,84.8046536051925,179.08174221022065,15293.09303944225
astar,84.86937443356328,179.2082789369502,15304.687452925065
astar,84.93409526193406,179.33728699402633,15316.290135942927
astar,84.99881609030484,179.46859292441178,15327.90124282924
astar,85.06353691867562,179.6020136433802,15339.520916379573
astar,85.1282577470464,179.73735711253082,15351.149287250353
astar,85.19297857541719,179.87442306335626,15362.78647340279
astar,85.25769940378795,180.01300376570268,15374.43257959509
astar,85.32242023215873,180.1528848363284,15386.0876969257
astar,85.38714106052952,180.29384608266045,15397.751902430009
astar,85.4518618889003,180.43566237675273,15409.425258732648
astar,85.51658271727108,180.5781045543942,15421.107813757168
astar,85.58130354564186,180.7209403342625,15432.79960049455
astar,85.64602437401264,180.86393525200458,15444.500636831695
astar,85.71074520238342,181.0068536041247,15456.210925440673
astar,85.7754660307542,181.14945939658028,15467.93045372923
astar,85.84018685912498,181.29151729303484,15479.659193852664
astar,85.90490768749576,181.43279355777594,15491.397102786907
astar,85.96962851586655,181.57305698839386,15503.144122462301
astar,86.03434934423733,181.71207983342038,15514.90017995725
astar,86.09907017260811,181.84963869024745,15526.665187750628
astar,86.16379100097889,181.98551537878845,15538.439044031507
astar,86.22851182934966,182.1194977865033,15550.221633064511
astar,86.29323265772044,182.25138068058132,15562.012825608801
astar,86.35795348609122,182.38096648327033,15573.812479388414
astar,86.422674314462,182.50806600654266,15585.620439611492
astar,86.48739514283278,182.63249914251253,15597.436539535604
astar,86.55211597120356,182.75409550625022,15609.260601076227
astar,86.61683679957434,182.87269502788578,15621.092435455186
astar,86.68155762794512,182.98814849115132,15632.931843885679
astar,86.7462784563159,183.1003180157798,15644.778618290338
astar,86.81099928468669,183.20907748145393,15656.632542048628
astar,86.87572011305747,183.31431289128463,15668.493390769723
astar,86.94044094142825,183.4159226730923,15680.360933086893
astar,87.00516176979903,183.51381791706004,15692.234931469327
astar,87.06988259816981,183.6079225486361,15704.115143047258
astar,87.1346034265406,183.698173435866,15716.001320446136
astar,87.19932425491137,183.78452043065008,15727.893212625619
astar,87.26404508328216,183.8669263437325,15739.790565719095
astar,87.32876591165292,183.94536685354072,15751.693123869434
astar,87.3934867400237,184.0198303493096,15763.600630056728
astar,87.45820756839449,184.09031770923298,15775.512826913748
astar,87.52292839676527,184.1568420146974,15787.429457525008
astar,87.58764922513605,184.21942820195454,15799.350266205289
astar,87.65237005350683,184.27811265289128,15811.27499925365
astar,87.71709088187761,184.33294272684864,15823.203405679053
astar,87.78181171024839,184.38397623573053,15835.135237893843
astar,87.84653253861917,184.43128086491924,15847.070252371512
astar,87.91125336698995,184.47493354278606,15859.00821026531
astar,87.97597419536073,184.51501976184593,15870.948877984496
astar,88.04069502373152,184.55163285485082,15882.892027725187
astar,88.1054158521023,184.58487322935613,15894.83743795302
astar,88.17013668047308,184.61484756451432,15906.78489383504
astar,88.23485750884385,184.6416679740632,15918.73418761852
astar,88.29957833721463,184.66545113966592,15930.685118954654
astar,88.36429916558541,184.68631741894134,15942.637495165318
astar,88.42901999395619,184.70438993268635,15954.59113145145
astar,88.49374082232697,184.71979363593167,15966.54585104183
astar,88.55846165069775,184.73265437760418,15978.501485281355
astar,88.62318247906853,184.74309795367367,15990.457873658253
astar,88.68790330743931,184.75124915875125,16002.414863769973
astar,88.7526241358101,184.7572308411741,16014.372311227784
astar,88.81734496418088,184.76116296665938,16026.330079500525
astar,88.88206579255166,184.76316169563862,16038.288039698175
astar,88.94678662092244,184.76333847938457,16050.246070296316
astar,89.01150744929322,184.7617991800316,16062.204056802888
astar,89.076228277664,184.75864321954737,16074.161891368907
astar,89.14094910603478,184.75396276265576,16086.119472345214
astar,89.20566993440556,184.74784193862453,16098.076703787596
astar,89.27039076277634,184.74035610672843,16110.033494912957
astar,89.33511159114713,184.73157117006636,16121.98975950951
astar,89.3998324195179,184.7215429422624,16133.945415304268
astar,89.46455324788867,184.7103165714042,16145.900383291406
astar,89.52927407625945,184.69792602537984,16157.854587025335
astar,89.59399490463024,184.6843936425511,16169.807951882549
astar,89.65871573300102,184.6697297514673,16181.760404296661
astar,89.7234365613718,184.6539323630577,16193.711870971152
astar,89.78815738974258,184.63698693846422,16205.662278074653
astar,89.85287821811336,184.61886623537066,16217.611550423739
astar,89.91759904648414,184.59953023536835,16229.559610658398
astar,89.98231987485492,184.57892615455697,16241.506378415499
astar,90.0470407032257,184.55698853922345,16253.451769505693
astar,90.11176153159649,184.53363944807347,16265.395695099307
astar,90.17648235996727,184.50878872209657,16277.338060926875
astar,90.24120318833805,184.48233434275105,16289.278766499987
astar,90.30592401670881,184.45416287873627,16301.21770435818
astar,90.3706448450796,184.4241500211995,16313.15475934763
astar,90.43536567345038,184.3921612067866,16325.089807937295
astar,90.50008650182116,184.3580523275074,16337.022717578215
astar,90.56480733019194,184.32167052593644,16348.953346111508
astar,90.62952815856272,184.28285507382046,16360.881541230525
astar,90.6942489869335,184.2414383317091,16372.807140002506
astar,90.75896981530428,184.19724678677304,16384.72996845486
astar,90.82369064367506,184.1501021655236,16396.649841231047
astar,90.88841147204585,184.09982261770332,16408.56656132077
astar,90.95313230041663,184.046223967178,16420.479919868973
astar,91.01785312878741,183.9891210252364,16432.38969606779
astar,91.08257395715819,183.92832896128863,16444.295657135386
astar,91.14729478552897,183.8636647255578,16456.197558385164
astar,91.21201561389975,183.7949485179828,16468.09514338855
astar,91.27673644227053,183.72200529719316,16479.98814423416
astar,91.34145727064131,183.6446663230924,16491.876281885703
astar,91.40617809901208,183.56277072628185,16503.759266640573
astar,91.47089892738286,183.47616709729922,16515.63679869071
astar,91.53561975575364,183.38471508841045,16527.508568786656
astar,91.60034058412442,183.28828702051356,16539.3742590055
astar,91.6650614124952,183.1867694875692,16551.23354362272
astar,91.72978224086599,183.08006495088122,16563.08609008752
astar,91.79450306923677,182.96809331551756,16574.93156010082
astar,91.85922389760755,182.8507934811796,16586.7696107944
astar,91.92394472597833,182.72812485991872,16598.599896009364
astar,91.98866555434911,182.6000688532522,16610.422067671523
astar,92.05338638271989,182.46663028145892,16622.235777260816
astar,92.11810721109067,182.32783875814596,16634.04067737148
astar,92.18282803946146,182.18375000356878,16645.836423359182
astar,92.24754886783224,182.03444709067074,16657.62267507101
astar,92.31226969620302,181.88004161838964,16669.3990986537
astar,92.37699052457378,181.72067480745798,16681.16536843534
astar,92.44171135294457,181.55651851471546,16692.921168875353
astar,92.50643218131535,181.387776162857,16704.666196577346
astar,92.57115300968613,181.2146835835648,16716.40016235938
astar,92.63587383805691,181.0375097731272,16728.12279337597
astar,92.70059466642769,180.85655756093675,16739.833835286136
astar,92.76531549479847,180.67216419268897,16751.533054461997
astar,92.83003632316925,180.48470183168712,16763.220240232444
astar,92.89475715154003,180.2945779833902,16774.895207156766
astar,92.95947797991082,180.10223585024886,16786.557797323516
astar,93.0241988082816,179.90815462594534,16798.20788267037
astar,93.08891963665238,179.71284974040964,16809.84536732143
astar,93.15364046502316,179.5168730694316,16821.47018993926
astar,93.21836129339394,179.32081312532952,16833.08232608985
astar,93.28308212176472,179.12529524798904,16844.681790619954
astar,93.3478029501355,178.93098181865315,16856.26864004751
astar,93.41252377850628,178.73857252214097,16867.842974967483
astar,93.47724460687705,178.54880468669802,16879.40494247717
astar,93.54196543524783,178.36245373446835,16890.954738627108
astar,93.56454972182058,176.88195550426408,16894.966209397917
astar,93.58713400839332,175.46729264070143,16898.944987594816
astar,93.60971829496607,174.11623236050076,16902.892534849685
astar,93.63230258153882,172.82660053665035,16906.81026303094
astar,93.65488686811157,171.5962820796524,16910.69953557255
astar,93.67747115468431,170.4232212641304,16914.56166881104
astar,93.70005544125706,169.30542199223967,16918.397933329175
astar,93.72263972782982,168.24094798661412,16922.209555304773
astar,93.74522401440257,167.22792290680408,16925.99771786302
astar,93.7678083009753,166.26453038432587,16929.763562430508
astar,93.79039258754806,165.34901397253918,16933.508190089087
astar,93.8129768741208,164.4796770085922,16937.232662927603
astar,93.83556116069356,163.654882385636,16940.938005389493
astar,93.8581454472663,162.87305223438952,16944.625205614226
astar,93.88072973383905,162.1326675139526,16948.295216770515
astar,93.9033140204118,161.43226751250643,16951.948958379282
astar,93.92589830698455,160.77044925920947,16955.58731762433
astar,93.94848259355729,160.14586684920272,16959.21115064876
astar,93.97106688013004,159.55723068416913,16962.821283835205
astar,93.99365116670279,159.00330663136566,16966.418515067955
astar,94.01623545327554,158.48291510445,16970.003614975245
astar,94.03881973984828,157.9949300697764,16973.577328149913
astar,94.06140402642103,157.53827798212424,16977.140374346844
astar,94.08398831299378,157.1119366540638,16980.693449655606
astar,94.10657259956653,156.71493406335418,16984.237227646863
astar,94.12915688613927,156.34634710291198,16987.772360491206
astar,94.15174117271202,156.0053002779947,16991.299480049165
astar,94.17432545928477,155.69096435530318,16994.819198931233
astar,94.19690974585752,155.4025549687422,16998.332111526903
astar,94.21949403243026,155.13933118657147,17001.838795001786
astar,94.24207831900301,154.90059404465293,17005.339810261994
astar,94.26466260557577,154.6856850504437,17008.835702885033
astar,94.28724689214852,154.4939846623072,17012.327004016664
astar,94.30983117872125,154.32491074861923,17015.814231233184
astar,94.332415465294,154.17791703103376,17019.297889368725
astar,94.35499975186676,154.05249151614444,17022.778471307258
astar,94.37758403843951,153.948154919642,17026.256458739106
astar,94.40016832501225,153.86445908691746,17029.73232288182
astar,94.422752611585,153.80098541390532,17033.20652516539
astar,94.44533689815775,153.75734327179904,17036.67951788183
astar,94.4679211847305,153.73316843910308,17040.15174479927
astar,94.49050547130324,153.72812154431557,17043.623641740774
astar,94.51308975787599,153.74188652236333,17047.095637128128
astar,94.53567404444874,153.7741690877361,17050.568152490938
astar,94.55825833102149,153.8246952270944,17054.041602941506
astar,94.58084261759423,153.89320971394994,17057.51639761588
astar,94.60342690416698,153.97947464784727,17060.992940081655
astar,94.62601119073973,154.083268020303,17064.471628713058
astar,94.64859547731248,154.20438230959218,17067.952857034004
astar,94.67117976388522,154.34262310630535,17071.43701402974
astar,94.69376405045797,154.497807771438,17074.924484427836
astar,94.71634833703072,154.66976412861254,17078.415648949234
astar,94.73893262360347,154.85832919188135,17081.910884530167
astar,94.76151691017621,155.06334793040332,17085.410564515783
astar,94.78410119674896,155.28467207113994,17088.915058826286
astar,94.80668548332171,155.5221589405729,17092.424734096454
astar,94.82926976989447,155.77567034630286,17095.9399537895
astar,94.8518540564672,156.0450714992534,17099.461078286084
astar,94.87443834303996,156.330229977073,17102.988464949478
astar,94.8970226296127,156.6310147291955,17106.522468167783
astar,94.91960691618546,156.94729512389827,17110.063439374142
astar,94.9421912027582,157.27894003757714,17113.61172704592
astar,94.96477548933095,157.6258169863358,17117.167676683795
astar,94.9873597759037,157.9877912998817,17120.731630771694
astar,95.00994406247645,158.36472533760798,17124.30392871857
astar,95.03252834904919,158.7564777466367,17127.884906782943
astar,95.05511263562194,159.16290276150278,17131.474897981156
astar,95.07769692219469,159.583849545057,17135.074231980267
astar,95.10028120876744,160.0191615700808,17138.683234976535
astar,95.12286549534018,160.4686760410141,17142.302229560377
astar,95.14544978191293,160.93222335511865,17145.93153456873
astar,95.16803406848568,161.40962660231938,17149.571464925644
astar,95.19061835505843,161.90070110289471,17153.222331472058
astar,95.21320264163117,162.40525398211793,17156.8844407855
astar,95.23578692820392,162.9230837808884,17160.558094990636
astar,95.25837121477667,163.45398010133312,17164.243591561382
astar,95.28095550134942,163.99772328630644,17167.941223115402
astar,95.30353978792216,164.55408413166626,17171.65127720176
astar,95.32612407449491,165.1228236301642,17175.374036082416
astar,95.34870836106766,165.70369274574733,17179.109776508267
astar,95.37129264764042,166.29643221704035,17182.85876949044
astar,95.39387693421315,166.90077238874574,17186.62128006747
astar,95.4164612207859,167.5164330696842,17190.397567068936
astar,95.43904550735866,168.14312341617688,17194.187882876216
astar,95.4616297939314,168.78054183946404,17197.992473180853
astar,95.48421408050415,169.4283759358501,17201.811576741104
astar,95.5067983670769,170.08630243826494,17205.645425137132
astar,95.52938265364965,170.75398718793977,17209.49424252536
astar,95.5519669402224,171.43108512490548,17213.358245392377
astar,95.57455122679514,172.11724029604287,17217.237642308824
astar,95.59713551336789,172.81208587943144,17221.132633683672
astar,95.61971979994064,173.51524422377636,17225.043411519186
astar,95.64230408651338,174.2263269017231,17228.970159166962
astar,95.66488837308613,174.94493477590666,17232.91305108531
astar,95.68747265965888,175.6706580766257,17236.872252598238
astar,95.71005694623163,176.40307649007823,17240.847919656335
astar,95.73264123280437,177.14175925614407,17244.840198599737
astar,95.75522551937712,177.88626527475685,17248.84922592342
astar,95.77780980594987,178.63614321996388,17252.875128044947
astar,95.80039409252262,179.39093166083464,17256.918021074904
astar,95.82297837909536,180.1501591884437,17260.97801059011
astar,95.84556266566811,180.91334454821913,17265.05519140979
astar,95.86814695224086,181.67999677702045,17269.149647374717
astar,95.89073123881361,182.44961534437715,17273.261451129605
astar,95.91331552538635,183.22169029739746,17277.390663908627
astar,95.9358998119591,183.99570240892896,17281.537335324316
astar,95.95848409853186,184.7711233286278,17285.701503159806
astar,95.9810683851046,185.54741573667485,17289.883193164533
astar,96.00365267167734,186.32403349994772,17294.08241885342
astar,96.0262369582501,187.10042183054153,17298.29918130965
astar,96.04882124482285,187.876017446605,17302.53346899098
astar,96.0714055313956,188.65024873553426,17306.785257539792
astar,96.09398981796834,189.4225359196459,17311.054509596794
astar,96.11657410454109,190.1922912245236,17315.341174618537
astar,96.13915839111384,190.958919050305,17319.645188698738
astar,96.16174267768659,191.7218161462496,17323.966474393514
astar,96.18432696425933,192.48037178899423,17328.304940550614
astar,96.20691125083208,193.23396796497548,17332.660482142725
astar,96.22949553740483,193.98197955755677,17337.03298010492
astar,96.25207982397758,194.7237745394629,17341.422301176422
astar,96.27466411055032,195.45871417118707,17345.828297746775
astar,96.29724839712307,196.1861532060827,17350.250807706572
astar,96.31983268369582,196.90544010291427,17354.68965430289
astar,96.34241697026857,197.61591724668224,17359.144645999615
astar,96.36500125684131,198.3169211785893,17363.61557634289
astar,96.38758554341406,199.00778283604984,17368.10222383184
astar,96.41016982998681,199.68782780368684,17372.604351794835
astar,96.43275411655956,200.35637657629178,17377.121708271578
astar,96.4553384031323,201.01274483475123,17381.654025901276
astar,96.47792268970505,201.65624373597197,17386.201021817196
astar,96.5005069762778,202.28618021785235,17390.76239754793
astar,96.52309126285056,202.90185732037,17395.337838925738
astar,96.5456755494233,203.50257452386265,17399.927016002337
astar,96.56825983599605,204.08762810558986,17404.52958297255
astar,96.5908441225688,204.65631151566643,17409.14517810619
astar,96.61342840914155,205.20791577345938,17413.7734236887
astar,96.63601269571429,205.7417298855314,17418.413925970966
astar,96.65859698228704,206.25704128621214,17423.066275128847
astar,96.68118126885979,206.75313630185926,17427.730045232904
astar,96.70376555543254,207.2293006398621,17432.404794228893
astar,96.72634984200528,207.6848199034163,17437.090063929605
astar,96.74893412857803,208.11898013307808,17441.785380018635
astar,96.77151841515078,208.53106837608033,17446.490252066676
astar,96.79410270172353,208.92037328436567,17451.20417356101
astar,96.81668698829627,209.28618574225575,17455.926621948838
astar,96.83927127486902,209.62779952465326,17460.65705869514
astar,96.86185556144177,209.94451198662634,17465.39492935572
astar,96.88443984801452,210.23562478519733,17470.139663666236
astar,96.90702413458726,210.50044463411723,17474.89067564786
astar,96.92960842116001,210.73828409236924,17479.64736373041
astar,96.95219270773276,210.94846238710758,17484.409110893623
astar,96.97477699430551,211.13030627169795,17489.175284827455
astar,96.99736128087825,211.2831509194931,17493.94523811215
astar,97.019945567451,211.4063408539349,17498.7183084189
astar,97.04252985402375,211.49923091554928,17503.493818731928
astar,97.0651141405965,211.5611872663591,17508.27107759283
astar,97.08769842716924,211.591588432223,17513.049379368043
astar,97.110282713742,211.5898263835766,17517.828004540275
astar,97.13286700031475,211.55530765503673,17522.606220024772
astar,97.1554512868875,211.48745450431662,17527.38327951134
astar,97.17803557346024,211.38570611089028,17532.158423832967
astar,97.20061986003299,211.24951981484847,17536.93088136199
astar,97.22320414660574,211.07837239639102,17541.699868434673
astar,97.24578843317849,210.8717613964243,17546.464589805168
astar,97.26837271975123,210.62920647875313,17551.22423912976
astar,97.29095700632398,210.35025083440175,17555.97799948236
astar,97.31354129289673,210.0344626286405,17560.725043902185
astar,97.33612557946948,209.68143649136516,17565.464535974617
astar,97.35870986604222,209.29079505155332,17570.19563044621
astar,97.38129415261497,208.86219051660592,17574.917473874873
astar,97.40387843918772,208.39530629750737,17579.629205316214
astar,97.42646272576047,207.88985868084882,17584.329957047143
astar,97.44904701233321,207.34559854891754,17589.018855327762
astar,97.47163129890596,206.76231314921438,17593.69502120268
astar,97.49421558547871,206.13982791495275,17598.357571342825
astar,97.51679987205145,205.4780083382997,17603.005618929023
astar,97.5393841586242,204.77676189835555,17607.638274578454
astar,97.56196844519695,204.03604004612552,17612.254647315316
astar,97.5845527317697,203.2558402490191,17616.853845586986
astar,97.60713701834246,202.43620809772545,17621.43497832706
astar,97.6297213049152,201.57723947864528,17625.99715606671
astar,97.65230559148794,200.6790828154321,17630.539492095908
astar,97.6748898780607,199.7419413835744,17635.061103676042
astar,97.69747416463343,198.76607570238548,17639.561113305743
astar,97.72005845120619,197.75180600919984,17644.03865004164
astar,97.74264273777894,196.6995148210543,17648.492850875955
astar,97.76522702435169,195.6096495896307,17652.92286217304
astar,97.78781131092444,194.482725455747,17657.327841166974
astar,97.81039559749718,193.31932811023387,17661.70695752259
astar,97.83297988406993,192.12011676857352,17666.059394962384
astar,97.85556417064268,190.88582726724928,17670.38435296197
astar,97.87814845721542,189.61727529031847,17674.68104851696
astar,97.90073274378817,188.3153597352733,17678.948717984265
astar,97.92331703036092,186.9810662278129,17683.186619001106
astar,97.94590131693367,185.61547079564815,17687.394032485183
astar,97.96848560350641,184.21974371195043,17691.570264719747
astar,97.99106989007916,182.7951535194516,17695.71464952752
astar,98.01365417665191,181.34307124654168,17699.826550537622
astar,98.03623846322466,179.8649748269241,17703.905363550075
astar,98.0588227497974,178.36245373446835,17707.950519002497
astar,98.1156352497974,177.6564002174824,17718.06367957257
astar,98.1724477497974,176.973636687991,17728.137389058415
astar,98.2292602497974,176.31377109873534,17738.17295948586
astar,98.2860727497974,175.6764185574693,17748.171680810778
astar,98.3428852497974,175.0612012755667,17758.13482132416
astar,98.3996977497974,174.4677485284594,17768.06362805453
astar,98.4565102497974,173.89569662364886,17777.959327168384
astar,98.5133227497974,173.3446888725296,17787.823124368882
astar,98.5701352497974,172.81437556272354,17797.656205293
astar,98.6269477497974,172.30441392805687,17807.45973590697
astar,98.6837602497974,171.8144681137126,17817.23486289997
astar,98.7405727497974,171.3442091344657,17826.98271407555
astar,98.7973852497974,170.8933148242543,17836.704398740505
astar,98.85419774979741,170.46146977566096,17846.401008090546
astar,98.9110102497974,170.0483652681746,17856.07361559226
astar,98.9678227497974,169.6536991843745,17865.723277360616
astar,99.0246352497974,169.27717591342855,17875.351032531362
astar,99.0814477497974,168.9185062415246,17884.957903627575
astar,99.1382602497974,168.5774072290615,17894.544896919597
astar,99.1950727497974,168.2536020746142,17904.11300277763
astar,99.2518852497974,167.9468199658557,17913.663196016216
astar,99.3086977497974,167.65679591776959,17923.19643622991
astar,99.3655102497974,167.3832705986221,17932.71366811939
astar,99.4223227497974,167.1259901442805,17942.21582180737
astar,99.4791352497974,166.88470596156753,17951.703813143627
astar,99.5359477497974,166.65917452143117,17961.178543998598
astar,99.5927602497974,166.44915714278625,17970.640902544932
astar,99.6495727497974,166.25441976794326,17980.091763526554
astar,99.7063852497974,166.0747327305961,17989.53198851472
astar,99.7631977497974,165.90987051737662,17998.96242615073
astar,99.8200102497974,165.7596115240159,18008.38391237497
astar,99.8768227497974,165.62373780717084,18017.79727064191
astar,99.9336352497974,165.5020348329863,18027.20331212097
astar,99.9904477497974,165.39429122346536,18036.60283588301
astar,100.0472602497974,165.30029850171564,18045.996629072393
astar,100.1040727497974,165.21985083712636,18055.38546706455
astar,100.1608852497974,165.1527447915134,18064.770113609127
astar,100.2176977497974,165.09877906724347,18074.15132095874
astar,100.2745102497974,165.0577542583195,18083.52982998352
astar,100.3313227497974,165.02947260537306,18092.906370271616
astar,100.3881352497974,165.0137377554722,18102.28166021593
astar,100.44494774979741,165.01035452760618,18111.656407087346
astar,100.5017602497974,165.01912868466596,18121.031307094843
astar,100.5585727497974,165.0398667126869,18130.40704543285
astar,100.6153852497974,165.07237560806652,18139.784296316273
astar,100.6721977497974,165.1164626734199,18149.16372300371
astar,100.7290102497974,165.17193532267464,18158.545977809285
astar,100.7858227497974,165.23860089595212,18167.931702103746
astar,100.8426352497974,165.31626648472155,18177.321526305277
astar,100.8994477497974,165.40473876765515,18186.71606986073
astar,100.9562602497974,165.5038238575518,18196.115941217802
astar,101.0130727497974,165.6133271596372,18205.521737788884
astar,101.0698852497974,165.7330532414891,18214.934045907154
astar,101.1266977497974,165.86280571477477,18224.35344077563
astar,101.1835102497974,166.00238712893375,18233.780486409847
astar,101.2403227497974,166.15159887687548,18243.215735574824
astar,101.2971352497974,166.3102411127107,18252.65972971703
astar,101.3539477497974,166.4781126814757,18262.112998891997
astar,101.4107602497974,166.65501106075922,18271.5760616883
astar,101.4675727497974,166.84073231408632,18281.049425148543
astar,101.5243852497974,167.0350710558676,18290.533584688023
astar,101.5811977497974,167.23782042766987,18300.029024011725
astar,101.6380102497974,167.44877208552495,18309.536215030304
astar,101.6948227497974,167.6677161979437,18319.055617775604
astar,101.7516352497974,167.89444145426674,18328.587680316414
astar,101.8084477497974,168.1287350829429,18338.132838674923
astar,101.8652602497974,168.37038287929062,18347.69151674454
astar,101.9220727497974,168.6191692422672,18357.26412620949
astar,101.9788852497974,168.87487721973676,18366.851066466803
astar,102.03569774979741,169.13728856170556,18376.452724551033
astar,102.0925102497974,169.40618378096468,18386.069475062264
astar,102.1493227497974,169.68134222056057,18395.701680097747
astar,102.2061352497974,169.9625421274962,18405.349689187507
astar,102.2629477497974,170.24956073204822,18415.01383923436
astar,102.3197602497974,170.54217433207427,18424.694454458524
astar,102.3765727497974,170.84015838167352,18434.391846347175
astar,102.4333852497974,171.14328758355842,18444.10631360912
astar,102.4901977497974,171.45133598448953,18453.838142134853
astar,102.5470102497974,171.76407707312634,18463.58760496202
astar,102.6038227497974,172.0812838796462,18473.354962246587
astar,102.6606352497974,172.40272907649,18483.14046123962
astar,102.7174477497974,172.72818507959937,18492.94433626987
astar,102.77426024979741,173.05742414951848,18502.766808732034
astar,102.8310727497974,173.39021849174875,18512.60808708081
astar,102.8878852497974,173.72634035575584,18522.468366830573
astar,102.9446977497974,174.06556213204732,18532.347830560615
astar,103.0015102497974,174.40765644675946,18542.24664792587
astar,103.0583227497974,174.75239625320964,18552.164975672877
astar,103.1151352497974,175.09955491989822,18562.10295766089
astar,103.1719477497974,175.4489063144662,18572.060724887826
astar,103.2287602497974,175.80022488314393,18582.03839552091
astar,103.2855727497974,176.1532857252547,18592.036074931628
astar,103.3423852497974,176.50786466236724,18602.053855734826
astar,103.3991977497974,176.86373830172377,18612.091817831522
astar,103.4560102497974,177.22068409360395,18622.15002845519
astar,103.5128227497974,177.5784803823186,18632.228542221084
astar,103.5696352497974,177.93690645056424,18642.327401178307
astar,103.6264477497974,178.29574255690596,18652.446634864176
astar,103.6832602497974,178.65476996619236,18662.586260360535
astar,103.7400727497974,179.0137709727468,18672.74628235158
astar,103.7968852497974,179.37252891621614,18682.926693182802
astar,103.8536977497974,179.73082818999856,18693.1274729206
astar,103.9105102497974,180.08845424221093,18703.34858941219
astar,103.9673227497974,180.44519356919503,18713.589998345335
astar,104.0241352497974,180.80083370160443,18723.851643307495
astar,104.0809477497974,181.15516318314894,18734.133455844003
astar,104.1377602497974,181.50797154211654,18744.43535551479
astar,104.1945727497974,181.8590492558287,18754.757249949333
astar,104.25138524979741,182.20818770822436,18765.099034899344
astar,104.3081977497974,182.55517914080482,18775.4605942889
astar,104.36501024979741,182.89981659720848,18785.841800261584
astar,104.4218227497974,183.2418938617183,18796.242513224304
astar,104.4786352497974,183.5812053920423,18806.66258188748
astar,104.5354477497974,183.91754624673692,18817.101843301218
astar,104.5922602497974,184.25071200767644,18827.56012288726
astar,104.6490727497974,184.58049869800305,18838.037234466366
astar,104.7058852497974,184.90670269601637,18848.53298028097
astar,104.7626977497974,185.2291206454941,18859.04715101276
astar,104.8195102497974,185.54754936295424,18869.57952579519
astar,104.8763227497974,185.8617857423961,18880.129872220525
astar,104.9331352497974,186.17162665807663,18890.697946341526
astar,104.9899477497974,186.47686886589784,18901.283492667502
astar,105.0467602497974,186.7773089039966,18911.88624415478
astar,105.1035727497974,187.07274299314236,18922.50592219148
astar,105.1603852497974,187.36296693756134,18933.142236576703
astar,105.2171977497974,187.6477760268121,18943.794885494037
astar,105.2740102497974,187.92696493934625,18954.463555479604
astar,105.3308227497974,188.200327648391,18965.147921384676
astar,105.3876352497974,188.46765733079064,18975.84764633299
astar,105.4444477497974,188.72874627944535,18986.562381673044
astar,105.5012602497974,188.98338581997598,18997.291766925493
astar,105.5580727497974,189.2313662322445,19008.035429725976
astar,105.6148852497974,189.47247667733976,19018.792985763626
astar,105.6716977497974,189.70650513063617,19029.56403871561
astar,105.7285102497974,189.93323832150807,19040.348180178044
astar,105.7853227497974,190.15246168027065,19051.144989593722
astar,105.8421352497974,190.36395929289378,19061.95403417699
astar,105.8989477497974,190.5675138640127,19072.774868836354
astar,105.95576024979741,190.76290668873213,19083.60703609518
astar,106.0125727497974,190.94991763369032,19094.45006601109
astar,106.0693852497974,191.12832512782197,19105.303476094534
astar,106.1261977497974,191.29790616321708,19116.166771227145
astar,106.1830102497974,191.45843630644276,19127.039443580426
astar,106.2398227497974,191.60968972065322,19137.920972535383
astar,106.2966352497974,191.75143919876933,19148.810824603752
astar,106.3534477497974,191.88345620797094,19159.7084533514
astar,106.4102602497974,192.00551094569389,19170.61329932461
astar,106.4670727497974,192.11737240728021,19181.524789979852
astar,106.5238852497974,192.2188084653792,19192.442339617766
astar,106.5806977497974,192.30958596114712,19203.365349321943
astar,106.6375102497974,192.38947080723995,19214.293206903272
astar,106.69432274979741,192.45822810254404,19225.22528685043
astar,106.7511352497974,192.51562225853152,19236.16095028725
astar,106.8079477497974,192.56141713707504,19247.09954493758
astar,106.8647602497974,192.59537619950285,19258.040405098298
astar,106.9215727497974,192.6172626666167,19268.98285162109
astar,106.9783852497974,192.62683968934354,19279.92619190364
astar,107.0351977497974,192.62387052963618,19290.869719890798
astar,107.0920102497974,192.60811875118398,19301.812716086304
astar,107.1488227497974,192.57934841944459,19312.754447575622
astar,107.2056352497974,192.53732431045216,19323.694168060356
astar,107.2624477497974,192.48181212781583,19334.631117904806
astar,107.3192602497974,192.412578727265,19345.564524195033
astar,107.3760727497974,192.32939234806645,19356.493600810893
astar,107.43288524979741,192.23202285058355,19367.41754851138
astar,107.4896977497974,192.12024195922268,19378.335555033635
astar,107.5465102497974,191.99382350996845,19389.24679520587
astar,107.6033227497974,191.85254370168596,19400.150431074475
astar,107.6601352497974,191.69618135034483,19411.045612045484
astar,107.7169477497974,191.52451814529195,19421.931475040532
astar,107.7737602497974,191.33733890670237,19432.807144667415
astar,107.8305727497974,191.13443184331683,19443.67173340528
astar,107.8873852497974,190.91558880958482,19454.524341804452
astar,107.9441977497974,190.68060556133818,19465.3640587008
astar,108.0010102497974,190.42928200913744,19476.1899614446
astar,108.0578227497974,190.16142246846002,19487.001116143667
astar,108.1146352497974,189.87683590593605,19497.796577920617
astar,108.17144774979741,189.57533618088408,19508.57539118396
astar,108.2282602497974,189.25674228145851,19519.33658991278
astar,108.2850727497974,188.9208785547864,19530.079197954656
astar,108.3418852497974,188.5675749305605,19540.802229336474
astar,108.3986977497974,188.19666713764767,19551.504688587724
astar,108.4555102497974,187.80799691338072,19562.185571075923
astar,108.5123227497974,187.40141220533584,19572.843863353704
astar,108.5691352497974,186.9767673655295,19583.478543517136
astar,108.6259477497974,186.5339233371362,19594.08858157491
astar,108.6827602497974,186.07274783400257,19604.672939827862
astar,108.7395727497974,185.59311551342782,19615.230573258577
astar,108.7963852497974,185.0949081429002,19625.760429930564
astar,108.8531977497974,184.57801476171284,19636.261451396826
astar,108.91001024979741,184.04233183864352,19646.732573117442
astar,108.9668227497974,183.48776342716434,19657.172724886084
astar,109.0236352497974,182.91422131995063,19667.580831265306
astar,109.0804477497974,182.32162520479744,19677.95581203065
astar,109.13726024979741,181.7099028243982,19688.29658262373
astar,109.1940727497974,181.07899014283873,19698.60205461458
astar,109.2508852497974,180.42883152206224,19708.87113617375
astar,109.3076977497974,179.7593799120137,19719.1027325548
astar,109.3645102497974,179.07059705864486,19729.295746588123
astar,109.4213227497974,178.36245373446835,19739.449079187212
energy_ga,0.0,178.36245373446835,0.0
energy_ga,0.020407206597233902,176.5456386356837,3.621341382013933
energy_ga,0.040814413194467804,174.80269443080635,7.206360392254738
energy_ga,0.061221619791701695,173.13147771848173,10.75654265889877
energy_ga,0.08162882638893561,171.52989633997169,14.273330592147458
energy_ga,0.1020360329861695,169.99590965142795,17.758124432724117
energy_ga,0.12244323958340339,168.5275287660069,21.212283305619405
energy_ga,0.1428504461806373,167.1228167581593,24.637126278391708
energy_ga,0.16325765277787121,165.77988882328955,28.03393342318109
energy_ga,0.1836648593751051,164.49691238680856,31.4039468814651
energy_ga,0.204072065972339,163.27210715741327,34.74837193047097
energy_ga,0.2244792725695729,162.10374512021062,38.06837805006123
energy_ga,0.24488647916680678,160.9901504660533,41.36509998882823
energy_ga,0.2652936857640407,159.92969945418065,44.63963882806599
energy_ga,0.2857008923612746,158.92082020594717,47.893063042235795
energy_ga,0.3061080989585085,157.96199242807472,51.12640955450331
energy_ga,0.32651530555574243,157.051747064487,54.340684785899285
energy_ga,0.3469225121529763,156.18866587636134,57.53686569664266
energy_ga,0.3673297187502102,155.37138095058242,60.71590081816331
energy_ga,0.3877369253474441,154.59857413727948,63.87871127436996
energy_ga,0.408144131944678,153.86897641759728,67.026191790728
energy_ga,0.4285513385419119,153.18136720327269,70.15921168973938
energy_ga,0.4489585451391458,152.53457356997268,73.27861587145304
energy_ga,0.46936575173637973,151.92746942669737,76.38522577767752
energy_ga,0.48977295833361356,151.3589746238527,79.4798403386175
energy_ga,0.5101801649308475,150.8280540028719,82.56323690071241
energy_ga,0.5305873715280814,150.3337163904936,85.63617213451548
energy_ga,0.5509945781253154,149.87501354100215,88.6993829215181
energy_ga,0.5714017847225492,149.45103902990041,91.75358721889253
energy_ga,0.591808991319783,149.06092710261666,94.79948490119891
energy_ga,0.612216197917017,148.7038514819497,97.83775857817633
energy_ga,0.6326234045142509,148.3790241380286,100.86907438781496
energy_ga,0.6530306111114849,148.0856940246127,103.89408276398284
energy_ga,0.6734378177087187,147.82314578557987,106.91341917796002
energy_ga,0.6938450243059526,147.59069843545095,109.92770485331086
energy_ga,0.7142522309031866,147.38770401778066,112.93754745360341
energy_ga,0.7346594375004204,147.21354624520265,115.94354174256345
energy_ga,0.7550666440976543,147.06763912486718,118.94627021632641
energy_ga,0.7754738506948882,146.94942557293285,121.94630370752655
energy_ga,0.7958810572921221,146.85837602169406,124.94420196103688
energy_ga,0.816288263889356,146.79398702282933,127.94051418124465
energy_ga,0.83669547048659,146.75577985014803,130.935779550818
energy_ga,0.8571026770838238,146.74329910509908,133.9305277209868
energy_ga,0.8775098836810576,146.75611132818176,136.92527927342593
energy_ga,0.8979170902782916,146.79380361926889,139.92054615389247
energy_ga,0.9183242968755255,146.855982269718,142.9168320778275
energy_ga,0.9387315034727595,146.94227140900674,145.91463290819163
energy_ga,0.9591387100699934,147.05231166848472,148.91443700585666
energy_ga,0.9795459166672271,147.1857588646894,151.9167255529276
energy_ga,0.9999531232644611,147.34228270452564,154.92197284941844
energy_ga,1.020360329861695,147.52156551445842,157.93064658374857
energy_ga,1.0407675364589288,147.72330099571982,160.94320807757154
energy_ga,1.0611747430561629,147.9471930073813,163.9601125054853
energy_ga,1.0815819496533967,148.19295437899117,166.9818090902098
energy_ga,1.1019891562506308,148.46030575433156,170.00874127385165
energy_ga,1.1223963628478646,148.74897446769836,173.04134686590473
energy_ga,1.1428035694450984,149.05869345396417,176.0800581686636
energy_ga,1.1632107760423325,149.3892001935395,179.12530208075057
energy_ga,1.183617982639566,149.74023569320534,182.17750017947793
energy_ga,1.2040251892368001,150.1115435036521,185.23706878278716
energy_ga,1.224432395834034,150.50286877442292,188.30441899151953
energy_ga,1.2448396024312678,150.91395734682703,191.37995671278895
energy_ga,1.2652468090285018,151.3445548852565,194.4640826652353
energy_ga,1.2856540156257357,151.7944060472181,197.5571923669452
energy_ga,1.3060612222229697,152.26325369226396,200.65967610683276
energy_ga,1.3264684288202035,152.75083812989095,203.77191890027393
energy_ga,1.3468756354174374,153.25689640636136,206.89430042979032
energy_ga,1.3672828420146714,153.78116163028935,210.02719497157406
energy_ga,1.3876900486119053,154.3233623367311,213.17097130864275
energy_ga,1.4080972552091393,154.88322188941825,216.3259926314068
energy_ga,1.4285044618063731,155.46045792067693,219.492616426422
energy_ga,1.4489116684036067,156.054781808484,222.67119435409185
energy_ga,1.4693188750008408,156.6658981900307,225.86207211607046
energy_ga,1.4897260815980746,157.29350451108013,229.06558931310332
energy_ga,1.5101332881953087,157.93729061033414,232.28207929402984
energy_ga,1.5305404947925425,158.59693833795518,235.51186899665177
energy_ga,1.5509477013897763,159.2721212073287,238.75527878115628
energy_ga,1.5713549079870104,159.96250407909233,242.01262225676157
energy_ga,1.5917621145842442,160.66774287640982,245.2842061022331
energy_ga,1.6121693211814783,161.3874843304224,248.5703298808976
energy_ga,1.632576527778712,162.12136575477223,251.87128585075865
energy_ga,1.652983734375946,162.86901484805904,255.18735877029647
energy_ga,1.67339094097318,163.63004952306693,258.51882570050907
energy_ga,1.6937981475704138,164.4040777615752,261.86595580372955
energy_ga,1.7142053541676476,165.19069749355418,265.22901013972967
energy_ga,1.7346125607648815,165.98949649953894,268.6082414595942
energy_ga,1.7550197673621153,166.80005233496865,272.0038939978272
energy_ga,1.7754269739593493,167.62193227528368,275.4162032631264
energy_ga,1.7958341805565832,168.45469328058027,278.8453958282363
energy_ga,1.8162413871538172,169.29788197863542,282.29168911926763
energy_ga,1.836648593751051,170.15103466513358,285.75529120484595
energy_ga,1.8570558003482849,171.01367731994966,289.2364005854286
energy_ga,1.877463006945519,171.8853256383701,292.7352059831066
energy_ga,1.8978702135427528,172.76548507616937,296.25188613218444
energy_ga,1.9182774201399868,173.65365090748972,299.7866095708114
energy_ga,1.9386846267372206,174.54930829451902,303.3395344339132
energy_ga,1.9590918333344542,175.45193236800213,306.91080824765726
energy_ga,1.9794990399316883,176.36098831766762,310.50056772566165
energy_ga,1.9999062465289221,177.2759314917058,314.1089385671413
energy_ga,2.020313453126156,178.19620750448505,317.73603525716925
energy_ga,2.04072065972339,179.12125235174867,321.38196086921175
energy_ga,2.061127866320624,180.05049253259526,325.0468068700837
energy_ga,2.0815350729178577,180.98334517760256,328.73065292745576
energy_ga,2.1019422795150917,181.91921818251876,332.4335667200337
energy_ga,2.1223494861123258,182.85751034700652,336.15560375051626
energy_ga,2.14275669270956,183.79761151799045,339.8968071614328
energy_ga,2.1631638993067934,184.73890273722168,343.657207553948
energy_ga,2.1835711059040275,185.68075639274045,347.4368228097191
energy_ga,2.2039783125012615,186.6225363739816,351.2356579158796
energy_ga,2.224385519098495,187.56359823033256,355.0537047932248
energy_ga,2.244792725695729,188.50328933302134,358.8909421276669
energy_ga,2.2651999322929632,189.4409490402731,362.74733520502593
energy_ga,2.285607138890197,190.3759088657388,366.622835749226
energy_ga,2.306014345487431,191.3074926502632,370.517381763962
energy_ga,2.326421552084665,192.23501673711803,374.43089737790694
energy_ga,2.346828758681899,193.15779015088802,378.3632926935327
energy_ga,2.367235965279132,194.07511478025512,382.31446363962095
energy_ga,2.387643171876366,194.98628556498133,386.28429182754815
energy_ga,2.4080503784736003,195.89059068744643,390.2726444114305
energy_ga,2.428457585070834,196.78731176914656,394.2793739522305
energy_ga,2.448864791668068,197.67572407261108,398.30431828592793
energy_ga,2.469271998265302,198.5550967092416,402.3473003958714
energy_ga,2.4896792048625356,199.4246928536201,406.40812828943785
energy_ga,2.5100864114597696,200.2837699648766,410.4865948791378
energy_ga,2.5304936180570037,201.13158001574354,414.58247786831555
energy_ga,2.5509008246542377,201.96736972996263,418.6955396416099
energy_ga,2.5713080312514713,202.79038082873856,422.8255271603514
energy_ga,2.5917152378487054,203.59985028696764,426.97217186308933
energy_ga,2.6121224444459394,204.3950105999941,431.1351895714543
energy_ga,2.632529651043173,205.175090061668,435.31428040158045
energy_ga,2.652936857640407,205.93931305450573,439.5091286813256
energy_ga,2.673344064237641,206.68690035276032,443.7194028735438
energy_ga,2.6937512708348748,207.41706943923523,447.9447555056837
energy_ga,2.714158477432109,208.1290348366735,452.1848231060008
energy_ga,2.734565684029343,208.82200845457075,456.4392261466892
energy_ga,2.754972890626577,209.49519995226154,460.7075689942574
energy_ga,2.7753800972238105,210.14781711912977,464.9894398674885
energy_ga,2.7957873038210446,210.77906627279194,469.2844108033429
energy_ga,2.8161945104182786,211.38815267609945,473.5920376311778
energy_ga,2.8366017170155122,211.97428097380026,477.9118599556783
energy_ga,2.8570089236127463,212.53665564968452,482.24340114890873
energy_ga,2.87741613020998,213.07448150503689,486.58616835190867
energy_ga,2.8978233368072135,213.58696415919454,490.9396524862808
energy_ga,2.9182305434044475,214.07331057299902,495.30332827622567
energy_ga,2.9386377500016816,214.5327295959147,499.67665428150036
energy_ga,2.959044956598915,214.96443253755706,504.059072941792
energy_ga,2.9794521631961493,215.36763376436807,508.450010633011
energy_ga,2.9998593697933833,215.74155132214062,512.8488777360238
energy_ga,3.0202665763906174,216.08540758507976,517.2550687183613
energy_ga,3.040673782987851,216.39842993206494,521.6679622294497
energy_ga,3.061080989585085,216.6798514507509,526.0869212099268
energy_ga,3.081488196182319,216.92891167012777,530.5112930156163
energy_ga,3.1018954027795527,217.1448573221351,534.9404095567487
energy_ga,3.1223026093767867,217.32694313290872,539.3735874530279
energy_ga,3.1427098159740208,217.47443264421665,543.8101282051506
energy_ga,3.163117022571255,217.5865990656279,548.2493183834049
energy_ga,3.1835242291684884,217.66272615794173,552.6904298339769
energy_ga,3.2039314357657225,217.70210914839888,557.1327199036105
energy_ga,3.2243386423629565,217.704055678186,561.5754316832732
energy_ga,3.24474584896019,217.6678867827454,566.0177942714928
energy_ga,3.265153055557424,217.59293790541037,570.4590230580396
energy_ga,3.2855602621546582,217.478559944887,574.8983200286392
energy_ga,3.305967468751892,217.32412033713396,579.3348740914123
energy_ga,3.326374675349126,217.129004172203,583.7678614257502
energy_ga,3.34678188194636,216.8926153466499,588.1964458543439
energy_ga,3.367189088543594,216.61437775215856,592.6197792391005
energy_ga,3.3875962951408276,216.29373650108195,597.0370019016929
energy_ga,3.408003501738061,215.93015918966617,601.447243069504
energy_ga,3.4284107083352953,215.52313719980356,605.8496213477428
energy_ga,3.448817914932529,215.07218704025806,610.2432452185276
energy_ga,3.469225121529763,214.5768517284015,614.6272135677551
energy_ga,3.489632328126997,214.03670221364422,619.0006162405901
energy_ga,3.5100395347242306,213.45133884386672,623.3625346264438
energy_ga,3.5304467413214646,212.82039287633694,627.7120422743312
energy_ga,3.5508539479186987,212.14352803477084,632.048205539533
energy_ga,3.5712611545159323,211.4204421144109,636.3700842625224
energy_ga,3.5916683611131663,210.65086863721754,640.6767324811593
energy_ga,3.6120755677104004,209.83457855953768,644.9671991771966
energy_ga,3.6324827743076344,208.97138203489214,649.2405290581984
energy_ga,3.652889980904868,208.0611302348448,653.4957633760243
energy_ga,3.673297187502102,207.10371723126514,657.7319407830994
energy_ga,3.693704394099336,206.09908194367586,661.9480982277586
energy_ga,3.7141116006965698,205.04721015580583,666.1432718900389
energy_ga,3.734518807293804,203.94813660591464,670.3164981593758
energy_ga,3.754926013891038,202.8019471559728,674.4668146557614
energy_ga,3.775333220488272,201.60878104530877,678.5932612960321
energy_ga,3.7957404270855055,200.36883323493345,682.6948814070721
energy_ga,3.8161476336827396,199.08235684939143,686.770722887853
energy_ga,3.8365548402799736,197.7496657236663,690.8198394223764
energy_ga,3.8569620468772072,196.37113706341765,694.8412917457482
energy_ga,3.8773692534744413,194.94721422760904,698.8341489657907
energy_ga,3.8977764600716753,193.47840964343735,702.7974899427887
energy_ga,3.9181836666689085,191.96530786437498,706.7304047301825
energy_ga,3.9385908732661425,190.40856878307932,710.6319960792474
energy_ga,3.9589980798633766,188.80893101195298,714.5013810110493
energy_ga,3.97940528646061,187.16721544516298,718.3376924592403
energy_ga,3.9998124930578443,185.4843290170598,722.1400809875498
energy_ga,4.020219699655078,183.761268673056,725.9077165861404
energy_ga,4.040626906252312,181.99912557020792,729.6397905513444
energy_ga,4.061034112849546,180.19908952593124,733.3355174536525
energy_ga,4.08144131944678,178.36245373446835,736.9941371992215
energy_ga,4.104025606019528,176.88195550426408,741.0056079700286
energy_ga,4.126609892592276,175.46729264070143,744.9843861669276
energy_ga,4.149194179165024,174.11623236050076,748.9319334217969
energy_ga,4.171778465737772,172.82660053665035,752.849661603052
energy_ga,4.19436275231052,171.5962820796524,756.7389341446612
energy_ga,4.2169470388832675,170.4232212641304,760.6010673831537
energy_ga,4.239531325456015,169.30542199223967,764.43733190129
energy_ga,4.262115612028763,168.24094798661412,768.2489538768866
energy_ga,4.284699898601511,167.22792290680408,772.0371164351332
energy_ga,4.307284185174259,166.26453038432587,775.8029610026209
energy_ga,4.329868471747007,165.34901397253918,779.547588661201
energy_ga,4.352452758319754,164.4796770085922,783.2720614997169
energy_ga,4.375037044892502,163.654882385636,786.9774039616077
energy_ga,4.39762133146525,162.87305223438952,790.6646041863407
energy_ga,4.420205618037998,162.1326675139526,794.3346153426302
energy_ga,4.442789904610746,161.43226751250643,797.9883569513952
energy_ga,4.465374191183494,160.77044925920947,801.6267161964404
energy_ga,4.487958477756242,160.14586684920272,805.2505492208719
energy_ga,4.5105427643289895,159.55723068416913,808.8606824073163
energy_ga,4.533127050901737,159.00330663136566,812.4579136400675
energy_ga,4.555711337474485,158.48291510445,816.0430135473579
energy_ga,4.578295624047233,157.9949300697764,819.6167267220281
energy_ga,4.600879910619981,157.53827798212424,823.1797729189594
energy_ga,4.623464197192729,157.1119366540638,826.7328482277196
energy_ga,4.646048483765477,156.71493406335418,830.276626218975
energy_ga,4.668632770338225,156.34634710291198,833.8117590633203
energy_ga,4.691217056910973,156.0053002779947,837.3388786212805
energy_ga,4.713801343483721,155.69096435530318,840.8585975033473
energy_ga,4.736385630056469,155.4025549687422,844.3715100990167
energy_ga,4.7589699166292165,155.13933118657147,847.8781935739033
energy_ga,4.7815542032019644,154.90059404465293,851.379208834111
energy_ga,4.804138489774712,154.6856850504437,854.8751014571482
energy_ga,4.826722776347459,154.4939846623072,858.3664025887782
energy_ga,4.849307062920207,154.32491074861923,861.8536298052982
energy_ga,4.871891349492955,154.17791703103376,865.3372879408375
energy_ga,4.894475636065703,154.05249151614444,868.8178698793698
energy_ga,4.917059922638451,153.948154919642,872.2958573112186
energy_ga,4.939644209211199,153.86445908691746,875.771721453934
energy_ga,4.962228495783947,153.80098541390532,879.2459237375032
energy_ga,4.984812782356695,153.75734327179904,882.7189164539399
energy_ga,5.007397068929443,153.73316843910308,886.1911433713798
energy_ga,5.029981355502191,153.72812154431557,889.6630403128859
energy_ga,5.0525656420749385,153.74188652236333,893.1350357002374
energy_ga,5.075149928647686,153.7741690877361,896.6075510630471
energy_ga,5.097734215220434,153.8246952270944,900.0810015136161
energy_ga,5.120318501793182,153.89320971394994,903.5557961879932
energy_ga,5.14290278836593,153.97947464784727,907.0323386537672
energy_ga,5.165487074938678,154.083268020303,910.5110272851692
energy_ga,5.188071361511426,154.20438230959218,913.992255606114
energy_ga,5.210655648084174,154.34262310630535,917.4764126018518
energy_ga,5.233239934656922,154.497807771438,920.9638829999489
energy_ga,5.25582422122967,154.66976412861254,924.4550475213446
energy_ga,5.278408507802418,154.85832919188135,927.9502831022777
energy_ga,5.300992794375166,155.06334793040332,931.4499630878959
energy_ga,5.3235770809479135,155.28467207113994,934.9544573983958
energy_ga,5.346161367520661,155.5221589405729,938.4641326685638
energy_ga,5.368745654093409,155.77567034630286,941.9793523616084
energy_ga,5.391329940666156,156.0450714992534,945.5004768581917
energy_ga,5.413914227238904,156.330229977073,949.0278635215867
energy_ga,5.436498513811652,156.6310147291955,952.5618667398918
energy_ga,5.4590828003844,156.94729512389827,956.102837946252
energy_ga,5.481667086957148,157.27894003757714,959.6511256180331
energy_ga,5.504251373529896,157.6258169863358,963.207075255908
energy_ga,5.526835660102644,157.9877912998817,966.7710293438055
energy_ga,5.549419946675392,158.36472533760798,970.343327290681
energy_ga,5.57200423324814,158.7564777466367,973.9243053550556
energy_ga,5.594588519820888,159.16290276150278,977.5142965532688
energy_ga,5.6171728063936355,159.583849545057,981.1136305523808
energy_ga,5.639757092966383,160.0191615700808,984.7226335486495
energy_ga,5.662341379539131,160.4686760410141,988.3416281324941
energy_ga,5.684925666111879,160.93222335511865,991.9709331408446
energy_ga,5.707509952684627,161.40962660231938,995.6108634977588
energy_ga,5.730094239257375,161.90070110289471,999.2617300441706
energy_ga,5.752678525830123,162.40525398211793,1002.923839357615
energy_ga,5.77526281240287,162.9230837808884,1006.5974935627526
energy_ga,5.797847098975618,163.45398010133312,1010.2829901334966
energy_ga,5.820431385548366,163.99772328630644,1013.980621687517
energy_ga,5.843015672121114,164.55408413166626,1017.6906757738778
energy_ga,5.865599958693862,165.1228236301642,1021.4134346545331
energy_ga,5.8881842452666096,165.70369274574733,1025.1491750803818
energy_ga,5.9107685318393575,166.29643221704035,1028.8981680625557
energy_ga,5.933352818412105,166.90077238874574,1032.6606786395835
energy_ga,5.955937104984853,167.5164330696842,1036.4369656410488
energy_ga,5.978521391557601,168.14312341617688,1040.2272814483279
energy_ga,6.001105678130349,168.78054183946404,1044.031871752965
energy_ga,6.023689964703097,169.4283759358501,1047.8509753132132
energy_ga,6.046274251275845,170.08630243826494,1051.6848237092408
energy_ga,6.068858537848593,170.75398718793977,1055.5336410974692
energy_ga,6.091442824421341,171.43108512490548,1059.3976439644841
energy_ga,6.114027110994089,172.11724029604287,1063.2770408809313
energy_ga,6.136611397566837,172.81208587943144,1067.1720322557771
energy_ga,6.1591956841395845,173.51524422377636,1071.08281009129
energy_ga,6.181779970712332,174.2263269017231,1075.009557739068
energy_ga,6.20436425728508,174.94493477590666,1078.9524496574159
energy_ga,6.226948543857828,175.6706580766257,1082.9116511703437
energy_ga,6.249532830430576,176.40307649007823,1086.8873182284397
energy_ga,6.272117117003324,177.14175925614407,1090.8795971718434
energy_ga,6.294701403576072,177.88626527475685,1094.8886244955247
energy_ga,6.31728569014882,178.63614321996388,1098.9145266170503
energy_ga,6.339869976721568,179.39093166083464,1102.9574196470057
energy_ga,6.362454263294316,180.1501591884437,1107.017409162215
energy_ga,6.385038549867064,180.91334454821913,1111.0945899818896
energy_ga,6.407622836439812,181.67999677702045,1115.1890459468193
energy_ga,6.4302071230125595,182.44961534437715,1119.3008497017058
energy_ga,6.452791409585307,183.22169029739746,1123.430062480728
energy_ga,6.475375696158055,183.99570240892896,1127.5767338964165
energy_ga,6.497959982730803,184.7711233286278,1131.7409017319062
energy_ga,6.520544269303551,185.54741573667485,1135.9225917366323
energy_ga,6.543128555876299,186.32403349994772,1140.1218174255237
energy_ga,6.565712842449047,187.10042183054153,1144.3385798817517
energy_ga,6.588297129021795,187.876017446605,1148.5728675630835
energy_ga,6.610881415594542,188.65024873553426,1152.8246561118954
energy_ga,6.63346570216729,189.4225359196459,1157.0939081689
energy_ga,6.656049988740038,190.1922912245236,1161.380573190644
energy_ga,6.678634275312786,190.958919050305,1165.6845872708423
energy_ga,6.701218561885533,191.7218161462496,1170.0058729656166
energy_ga,6.723802848458281,192.48037178899423,1174.3443391227197
energy_ga,6.7463871350310285,193.23396796497548,1178.6998807148307
energy_ga,6.768971421603776,193.98197955755677,1183.072378677024
energy_ga,6.791555708176524,194.7237745394629,1187.4616997485257
energy_ga,6.814139994749272,195.45871417118707,1191.8676963188802
energy_ga,6.83672428132202,196.1861532060827,1196.2902062786773
energy_ga,6.859308567894768,196.90544010291427,1200.7290528749916
energy_ga,6.881892854467516,197.61591724668224,1205.184044571718
energy_ga,6.904477141040264,198.3169211785893,1209.654974914997
energy_ga,6.927061427613012,199.00778283604984,1214.1416224039465
energy_ga,6.94964571418576,199.68782780368684,1218.6437503669388
energy_ga,6.972230000758508,200.35637657629178,1223.161106843681
energy_ga,6.9948142873312555,201.01274483475123,1227.6934244733804
energy_ga,7.0173985739040035,201.65624373597197,1232.2404203893004
energy_ga,7.039982860476751,202.28618021785235,1236.8017961200321
energy_ga,7.062567147049499,202.90185732037,1241.3772374978385
energy_ga,7.085151433622247,203.50257452386265,1245.966414574441
energy_ga,7.107735720194995,204.08762810558986,1250.568981544655
energy_ga,7.130320006767743,204.65631151566643,1255.1845766782951
energy_ga,7.152904293340491,205.20791577345938,1259.812822260803
energy_ga,7.175488579913239,205.7417298855314,1264.453324543069
energy_ga,7.198072866485987,206.25704128621214,1269.1056737009503
energy_ga,7.220657153058735,206.75313630185926,1273.7694438050055
energy_ga,7.243241439631483,207.2293006398621,1278.4441928009937
energy_ga,7.2658257262042305,207.6848199034163,1283.1294625017083
energy_ga,7.288410012776978,208.11898013307808,1287.8247785907392
energy_ga,7.310994299349726,208.53106837608033,1292.5296506387792
energy_ga,7.333578585922474,208.92037328436567,1297.2435721331124
energy_ga,7.356162872495222,209.28618574225575,1301.9660205209425
energy_ga,7.37874715906797,209.62779952465326,1306.6964572672423
energy_ga,7.401331445640718,209.94451198662634,1311.4343279278228
energy_ga,7.423915732213466,210.23562478519733,1316.1790622383385
energy_ga,7.446500018786214,210.50044463411723,1320.930074219967
energy_ga,7.469084305358961,210.73828409236924,1325.6867623025164
energy_ga,7.491668591931709,210.94846238710758,1330.4485094657275
energy_ga,7.514252878504457,211.13030627169795,1335.2146833995591
energy_ga,7.536837165077205,211.2831509194931,1339.9846366842546
energy_ga,7.5594214516499525,211.4063408539349,1344.7577069910049
energy_ga,7.5820057382227,211.49923091554928,1349.5332173040317
energy_ga,7.604590024795448,211.5611872663591,1354.3104761649352
energy_ga,7.627174311368196,211.591588432223,1359.0887779401503
energy_ga,7.649758597940944,211.5898263835766,1363.8674031123808
energy_ga,7.672342884513692,211.55530765503673,1368.6456185968766
energy_ga,7.69492717108644,211.48745450431662,1373.4226780834435
energy_ga,7.717511457659188,211.38570611089028,1378.1978224050722
energy_ga,7.740095744231936,211.24951981484847,1382.9702799340946
energy_ga,7.762680030804684,211.07837239639102,1387.7392670067761
energy_ga,7.785264317377432,210.8717613964243,1392.5039883772693
energy_ga,7.8078486039501795,210.62920647875313,1397.2636377018612
energy_ga,7.8304328905229275,210.35025083440175,1402.0173980544612
energy_ga,7.8530171770956745,210.0344626286405,1406.7644424742869
energy_ga,7.875601463668422,209.68143649136516,1411.5039345467192
energy_ga,7.89818575024117,209.29079505155332,1416.2350290183138
energy_ga,7.920770036813918,208.86219051660592,1420.9568724469746
energy_ga,7.943354323386666,208.39530629750737,1425.6686038883133
energy_ga,7.965938609959414,207.88985868084882,1430.3693556192407
energy_ga,7.988522896532162,207.34559854891754,1435.0582538998622
energy_ga,8.01110718310491,206.76231314921438,1439.7344197747786
energy_ga,8.033691469677658,206.13982791495275,1444.3969699149259
energy_ga,8.056275756250406,205.4780083382997,1449.045017501125
energy_ga,8.078860042823154,204.77676189835555,1453.6776731505556
energy_ga,8.101444329395902,204.03604004612552,1458.2940458874168
energy_ga,8.12402861596865,203.2558402490191,1462.8932441590862
energy_ga,8.146612902541397,202.43620809772545,1467.4743768991602
energy_ga,8.169197189114145,201.57723947864528,1472.0365546388146
energy_ga,8.191781475686893,200.6790828154321,1476.578890668009
energy_ga,8.214365762259641,199.7419413835744,1481.1005022481409
energy_ga,8.236950048832389,198.76607570238548,1485.6005118778444
energy_ga,8.259534335405137,197.75180600919984,1490.078048613741
energy_ga,8.282118621977885,196.6995148210543,1494.5322494480556
energy_ga,8.304702908550633,195.6096495896307,1498.9622607451388
energy_ga,8.32728719512338,194.482725455747,1503.367239739073
energy_ga,8.349871481696129,193.31932811023387,1507.74635609469
energy_ga,8.372455768268876,192.12011676857352,1512.098793534482
energy_ga,8.395040054841624,190.88582726724928,1516.4237515340674
energy_ga,8.41762434141437,189.61727529031847,1520.720447089057
energy_ga,8.440208627987118,188.3153597352733,1524.988116556363
energy_ga,8.462792914559866,186.9810662278129,1529.2260175732022
energy_ga,8.485377201132614,185.61547079564815,1533.4334310572779
energy_ga,8.507961487705362,184.21974371195043,1537.6096632918445
energy_ga,8.53054577427811,182.7951535194516,1541.7540480996154
energy_ga,8.553130060850858,181.34307124654168,1545.8659491097187
energy_ga,8.575714347423606,179.8649748269241,1549.9447621221714
energy_ga,8.598298633996354,178.36245373446835,1553.989917574596
energy_ga,8.636757257833704,178.37566722737833,1560.8497461758532
energy_ga,8.675215881671052,178.4137242179921,1567.71056067323
energy_ga,8.713674505508402,178.4743248448934,1574.5732722887076
energy_ga,8.752133129345752,178.555268880879,1581.4387057106583
energy_ga,8.7905917531831,178.65445465908272,1588.3076029049917
energy_ga,8.829050377020451,178.7698779822225,1595.1806268846756
energy_ga,8.867509000857801,178.89963099642654,1602.0583654366253
energy_ga,8.90596762469515,179.04190101417342,1608.9413348043051
energy_ga,8.9444262485325,179.19496927364986,1615.8299833238395
energy_ga,8.98288487236985,179.3572096243234,1622.7246950109893
energy_ga,9.021343496207198,179.52708713076925,1629.625793096007
energy_ga,9.059802120044548,179.7031565888066,1636.5335435031125
energy_ga,9.098260743881898,179.8840609498107,1643.448158271131
energy_ga,9.136719367719246,180.0685296506912,1650.369798911723
energy_ga,9.175177991556597,180.25537684848626,1657.298579701551
energy_ga,9.213636615393947,180.4434995598245,1664.234570904722
energy_ga,9.252095239231295,180.63187570666904,1671.1778019218737
energy_ga,9.290553863068645,180.81956207079944,1678.1282643623501
energy_ga,9.329012486905995,181.00569216040054,1685.0859150360159
energy_ga,9.367471110743343,181.18947399294012,1692.0506788614146
energy_ga,9.405929734580694,181.37018779923017,1699.0224516871456
energy_ga,9.444388358418044,181.547183654181,1706.001103023529
energy_ga,9.482846982255392,181.7198790402916,1712.9864786818614
energy_ga,9.521305606092742,181.88775635037038,1719.9784033188002
energy_ga,9.559764229930092,182.05036033635682,1726.9766828836646
energy_ga,9.59822285376744,182.20729551141886,1733.9811069667264
energy_ga,9.63668147760479,182.35822351274422,1740.9914510468357
energy_ga,9.67514010144214,182.50286043261605,1748.007478637007
energy_ga,9.713598725279489,182.64097412548858,1755.0289433269054
energy_ga,9.75205734911684,182.77238149883993,1762.0555907214552
energy_ga,9.79051597295419,182.89694579559338,1769.087160275092
energy_ga,9.828974596791538,183.0145738758665,1776.1233870214905
energy_ga,9.867433220628888,183.12521350572706,1783.1640031988886
energy_ga,9.905891844466238,183.2288506605143,1790.2087397714156
energy_ga,9.944350468303586,183.32550685012686,1797.2573278471368
energy_ga,9.982809092140936,183.41523647348214,1804.3094999937932
energy_ga,10.021267715978286,183.49812420912602,1811.3649914534885
energy_ga,10.059726339815635,183.5742824487123,1818.4235412578505
energy_ga,10.098184963652985,183.64384877978858,1825.4848932454363
energy_ga,10.136643587490333,183.70698352401314,1832.5487969833907
energy_ga,10.175102211327683,183.76386733659837,1839.6150085956103
energy_ga,10.213560835165033,183.8146988724219,1846.683291499863
energy_ga,10.252019459002383,183.85969252388165,1853.7534170565314
energy_ga,10.290478082839732,183.89907623518542,1860.8251651318271
energy_ga,10.328936706677082,183.9330893973727,1867.8983245784973
energy_ga,10.36739533051443,183.96198082796144,1874.9726936372028
energy_ga,10.40585395435178,183.986006838698,1882.0480802618938
energy_ga,10.44431257818913,184.00542939447476,1889.1243023726227
energy_ga,10.48277120202648,184.02051436605512,1896.2011880393586
energy_ga,10.521229825863829,184.03152987882524,1903.2785756004491
energy_ga,10.559688449701179,184.0387447593705,1910.3563137194594
energy_ga,10.598147073538527,184.04242708125352,1917.4342613841739
energy_ga,10.636605697375877,184.0428428109587,1924.5122878516008
energy_ga,10.675064321213227,184.04025455455644,1931.5902725428343
energy_ga,10.713522945050578,184.03492040524097,1938.668104891657
energy_ga,10.751981568887926,184.02709289150218,1945.7456841507553
energy_ga,10.790440192725276,184.01701802531016,1952.8229191594062
energy_ga,10.828898816562624,184.00493444932295,1959.8997280764604
energy_ga,10.867357440399974,183.99107268176607,1966.9760380824112
energy_ga,10.905816064237325,183.97565445729575,1974.0517850542622
energy_ga,10.944274688074675,183.95889216182488,1981.1269132168575
energy_ga,10.982733311912023,183.94098835898114,1988.201374774235
energy_ga,11.021191935749373,183.92213540557114,1995.2751295244818
energy_ga,11.059650559586721,183.90251515314696,2002.3481444614526
energy_ga,11.098109183424071,183.88229873251487,2009.420393366612
energy_ga,11.136567807261422,183.86164641777975,2016.4918563941112
energy_ga,11.175026431098772,183.84070756630737,2023.5625196521023
energy_ga,11.21348505493612,183.81962063077603,2030.6323747831261
energy_ga,11.25194367877347,183.79851323931493,2037.7014185462754
energy_ga,11.290402302610818,183.77750233956323,2044.769652403665
energy_ga,11.328860926448169,183.7566944023441,2051.837082113595
energy_ga,11.367319550285519,183.7361856805273,2058.903717332601
energy_ga,11.405778174122867,183.71606251855746,2065.9695712284392
energy_ga,11.444236797960217,183.69640170804274,2073.0346601058613
energy_ga,11.482695421797567,183.67727088474368,2080.0990030468574
energy_ga,11.521154045634916,183.6587289622605,2087.1626215668734
energy_ga,11.559612669472266,183.6408265977019,2094.2255392883267
energy_ga,11.598071293309616,183.62360668461443,2101.2877816325476
energy_ga,11.636529917146966,183.60710486847827,2108.349375531119
energy_ga,11.674988540984314,183.59135008010662,2115.410349157381
energy_ga,11.713447164821664,183.57636508234862,2122.470731678707
energy_ga,11.751905788659013,183.56216702556608,2129.5305530299743
energy_ga,11.790364412496363,183.54876800744827,2136.5898437084807
energy_ga,11.828823036333713,183.53617563283623,2143.648634590389
energy_ga,11.867281660171061,183.52439356935085,2150.706956768624
energy_ga,11.905740284008411,183.51342209476005,2157.7648414119785
energy_ga,11.944198907845761,183.503258632171,2164.8223196450335
energy_ga,11.98265753168311,183.4938982693033,2171.8794224483586
energy_ga,12.02111615552046,183.48533425827677,2178.9361805783074
energy_ga,12.05957477935781,183.47755849254023,2185.992624505592
energy_ga,12.098033403195158,183.47056195777282,2193.0487843717024
energy_ga,12.136492027032508,183.46433515380085,2200.104689962108
energy_ga,12.174950650869858,183.45886848480018,2207.160370695074
energy_ga,12.213409274707207,183.45415261528402,2214.2158556248305
energy_ga,12.251867898544557,183.45017878962037,2221.2711734577283
energy_ga,12.290326522381907,183.44693911306877,2228.326352579942
energy_ga,12.328785146219255,183.44442679258233,2235.38142109521
energy_ga,12.367243770056605,183.44263633588216,2242.436406871034
energy_ga,12.405702393893954,183.44156370757366,2249.4913375917026
energy_ga,12.444161017731304,183.44120644134725,2256.546240816484
energy_ga,12.482619641568654,183.4415637075737,2263.6011440412653
energy_ga,12.521078265406004,183.44263633588216,2270.6560747619346
energy_ga,12.559536889243352,183.44442679258233,2277.7110605377584
energy_ga,12.597995513080702,183.44693911306877,2284.766129053027
energy_ga,12.63645413691805,183.45017878962037,2291.82130817524
energy_ga,12.6749127607554,183.45415261528402,2298.876626008138
energy_ga,12.713371384592751,183.45886848480018,2305.932110937895
energy_ga,12.751830008430101,183.46433515380085,2312.987791670861
energy_ga,12.790288632267451,183.47056195777282,2320.0436972612665
energy_ga,12.8287472561048,183.47755849254023,2327.0998571273767
energy_ga,12.867205879942148,183.48533425827677,2334.156301054661
energy_ga,12.905664503779498,183.4938982693033,2341.21305918461
energy_ga,12.944123127616848,183.503258632171,2348.2701619879354
energy_ga,12.982581751454198,183.51342209476005,2355.3276402209904
energy_ga,13.021040375291548,183.52439356935082,2362.385524864345
energy_ga,13.059498999128895,183.53617563283623,2369.4438470425794
energy_ga,13.097957622966245,183.54876800744827,2376.5026379244878
energy_ga,13.136416246803595,183.56216702556605,2383.561928602994
energy_ga,13.174874870640945,183.57636508234864,2390.6217499542618
energy_ga,13.213333494478295,183.59135008010662,2397.682132475588
energy_ga,13.251792118315644,183.60710486847827,2404.7431061018497
energy_ga,13.290250742152994,183.62360668461443,2411.8047000004212
energy_ga,13.328709365990342,183.6408265977019,2418.866942344642
energy_ga,13.367167989827692,183.65872896226054,2425.9298600660954
energy_ga,13.405626613665042,183.67727088474368,2432.993478586112
energy_ga,13.444085237502392,183.69640170804274,2440.057821527108
energy_ga,13.48254386133974,183.71606251855746,2447.12291040453
energy_ga,13.52100248517709,183.7361856805273,2454.188764300369
energy_ga,13.559461109014439,183.7566944023441,2461.2553995193744
energy_ga,13.59791973285179,183.77750233956326,2468.3228292293043
energy_ga,13.63637835668914,183.79851323931493,2475.3910630866944
energy_ga,13.67483698052649,183.81962063077603,2482.4601068498437
energy_ga,13.71329560436384,183.84070756630737,2489.529961980868
energy_ga,13.751754228201188,183.86164641777975,2496.600625238859
energy_ga,13.790212852038536,183.88229873251487,2503.6720882663576
energy_ga,13.828671475875886,183.90251515314705,2510.7443371715167
energy_ga,13.867130099713236,183.92213540557114,2517.8173521084877
energy_ga,13.905588723550586,183.94098835898114,2524.8911068587345
energy_ga,13.944047347387936,183.95889216182488,2531.9655684161125
energy_ga,13.982505971225285,183.97565445729575,2539.0406965787074
energy_ga,14.020964595062633,183.99107268176607,2546.116443550558
energy_ga,14.059423218899983,184.00493444932303,2553.1927535565087
energy_ga,14.097881842737333,184.01701802531016,2560.2695624735634
energy_ga,14.136340466574683,184.02709289150218,2567.3467974822142
energy_ga,14.174799090412032,184.034920405241,2574.4243767413127
energy_ga,14.21325771424938,184.04025455455644,2581.5022090901352
energy_ga,14.25171633808673,184.0428428109587,2588.580193781369
energy_ga,14.29017496192408,184.04242708125352,2595.658220248796
energy_ga,14.32863358576143,184.0387447593705,2602.736167913511
energy_ga,14.36709220959878,184.03152987882524,2609.813906032521
energy_ga,14.405550833436129,184.02051436605515,2616.8912935936114
energy_ga,14.444009457273477,184.00542939447476,2623.968179260347
energy_ga,14.482468081110827,183.98600683869802,2631.0444013710758
energy_ga,14.520926704948177,183.96198082796144,2638.1197879957667
energy_ga,14.559385328785527,183.9330893973727,2645.1941570544727
energy_ga,14.597843952622878,183.89907623518542,2652.267316501143
energy_ga,14.636302576460226,183.85969252388165,2659.3390645764384
energy_ga,14.674761200297576,183.81469887242199,2666.409190133107
energy_ga,14.713219824134924,183.76386733659837,2673.4774730373592
energy_ga,14.751678447972274,183.70698352401314,2680.543684649579
energy_ga,14.790137071809625,183.6438487797885,2687.6075883875337
energy_ga,14.828595695646975,183.57428244871235,2694.6689403751193
energy_ga,14.867054319484323,183.49812420912602,2701.7274901794813
energy_ga,14.905512943321673,183.4152364734822,2708.7829816391763
energy_ga,14.943971567159021,183.32550685012677,2715.8351537858325
energy_ga,14.982430190996372,183.22885066051424,2722.883741861554
energy_ga,15.020888814833722,183.1252135057271,2729.9284784340807
energy_ga,15.05934743867107,183.0145738758665,2736.9690946114783
energy_ga,15.09780606250842,182.89694579559338,2744.005321357877
energy_ga,15.136264686345768,182.77238149883993,2751.0368909115136
energy_ga,15.174723310183118,182.64097412548858,2758.0635383060635
energy_ga,15.213181934020469,182.50286043261605,2765.0850029959624
energy_ga,15.251640557857819,182.35822351274422,2772.1010305861337
energy_ga,15.290099181695169,182.20729551141886,2779.111374666243
energy_ga,15.328557805532517,182.05036033635682,2786.115798749305
energy_ga,15.367016429369865,181.88775635037038,2793.114078314169
energy_ga,15.405475053207216,181.7198790402916,2800.106002951108
energy_ga,15.443933677044566,181.547183654181,2807.091378609441
energy_ga,15.482392300881916,181.3701877992301,2814.0700299458244
energy_ga,15.520850924719266,181.18947399294007,2821.0418027715555
energy_ga,15.559309548556614,181.00569216040049,2828.006566596954
energy_ga,15.597768172393963,180.81956207079944,2834.9642172706194
energy_ga,15.636226796231313,180.63187570666904,2841.914679711096
energy_ga,15.674685420068663,180.4434995598245,2848.857910728248
energy_ga,15.713144043906013,180.25537684848638,2855.793901931419
energy_ga,15.751602667743363,180.0685296506912,2862.722682721247
energy_ga,15.790061291580711,179.88406094981073,2869.644323361839
energy_ga,15.828519915418061,179.7031565888066,2876.5589381298573
energy_ga,15.86697853925541,179.52708713076925,2883.4666885369625
energy_ga,15.90543716309276,179.3572096243234,2890.3677866219805
energy_ga,15.94389578693011,179.1949692736498,2897.26249830913
energy_ga,15.982354410767458,179.04190101417342,2904.151146828664
energy_ga,16.020813034604807,178.89963099642654,2911.034116196344
energy_ga,16.059271658442157,178.7698779822225,2917.9118547482935
energy_ga,16.097730282279507,178.65445465908272,2924.7848787279777
energy_ga,16.136188906116857,178.555268880879,2931.653775922311
energy_ga,16.174647529954207,178.4743248448934,2938.519209344262
energy_ga,16.213106153791557,178.4137242179921,2945.3819209597395
energy_ga,16.251564777628907,178.37566722737833,2952.242735457117
energy_ga,16.290023401466254,178.36245373446835,2959.1025640583734
energy_ga,16.384710901466253,178.78774951079444,2976.011393993266
energy_ga,16.479398401466252,179.20219887582317,2992.959980612195
energy_ga,16.574085901466255,179.60574739564646,3009.9472943184855
energy_ga,16.668773401466254,179.99834949407244,3026.972300780608
energy_ga,16.763460901466253,180.379968376498,3044.0339617672926
energy_ga,16.858148401466252,180.75057600505642,3061.1312359778567
energy_ga,16.952835901466255,181.11015311083366,3078.2630798719374
energy_ga,17.047523401466254,181.45868923054303,3095.428448501537
energy_ga,17.142210901466253,181.7961827565349,3112.626296347175
energy_ga,17.236898401466252,182.1226409904152,3129.8555781589444
energy_ga,17.331585901466255,182.43808019184095,3147.115249802417
energy_ga,17.426273401466254,182.74252561526873,3164.4042691085974
energy_ga,17.520960901466253,183.03601152855217,3181.7215967265
energy_ga,17.615648401466252,183.31858120832004,3199.0661969763864
energy_ga,17.710335901466255,183.5902869080239,3216.43703870127
energy_ga,17.805023401466254,183.8511897954245,3233.8330961139486
energy_ga,17.899710901466253,184.10135985709314,3251.25334963656
energy_ga,17.994398401466253,184.34087576824274,3268.696786729447
energy_ga,18.089085901466255,184.56982472687642,3286.1624027060134
energy_ga,18.183773401466254,184.78830225184845,3303.6492015301624
energy_ga,18.278460901466254,184.9964119449833,3321.1561965929186
energy_ga,18.373148401466253,185.19426521789117,3338.6824114648484
energy_ga,18.467835901466252,185.38198098455447,3356.2268806209954
energy_ga,18.562523401466255,185.5596853211503,3373.788650135157
energy_ga,18.657210901466254,185.7275110949118,3391.3667783404794
energy_ga,18.751898401466253,185.88559756412263,3408.9603364535556
energy_ga,18.846585901466256,186.03408995159555,3426.5684091593785
energy_ga,18.941273401466255,186.17313899418735,3444.19009515478
energy_ga,19.035960901466254,186.30290047108477,3461.824507648214
energy_ga,19.130648401466253,186.4235347137235,3479.4707748139945
energy_ga,19.225335901466252,186.53520610031225,3497.128040199409
energy_ga,19.320023401466255,186.63808253800315,3514.7954630833797
energy_ga,19.414710901466254,186.73233493579417,3532.4722187856546
energy_ga,19.509398401466253,186.81813667126545,3550.157498925801
energy_ga,19.604085901466256,186.89566305424472,3567.8505116315564
energy_ga,19.698773401466255,186.96509079046385,3585.5504816963917
energy_ga,19.793460901466254,187.0265974482202,3603.256650686442
energy_ga,19.888148401466253,187.08036093098224,3620.968276997207
energy_ga,19.982835901466252,187.1265589587925,3638.684635860738
energy_ga,20.077523401466255,187.16536856121704,3656.405019304264
energy_ga,20.172210901466254,187.1969655844721,3674.128736061474
energy_ga,20.266898401466253,187.22152421522915,3691.8551114379284
energy_ga,20.361585901466253,187.23921652345555,3709.5834871322754
energy_ga,20.456273401466255,187.25021202650072,3727.313221015188
energy_ga,20.550960901466254,187.25467727647518,3745.0436868681254
energy_ga,20.645648401466254,187.25277547280558,3762.774274084224
energy_ga,20.740335901466253,187.24466610167457,3780.504387333766
energy_ga,20.835023401466252,187.23050460388174,3798.2334461968567
energy_ga,20.929710901466255,187.21044207247692,3815.960884766066
energy_ga,21.024398401466254,187.18462498134045,3833.686151221895
energy_ga,21.119085901466253,187.1531949456964,3851.4087073840656
energy_ga,21.213773401466256,187.11628851536528,3869.1280282416756
energy_ga,21.308460901466255,187.074037001377,3886.8436014653585
energy_ga,21.403148401466254,187.02656633638333,3904.5549269046305
energy_ga,21.497835901466253,186.97399696913175,3922.261516073626
energy_ga,21.592523401466252,186.9164437930824,3939.962891628462
energy_ga,21.687210901466255,186.85401610908153,3957.6585868394554
energy_ga,21.781898401466254,186.78681762183254,3975.348145061403
energy_ga,21.876585901466253,186.71494646974406,3993.0311192051136
energy_ga,21.971273401466252,186.63849528757805,4010.707071213312
energy_ga,22.065960901466255,186.55755130116566,4028.375571543998
energy_ga,22.160648401466254,186.47219645331725,4046.0361986642492
energy_ga,22.255335901466253,186.38250755991157,4063.6885385573755
energy_ga,22.350023401466252,186.2885564950198,4081.332184246226
energy_ga,22.444710901466255,186.1904104037986,4098.9667353353425
energy_ga,22.539398401466254,186.08813194176633,4116.591797574515
energy_ga,22.634085901466253,185.98177953897616,4134.206982446181
energy_ga,22.728773401466256,185.87140768749643,4151.811906778935
energy_ga,22.823460901466255,185.75706725052174,4169.406192389281
energy_ga,22.918148401466254,185.63880579135792,4186.989465753608
energy_ga,23.012835901466254,185.5166679204499,4204.561357712151
energy_ga,23.107523401466253,185.39069565856278,4222.121503206595
energy_ga,23.202210901466252,185.26092881416986,4239.669541052725
energy_ga,23.296898401466255,185.1274053730596,4257.205113749403
energy_ga,23.391585901466254,184.99016189813705,4274.727867324898
energy_ga,23.486273401466253,184.8492339373711,4292.237451221486
energy_ga,23.580960901466256,184.70465643782094,4309.733518218936
energy_ga,23.675648401466255,184.55646416366895,4327.2157243974125
energy_ga,23.770335901466254,184.40469211618714,4344.683729140037
energy_ga,23.865023401466253,184.24937595357554,4362.137195175214
energy_ga,23.959710901466252,184.09055240862918,4379.5757886586125
energy_ga,24.054398401466255,183.9282597022173,4396.999179294486
energy_ga,24.149085901466254,183.7625379505939,4414.407040495861
energy_ga,24.243773401466253,183.5934295646014,4431.799049582908
energy_ga,24.338460901466256,183.42097963888116,4449.174888018636
energy_ga,24.433148401466255,183.2452363292619,4466.534241680878
energy_ga,24.527835901466254,183.06625121656265,4483.8768011693755
energy_ga,24.622523401466253,182.88407965511902,4501.202262146581
energy_ga,24.717210901466252,182.69878110442139,4518.510325710666
energy_ga,24.81189840146625,182.51041944233612,4535.800698799051
energy_ga,24.906585901466254,182.31906325847353,4553.073094620668
energy_ga,25.001273401466253,182.12478612636139,4570.327233114981
energy_ga,25.095960901466256,181.92766685318344,4587.562841435732
energy_ga,25.190648401466255,181.72778970594842,4604.779654457203
energy_ga,25.285335901466254,181.5252446130647,4621.977415300744
energy_ga,25.380023401466254,181.32012734040836,4639.155875879166
energy_ga,25.474710901466253,181.11253964109144,4656.314797456572
energy_ga,25.569398401466252,180.9025893782529,4673.453951221081
energy_ga,25.66408590146625,180.6903906203225,4690.573118867888
energy_ga,25.758773401466254,180.47606370832605,4707.672093190011
energy_ga,25.853460901466256,180.25973529493163,4724.750678674071
energy_ga,25.948148401466256,180.0415383550588,4741.808692098438
energy_ga,26.042835901466255,179.82161216800364,4758.845963131014
energy_ga,26.137523401466254,179.60010227115825,4775.862334923993
energy_ga,26.232210901466253,179.37716038553177,4792.857664702896
energy_ga,26.326898401466252,179.15294431340558,4809.831824347236
energy_ga,26.421585901466255,178.92761780858316,4826.784700960199
energy_ga,26.516273401466254,178.70135041981487,4843.716197424762
energy_ga,26.610960901466257,178.47431730810533,4860.626232943756
energy_ga,26.705648401466256,178.24669903872515,4877.514743561426
energy_ga,26.800335901466255,178.01868134886692,4894.381682664151
energy_ga,26.895023401466254,177.79045489200104,4911.227021458055
energy_ga,26.989710901466253,177.5622149600897,4928.050749421364
energy_ga,27.084398401466252,177.33416118492963,4944.85287472948
energy_ga,27.179085901466255,177.10649721998678,4961.633424650839
energy_ga,27.27377340146625,176.87943040418745,4978.392445911795
energy_ga,27.368460901466253,176.65317140921653,4995.130005028899
energy_ga,27.463148401466253,176.42793387195707,5011.8461886070545
energy_ga,27.557835901466255,176.2039340137848,5028.541103602271
energy_ga,27.652523401466254,175.98139024850062,5045.214877547813
energy_ga,27.747210901466254,175.76052278074957,5061.867658742791
energy_ga,27.841898401466253,175.54155319682968,5078.499616402354
energy_ga,27.936585901466252,175.3247040498456,5095.110940768876
energy_ga,28.03127340146625,175.1101984412035,5111.701843183687
energy_ga,28.125960901466254,174.8982596004748,5128.272556119098
energy_ga,28.220648401466256,174.68911046568525,5144.823333170669
energy_ga,28.315335901466256,174.48297326610168,5161.354449009846
energy_ga,28.410023401466255,174.28006910959417,5177.86619929732
energy_ga,28.504710901466254,174.0806175766569,5194.358900557622
energy_ga,28.599398401466253,173.8848363231547,5210.832890015691
energy_ga,28.694085901466252,173.69294069384975,5227.2885253963395
energy_ga,28.788773401466255,173.50514334873023,5243.726184687731
energy_ga,28.883460901466254,173.32165390413016,5260.146265870171
energy_ga,28.978148401466257,173.1426785905792,5276.549186611718
energy_ga,29.072835901466256,172.96841992927034,5292.9353839322675
energy_ga,29.167523401466255,172.79907642896305,5309.305313837977
energy_ga,29.262210901466254,172.63484230507203,5325.659450928041
energy_ga,29.356898401466253,172.47590722260205,5341.998287975992
energy_ga,29.451585901466252,172.3224560645041,5358.3223354878655
energy_ga,29.546273401466255,172.17466872692017,5374.63212123971
energy_ga,29.64096090146625,172.03271994268124,5390.928189797035
energy_ga,29.735648401466253,171.89677913430066,5407.211102018961
energy_ga,29.830335901466253,171.76701029758095,5423.481434549877
energy_ga,29.925023401466255,171.64357191681916,5439.739779301591
energy_ga,30.019710901466254,171.5266169124523,5455.986742928976
energy_ga,30.114398401466254,171.41629262183937,5472.22294630224
energy_ga,30.209085901466253,171.31274081371825,5488.449023978955
energy_ga,30.303773401466252,171.21609773671804,5504.665623679077
energy_ga,30.39846090146625,171.12649420213847,5520.873405766182
energy_ga,30.493148401466254,171.0440557010372,5537.073042738161
energy_ga,30.587835901466256,170.9689025554895,5553.265218730619
energy_ga,30.682523401466256,170.90115010370593,5569.450629036203
energy_ga,30.777210901466255,170.84090891850832,5585.629979643036
energy_ga,30.871898401466254,170.78828505848182,5601.803986795384
energy_ga,30.966585901466253,170.74338035093163,5617.973376579611
energy_ga,31.061273401466252,170.70629270558652,5634.13888453838
energy_ga,31.155960901466255,170.67711645780471,5650.30125531596
energy_ga,31.250648401466254,170.65594273984894,5666.461242337348
energy_ga,31.345335901466257,170.64285987861788,5682.619607523817
energy_ga,31.440023401466256,170.63795381803556,5698.777121047267
energy_ga,31.534710901466255,170.64130856412828,5714.934561125673
energy_ga,31.629398401466254,170.65300665064677,5731.0927138616225
energy_ga,31.724085901466253,170.67312962292561,5747.252373125824
energy_ga,31.818773401466252,170.70175853751977,5763.41434048717
energy_ga,31.913460901466255,170.73897447500923,5779.579425190733
energy_ga,32.00814840146626,170.78485906322928,5795.748444184809
energy_ga,32.10283590146625,170.8394950080605,5811.922222197871
energy_ga,32.197523401466256,170.90296662880385,5828.101591865992
energy_ga,32.29221090146625,170.9753603950736,5844.287393911028
energy_ga,32.386898401466254,171.05676546206433,5860.480477369578
energy_ga,32.481585901466254,171.1472742009921,5876.681699872375
energy_ga,32.57627340146625,171.24698272147324,5892.891927973548
energy_ga,32.67096090146625,171.35599138259138,5909.112037528787
energy_ga,32.76564840146625,171.47440528941442,5925.342914121227
energy_ga,32.86033590146626,171.60233477176152,5941.585453533499
energy_ga,32.95502340146625,171.73989584208692,5957.840562264122
energy_ga,33.049710901466256,171.8872106294452,5974.109158086135
energy_ga,33.144398401466255,172.04440778663454,5990.392170645521
energy_ga,33.239085901466254,172.2116228677778,6006.690542096816
energy_ga,33.33377340146625,172.38899867381227,6023.0052277729255
energy_ga,33.42846090146625,172.5766855635962,6039.33719688604
energy_ga,33.52314840146626,172.77484172863308,6055.687433256283
energy_ga,33.61783590146625,172.9836334297478,6072.056936064561
energy_ga,33.71252340146626,173.20323519442658,6088.446720625988
energy_ga,33.807210901466256,173.4338299739706,6104.857819180054
energy_ga,33.901898401466255,173.67560926009656,6121.291281693792
energy_ga,33.996585901466254,173.92877316116096,6137.748176674048
energy_ga,34.09127340146625,174.1935304387902,6154.2295919851085
energy_ga,34.18596090146626,174.47009850636414,6170.736635667981
energy_ga,34.28064840146625,174.75870339153232,6187.2704367578335
energy_ga,34.37533590146626,175.05957966574726,6203.832146096328
energy_ga,34.47002340146625,175.3729703446722,6220.422937135882
energy_ga,34.564710901466256,175.69912676427248,6237.044006733385
energy_ga,34.65939840146625,176.038308438433,6253.696575931262
energy_ga,34.754085901466254,176.39078290505802,6270.381890724556
energy_ga,34.848773401466254,176.75682556881318,6287.10122281324
energy_ga,34.94346090146625,177.13671954996238,6303.855870339958
energy_ga,35.03814840146625,177.53075555014306,6320.647158614228
energy_ga,35.13283590146625,177.93923174740974,6337.476440825346
energy_ga,35.22752340146626,178.36245373446835,6354.34509874738
energy_ga,35.30551279978423,178.36573687727025,6368.255607221814
energy_ga,35.383502198102214,178.3751932330665,6382.166612469166
energy_ga,35.46149159642019,178.3902524398704,6396.078573693504
energy_ga,35.53948099473816,178.41036963268036,6409.991906610962
energy_ga,35.61747039305614,178.43502535399628,6423.906985434738
energy_ga,35.69545979137412,178.46372557320643,6437.8241448573635
energy_ga,35.773449189692094,178.49600178096918,6451.743682037414
energy_ga,35.85143858801007,178.53141112859214,6465.665858595334
energy_ga,35.929427986328044,178.56953658604587,6479.590902620856
energy_ga,36.007417384646025,178.60998709562844,6493.519010692574
energy_ga,36.085406782964,178.65239770145462,6507.450349908559
energy_ga,36.163396181281975,178.6964296378691,6521.385059925472
energy_ga,36.24138557959995,178.74177036260005,6535.32325500242
energy_ga,36.31937497791793,178.78813352297888,6549.265026044782
energy_ga,36.397364376235906,178.8352588458692,6563.210442642421
energy_ga,36.47535377455388,178.88291194407464,6577.159555096078
energy_ga,36.553343172871855,178.9308840339479,6591.1123964251765
energy_ga,36.63133257118984,178.97899156070358,6605.068984350022
energy_ga,36.70932196950781,179.0270757295577,6619.029323241098
energy_ga,36.78731136782579,179.07500194228115,6632.993406028119
energy_ga,36.86530076614376,179.12265914007787,6646.961216061479
energy_ga,36.94329016446174,179.16995905487502,6660.932728918879
energy_ga,37.02127956277972,179.21683537216703,6674.907914150115
energy_ga,37.09926896109769,179.2632428094779,6688.886736953299
energy_ga,37.177258359415674,179.30915611531583,6702.869159776089
energy_ga,37.25524775773365,179.35456899419128,6716.855143835976
energy_ga,37.333237156051624,179.3994929638609,6730.844650554095
energy_ga,37.4112265543696,179.4439561514565,6744.837642897521
energy_ga,37.48921595268757,179.48800203555774,6758.834086625569
energy_ga,37.567205351005555,179.53168814158388,6772.833951436181
energy_ga,37.64519474932353,179.57508469811492,6786.837212009021
energy_ga,37.723184147641504,179.6182732619109,6800.843848942578
energy_ga,37.801173545959486,179.6613453194881,6814.853849583116
energy_ga,37.87916294427746,179.7044008731342,6828.867208743943
energy_ga,37.957152342595435,179.74754701920972,6842.883929314116
energy_ga,38.03514174091341,179.79089652649023,6856.904022756272
energy_ga,38.11313113923139,179.83456642216518,6870.927509493868
energy_ga,38.19112053754937,179.87867659291587,6884.954419188744
energy_ga,38.26910993586734,179.92334840827027,6898.98479091046
energy_ga,38.347099334185316,179.96870337316167,6913.018673199388
energy_ga,38.4250887325033,180.0148618163149,6927.056124026133
energy_ga,38.50307813082127,180.06194162075437,6941.097210650291
energy_ga,38.58106752913925,180.11005700236808,6955.142009382092
energy_ga,38.65905692745722,180.15931734207814,6969.19060525085
energy_ga,38.737046325775204,180.20982607677033,6983.243091584652
energy_ga,38.81503572409318,180.2616796537127,6997.299569505999
energy_ga,38.89302512241115,180.314966552765,7011.360147348577
energy_ga,38.97101452072913,180.36976638023597,7025.424940000539
energy_ga,39.04900391904711,180.42614903779585,7039.494068180058
energy_ga,39.126993317365084,180.48417396939644,7053.567657649097
energy_ga,39.20498271568306,180.54388948869115,7067.645838371597
energy_ga,39.28297211400104,180.6053321889904,7081.728743622422
energy_ga,39.360961512319015,180.66852643732946,7095.816509053562
energy_ga,39.43895091063699,180.73348395377263,7109.9092717242165
energy_ga,39.516940308954965,180.8002034766315,7124.0071691014045
energy_ga,39.59492970727295,180.8686705138338,7138.110338037834
energy_ga,39.67291910559092,180.93885718025075,7152.218913733722
energy_ga,39.750908503908896,181.0107221203704,7166.3330286892715
energy_ga,39.82889790222687,181.08421051529902,7180.452811654393
energy_ga,39.90688730054485,181.15925417267854,7194.578386582211
energy_ga,39.98487669886283,181.23577169773267,7208.709871592741
energy_ga,40.0628660971808,181.31366874329032,7222.847377952999
energy_ga,40.140855495498776,181.39283833629418,7236.991009079574
energy_ga,40.21884489381676,181.47316127797507,7251.140859569558
energy_ga,40.29683429213473,181.5545066145674,7265.297014265417
energy_ga,40.37482369045271,181.6367321751538,7279.459547359202
energy_ga,40.45281308877068,181.7196851729645,7293.628521541179
energy_ga,40.530802487088664,181.8032028662071,7307.803987197674
energy_ga,40.60879188540664,181.88711327428712,7321.98598166261
energy_ga,40.68678128372461,181.97123594507218,7336.174528526905
energy_ga,40.76477068204259,182.05538276867915,7350.369637009511
energy_ga,40.84276008036057,182.13935883310617,7364.571301393559
energy_ga,40.920749478678545,182.22296331689765,7378.779500530669
energy_ga,40.99873887699652,182.3059904139234,7392.994197416143
energy_ga,41.076728275314494,182.38823028526184,7407.215338837329
energy_ga,41.154717673632476,182.4694700331141,7421.442855097085
energy_ga,41.23270707195045,182.54949469163728,7435.676659813852
energy_ga,41.310696470268425,182.62808822955677,7449.91664979947
energy_ga,41.38868586858641,182.70503455942932,7464.162705015441
energy_ga,41.46667526690438,182.7801185484452,7478.414688607959
energy_ga,41.544664665222356,182.8531270257067,7492.672447021647
energy_ga,41.62265406354033,182.9238497809838,7506.935810191508
energy_ga,41.70064346185831,182.9920805500349,7521.204591812248
energy_ga,41.77863286017629,183.0576179816858,7535.47858968373
energy_ga,41.85662225849426,183.12026658198457,7549.757586130965
energy_ga,41.93461165681224,183.17983763089237,7564.041348496652
energy_ga,42.01260105513022,183.23615006713192,7578.3296297039815
energy_ga,42.09059045344819,183.28903133699066,7592.622168887028
energy_ga,42.16857985176617,183.3383182030709,7606.9186920858
energy_ga,42.24656925008414,183.38385750918573,7621.218913002629
energy_ga,42.324558648402125,183.42550689782323,7635.522533816381
energy_ga,42.4025480467201,183.46313547683744,7649.82924605063
energy_ga,42.480537445038074,183.4966244322707,7664.13873149174
energy_ga,42.55852684335605,183.52586758447632,7678.450663152515
energy_ga,42.63651624167403,183.55077188497341,7692.764706276919
energy_ga,42.714505639992005,183.57125785175353,7707.080519381139
energy_ga,42.79249503830998,183.58725994103847,7721.397755326129
energy_ga,42.87048443662796,183.59872685378932,7735.716062416591
energy_ga,42.948473834945936,183.60562177556528,7750.035085521265
energy_ga,43.02646323326391,183.6079225486361,7764.354467209292
energy_ga,43.104452631581886,183.60562177556528,7778.67384889732
energy_ga,43.18244202989986,183.59872685378932,7792.992872001993
energy_ga,43.26043142821784,183.58725994103847,7807.311179092455
energy_ga,43.33842082653582,183.57125785175353,7821.628415037445
energy_ga,43.41641022485379,183.55077188497341,7835.944228141665
energy_ga,43.49439962317177,183.52586758447632,7850.25827126607
energy_ga,43.57238902148975,183.4966244322707,7864.570202926844
energy_ga,43.65037841980772,183.46313547683744,7878.879688367954
energy_ga,43.728367818125705,183.42550689782323,7893.186400602205
energy_ga,43.80635721644368,183.3838575091857,7907.490021415956
energy_ga,43.884346614761654,183.3383182030709,7921.790242332785
energy_ga,43.96233601307963,183.28903133699066,7936.086765531557
energy_ga,44.0403254113976,183.23615006713192,7950.379304714604
energy_ga,44.118314809715585,183.17983763089237,7964.667585921933
energy_ga,44.19630420803356,183.12026658198457,7978.95134828762
energy_ga,44.274293606351534,183.0576179816858,7993.230344734855
energy_ga,44.35228300466951,182.9920805500349,8007.504342606338
energy_ga,44.430272402987484,182.92384978098377,8021.773124227077
energy_ga,44.508261801305466,182.8531270257067,8036.036487396938
energy_ga,44.58625119962344,182.7801185484452,8050.294245810626
energy_ga,44.664240597941415,182.70503455942932,8064.546229403144
energy_ga,44.7422299962594,182.62808822955677,8078.792284619115
energy_ga,44.82021939457737,182.54949469163734,8093.032274604733
energy_ga,44.898208792895346,182.46947003311413,8107.2660793215
energy_ga,44.97619819121333,182.38823028526184,8121.493595581256
energy_ga,45.0541875895313,182.3059904139234,8135.714737002442
energy_ga,45.13217698784928,182.22296331689765,8149.929433887916
energy_ga,45.21016638616725,182.13935883310617,8164.137633025026
energy_ga,45.28815578448523,182.05538276867915,8178.339297409073
energy_ga,45.36614518280321,181.97123594507218,8192.53440589168
energy_ga,45.44413458112118,181.88711327428715,8206.722952755974
energy_ga,45.52212397943916,181.80320286620707,8220.90494722091
energy_ga,45.60011337775714,181.7196851729645,8235.080412877405
energy_ga,45.678102776075114,181.6367321751538,8249.249387059383
energy_ga,45.75609217439309,181.55450661456734,8263.411920153168
energy_ga,45.83408157271107,181.47316127797507,8277.568074849029
energy_ga,45.912070971029046,181.39283833629418,8291.717925339011
energy_ga,45.99006036934702,181.31366874329032,8305.861556465587
energy_ga,46.068049767664995,181.23577169773267,8319.999062825844
energy_ga,46.14603916598297,181.15925417267854,8334.130547836374
energy_ga,46.22402856430095,181.08421051529902,8348.256122764193
energy_ga,46.302017962618926,181.0107221203704,8362.375905729314
energy_ga,46.3800073609369,180.93885718025075,8376.490020684863
energy_ga,46.45799675925488,180.8686705138338,8390.598596380752
energy_ga,46.53598615757286,180.8002034766315,8404.70176531718
energy_ga,46.61397555589083,180.73348395377263,8418.799662694368
energy_ga,46.69196495420881,180.66852643732946,8432.892425365022
energy_ga,46.76995435252678,180.6053321889904,8446.980190796163
energy_ga,46.84794375084476,180.54388948869115,8461.063096046988
energy_ga,46.92593314916274,180.48417396939644,8475.141276769487
energy_ga,47.00392254748071,180.42614903779585,8489.214866238526
energy_ga,47.081911945798694,180.36976638023597,8503.283994418045
energy_ga,47.15990134411667,180.314966552765,8517.348787070006
energy_ga,47.237890742434644,180.2616796537127,8531.409364912584
energy_ga,47.31588014075262,180.20982607677033,8545.465842833932
energy_ga,47.39386953907059,180.15931734207814,8559.518329167731
energy_ga,47.471858937388575,180.11005700236808,8573.566925036492
energy_ga,47.54984833570655,180.06194162075437,8587.611723768292
energy_ga,47.627837734024524,180.0148618163149,8601.65281039245
energy_ga,47.705827132342506,179.96870337316167,8615.690261219195
energy_ga,47.78381653066048,179.92334840827027,8629.724143508123
energy_ga,47.861805928978455,179.87867659291587,8643.754515229839
energy_ga,47.93979532729644,179.83456642216518,8657.781424924717
energy_ga,48.01778472561441,179.79089652649031,8671.804911662311
energy_ga,48.09577412393239,179.74754701920972,8685.825005104467
energy_ga,48.17376352225036,179.7044008731342,8699.841725674642
energy_ga,48.251752920568336,179.6613453194881,8713.855084835468
energy_ga,48.32974231888632,179.6182732619109,8727.865085476007
energy_ga,48.40773171720429,179.57508469811486,8741.871722409565
energy_ga,48.48572111552227,179.53168814158383,8755.874982982405
energy_ga,48.56371051384025,179.48800203555774,8769.874847793017
energy_ga,48.641699912158224,179.4439561514565,8783.871291521065
energy_ga,48.7196893104762,179.3994929638609,8797.86428386449
energy_ga,48.79767870879417,179.35456899419128,8811.853790582609
energy_ga,48.87566810711215,179.30915611531583,8825.839774642496
energy_ga,48.95365750543013,179.2632428094779,8839.822197465286
energy_ga,49.031646903748104,179.21683537216703,8853.801020268469
energy_ga,49.10963630206608,179.16995905487502,8867.776205499706
energy_ga,49.18762570038406,179.12265914007787,8881.747718357105
energy_ga,49.265615098702035,179.07500194228115,8895.715528390465
energy_ga,49.34360449702001,179.0270757295577,8909.679611177487
energy_ga,49.42159389533799,178.97899156070358,8923.639950068564
energy_ga,49.49958329365597,178.9308840339479,8937.596537993408
energy_ga,49.57757269197394,178.88291194407464,8951.549379322507
energy_ga,49.655562090291916,178.8352588458692,8965.498491776165
energy_ga,49.73355148860989,178.78813352297888,8979.443908373805
energy_ga,49.81154088692787,178.74177036260005,8993.385679416166
energy_ga,49.88953028524585,178.6964296378691,9007.323874493113
energy_ga,49.96751968356382,178.65239770145462,9021.258584510028
energy_ga,50.045509081881804,178.60998709562844,9035.189923726013
energy_ga,50.12349848019978,178.56953658604587,9049.11803179773
energy_ga,50.20148787851775,178.53141112859214,9063.043075823252
energy_ga,50.27947727683573,178.49600178096918,9076.965252381173
energy_ga,50.3574666751537,178.46372557320643,9090.884789561223
energy_ga,50.435456073471684,178.43502535399628,9104.80194898385
energy_ga,50.51344547178966,178.41036963268036,9118.717027807625
energy_ga,50.59143487010763,178.3902524398704,9132.630360725083
energy_ga,50.669424268425615,178.3751932330665,9146.542321949422
energy_ga,50.74741366674359,178.36573687727025,9160.453327196772
energy_ga,50.825403065061565,178.36245373446835,9174.363835671207
energy_ga,50.851063768843375,178.3756672271566,9178.940911296046
energy_ga,50.87672447262518,178.41372420422462,9183.518644739052
energy_ga,50.90238517640699,178.47432469276563,9188.097643992058
energy_ga,50.9280458801888,178.55526805183032,9192.678459302437
energy_ga,50.95370658397061,178.6544515920999,9197.26158570432
energy_ga,50.97936728775241,178.76986910245628,9201.847465513198
energy_ga,51.00502799153422,178.89960928862985,9206.436490781593
energy_ga,51.03068869531603,179.04185412949457,9211.029005713592
energy_ga,51.05634939909784,179.19487715683528,9215.625309036242
energy_ga,51.08201010287964,179.3570416645589,9220.22565632588
energy_ga,51.10767080666145,179.5267988533753,9224.830262287684
energy_ga,51.13333151044326,179.70268591695827,9229.439302986875
energy_ga,51.158992214225066,179.88332407552,9234.052918030124
energy_ga,51.184652918006876,180.06741656261428,9238.671212695903
energy_ga,51.210313621788686,180.25374657083103,9243.294260012644
energy_ga,51.235974325570496,180.44117516186589,9247.922102783738
energy_ga,51.2616350293523,180.6286391462551,9252.554755558493
energy_ga,51.28729573313411,180.81514893786274,9257.192206548394
energy_ga,51.31295643691592,180.9997863879948,9261.83441948801
energy_ga,51.33861714069773,181.18170260380285,9266.481335440147
energy_ga,51.36427784447953,181.36011575543174,9271.132874544863
energy_ga,51.38993854826134,181.53430887615394,9275.788937712134
energy_ga,51.41559925204315,181.70362765953345,9280.449408258013
energy_ga,51.44125995582496,181.86747825746312,9285.114153484294
energy_ga,51.466920659606764,182.0253250827297,9289.783026201714
energy_ga,51.492581363388574,182.1766886195737,9294.455866196891
energy_ga,51.518242067170384,182.3211432455375,9299.132501643193
energy_ga,51.54390277095219,182.45831506771793,9303.812750455925
energy_ga,51.569563474734,182.58787977637832,9308.49642159221
energy_ga,51.59522417851581,182.70956051871178,9313.183316296043
energy_ga,51.62088488229762,182.82312579539195,9317.87322928908
energy_ga,51.64654558607942,182.9283873823974,9322.565949907781
energy_ga,51.67220628986123,183.02519828044885,9327.261263187575
energy_ga,51.69786699364304,183.11345069425224,9331.958950894781
energy_ga,51.72352769742485,183.19307404360313,9336.658792507102
energy_ga,51.74918840120665,183.2640330082684,9341.3605661435
energy_ga,51.77484910498846,183.32632560842492,9346.064049444365
energy_ga,51.80050980877027,183.37998132230325,9350.7690204029
energy_ga,51.82617051255208,183.42505924255042,9355.475258148705
energy_ga,51.851831216333885,183.46164627269798,9360.18254368456
energy_ga,51.877491920115695,183.4898553649917,9364.890660577466
energy_ga,51.903152623897505,183.50982380071306,9369.599395605012
energy_ga,51.92881332767931,183.5217115139966,9374.308539358157
energy_ga,51.95447403146112,183.52569946002504,9379.0178868016
energy_ga,51.98013473524293,183.5219880283602,9383.727237792818
energy_ga,52.00579543902474,183.51079550204906,9388.436397561012
energy_ga,52.03145614280654,183.49235656302457,9393.145177147077
energy_ga,52.05711684658835,183.46692084420621,9397.853393805843
energy_ga,52.08277755037016,183.43475152859006,9402.560871371747
energy_ga,52.10843825415197,183.39612399550717,9407.26744058917
energy_ga,52.13409895793377,183.35132451412204,9411.972939408639
energy_ga,52.15975966171558,183.30064898413357,9416.677213250116
energy_ga,52.18542036549739,183.24440172354343,9421.380115234564
energy_ga,52.211081069279196,183.18289430325365,9426.081506385019
energy_ga,52.236741773061006,183.11644442816163,9430.781255798349
energy_ga,52.262402476842816,183.0453748643306,9435.479240788885
energy_ga,52.288063180624626,182.9700124117234,9440.175347005123
energy_ga,52.31372388440643,182.89068692190693,9444.869468520625
energy_ga,52.33938458818824,182.80773036005496,9449.5615079003
energy_ga,52.36504529197005,182.72147591050313,9454.251376243155
energy_ga,52.39070599575186,182.63225712504175,9458.938993202657
energy_ga,52.41636669953366,182.54040711306644,9463.62428698577
energy_ga,52.44202740331547,182.44625777264895,9468.307194331743
energy_ga,52.46768810709728,182.35013906153583,9472.98766047166
energy_ga,52.493348810879084,182.25237830703392,9477.665639069806
energy_ga,52.519009514660894,182.15329955369774,9482.341092147803
energy_ga,52.544670218442704,182.0532229476974,9487.013989992458
energy_ga,52.570330922224514,181.95246415670994,9491.684311048299
energy_ga,52.59599162600632,181.85133382415052,9496.352041795639
energy_ga,52.62165232978813,181.75013705653916,9501.017176615089
energy_ga,52.64731303356994,181.64917294277774,9505.679717639292
energy_ga,52.67297373735175,181.54873410410212,9510.339674592744
energy_ga,52.69863444113355,181.44910627346653,9514.997064620426
energy_ga,52.72429514491536,181.35056790311376,9519.651912106017
energy_ga,52.74995584869717,181.25338979908818,9524.304248480372
energy_ga,52.77561655247898,181.15783478145354,9528.954112020954
energy_ga,52.80127725626078,181.06415736899083,9533.601547642867
energy_ga,52.82693796004259,180.97260348716338,9538.246606682096
energy_ga,52.8525986638244,180.88341019815982,9542.88934667152
energy_ga,52.878259367606205,180.79680545184465,9547.529831110287
energy_ga,52.903920071388015,180.71300785647486,9552.168129227048
energy_ga,52.929580775169825,180.63222646807125,9556.804315737532
energy_ga,52.955241478951635,180.55466059736466,9561.438470596962
energy_ga,52.98090218273344,180.48049963327608,9566.07067874771
energy_ga,53.00656288651525,180.40992288192584,9570.701029862637
energy_ga,53.03222359029706,180.34309942021176,9575.32961808448
energy_ga,53.05788429407887,180.28018796303613,9579.956541761663
energy_ga,53.08354499786067,180.2213367433127,9584.581903180851
energy_ga,53.10920570164248,180.16668340392775,9589.205808296607
energy_ga,53.13486640542429,180.116354900883,9593.828366458381
energy_ga,53.1605271092061,180.0704674168979,9598.449690135185
energy_ga,53.1861878129879,180.02912628480232,9603.069894638149
energy_ga,53.21184851676971,179.9924259201049,9607.689097841248
energy_ga,53.23750922055152,179.96044976217746,9612.307419900395
energy_ga,53.263169924333326,179.93327022355336,9616.924982971137
energy_ga,53.288830628115136,179.91094864689305,9621.541910925152
energy_ga,53.314491331896946,179.89353526922986,9626.158329065722
energy_ga,53.340152035678756,179.88106919316735,9630.774363842385
energy_ga,53.36581273946056,179.87357836475707,9635.39014256494
energy_ga,53.39147344324237,179.8710795578482,9640.00579311696
energy_ga,53.41713414702418,179.87357836475707,9644.621443668979
energy_ga,53.44279485080598,179.88106919316735,9649.237222391534
energy_ga,53.46845555458779,179.89353526922986,9653.853257168197
energy_ga,53.4941162583696,179.91094864689305,9658.469675308766
energy_ga,53.51977696215141,179.93327022355336,9663.086603262782
energy_ga,53.545437665933214,179.96044976217746,9667.704166333524
energy_ga,53.571098369715024,179.9924259201049,9672.32248839267
energy_ga,53.596759073496834,180.02912628480232,9676.94169159577
energy_ga,53.622419777278644,180.0704674168979,9681.561896098734
energy_ga,53.64808048106045,180.116354900883,9686.183219775538
energy_ga,53.67374118484226,180.16668340392775,9690.805777937312
energy_ga,53.69940188862407,180.2213367433127,9695.429683053067
energy_ga,53.72506259240588,180.28018796303613,9700.055044472258
energy_ga,53.75072329618768,180.34309942021176,9704.681968149438
energy_ga,53.77638399996949,180.40992288192584,9709.310556371282
energy_ga,53.8020447037513,180.48049963327608,9713.940907486209
energy_ga,53.8277054075331,180.55466059736466,9718.573115636957
energy_ga,53.85336611131491,180.63222646807125,9723.207270496387
energy_ga,53.87902681509672,180.71300785647492,9727.843457006871
energy_ga,53.90468751887853,180.79680545184465,9732.481755123632
energy_ga,53.930348222660335,180.88341019815982,9737.122239562399
energy_ga,53.956008926442145,180.97260348716338,9741.764979551823
energy_ga,53.981669630223955,181.06415736899083,9746.410038591051
energy_ga,54.007330334005765,181.15783478145357,9751.057474212967
energy_ga,54.03299103778757,181.25338979908818,9755.707337753547
energy_ga,54.05865174156938,181.35056790311376,9760.359674127902
energy_ga,54.08431244535119,181.44910627346653,9765.014521613493
energy_ga,54.109973149133,181.54873410410212,9769.671911641177
energy_ga,54.1356338529148,181.64917294277774,9774.331868594627
energy_ga,54.16129455669661,181.75013705653916,9778.99440961883
energy_ga,54.18695526047842,181.85133382415052,9783.65954443828
energy_ga,54.21261596426022,181.95246415670994,9788.32727518562
energy_ga,54.23827666804203,182.0532229476974,9792.997596241461
energy_ga,54.26393737182384,182.15329955369774,9797.670494086116
energy_ga,54.28959807560565,182.25237830703392,9802.345947164113
energy_ga,54.315258779387456,182.3501390615359,9807.02392576226
energy_ga,54.340919483169266,182.44625777264903,9811.704391902176
energy_ga,54.366580186951076,182.54040711306644,9816.387299248148
energy_ga,54.392240890732886,182.63225712504175,9821.072593031262
energy_ga,54.41790159451469,182.72147591050313,9825.760209990762
energy_ga,54.4435622982965,182.80773036005496,9830.450078333617
energy_ga,54.46922300207831,182.89068692190702,9835.142117713292
energy_ga,54.49488370586011,182.9700124117234,9839.836239228795
energy_ga,54.52054440964192,183.04537486433065,9844.532345445032
energy_ga,54.54620511342373,183.11644442816163,9849.230330435568
energy_ga,54.57186581720554,183.18289430325365,9853.930079848898
energy_ga,54.597526520987344,183.24440172354343,9858.631470999353
energy_ga,54.623187224769154,183.30064898413357,9863.334372983802
energy_ga,54.648847928550964,183.35132451412204,9868.038646825278
energy_ga,54.674508632332774,183.39612399550717,9872.744145644749
energy_ga,54.70016933611458,183.43475152859008,9877.45071486217
energy_ga,54.72583003989639,183.46692084420621,9882.158192428074
energy_ga,54.7514907436782,183.49235656302457,9886.86640908684
energy_ga,54.77715144746,183.51079550204906,9891.575188672905
energy_ga,54.80281215124181,183.5219880283602,9896.284348441099
energy_ga,54.82847285502362,183.52569946002504,9900.993699432318
energy_ga,54.85413355880543,183.5217115139966,9905.70304687576
energy_ga,54.87979426258724,183.50982380071315,9910.412190628907
energy_ga,54.90545496636904,183.4898553649917,9915.12092565645
energy_ga,54.93111567015085,183.46164627269798,9919.829042549358
energy_ga,54.95677637393266,183.42505924255036,9924.536328085213
energy_ga,54.982437077714465,183.37998132230328,9929.242565831017
energy_ga,55.008097781496275,183.32632560842492,9933.947536789552
energy_ga,55.033758485278085,183.2640330082684,9938.651020090418
energy_ga,55.059419189059895,183.19307404360305,9943.352793726815
energy_ga,55.0850798928417,183.11345069425215,9948.052635339136
energy_ga,55.11074059662351,183.02519828044888,9952.750323046343
energy_ga,55.13640130040532,182.9283873823974,9957.445636326136
energy_ga,55.16206200418712,182.82312579539195,9962.138356944837
energy_ga,55.18772270796893,182.70956051871178,9966.828269937874
energy_ga,55.21338341175074,182.58787977637832,9971.515164641707
energy_ga,55.23904411553255,182.45831506771793,9976.198835777992
energy_ga,55.26470481931435,182.3211432455375,9980.879084590724
energy_ga,55.29036552309616,182.1766886195737,9985.555720037026
energy_ga,55.31602622687797,182.0253250827297,9990.228560032203
energy_ga,55.34168693065978,181.86747825746312,9994.897432749625
energy_ga,55.367347634441586,181.70362765953345,9999.562177975904
energy_ga,55.393008338223396,181.53430887615394,10004.222648521783
energy_ga,55.418669042005206,181.36011575543168,10008.878711689054
energy_ga,55.444329745787016,181.1817026038028,10013.530250793772
energy_ga,55.46999044956882,180.9997863879947,10018.177166745907
energy_ga,55.49565115335063,180.81514893786274,10022.819379685523
energy_ga,55.52131185713244,180.6286391462551,10027.456830675424
energy_ga,55.54697256091424,180.44117516186589,10032.08948345018
energy_ga,55.57263326469605,180.2537465708311,10036.717326221273
energy_ga,55.59829396847786,180.06741656261428,10041.340373538014
energy_ga,55.62395467225967,179.88332407552002,10045.958668203793
energy_ga,55.649615376041474,179.70268591695827,10050.572283247042
energy_ga,55.675276079823284,179.5267988533753,10055.181323946234
energy_ga,55.700936783605094,179.3570416645589,10059.785929908037
energy_ga,55.726597487386904,179.19487715683522,10064.386277197675
energy_ga,55.75225819116871,179.04185412949457,10068.982580520325
energy_ga,55.77791889495052,178.89960928862985,10073.575095452325
energy_ga,55.80357959873233,178.76986910245628,10078.16412072072
energy_ga,55.82924030251414,178.6544515920999,10082.750000529599
energy_ga,55.85490100629594,178.55526805183032,10087.33312693148
energy_ga,55.88056171007775,178.47432469276563,10091.91394224186
energy_ga,55.90622241385956,178.41372420422462,10096.492941494866
energy_ga,55.93188311764136,178.3756672271566,10101.070674937871
energy_ga,55.95754382142317,178.36245373446835,10105.64775056271
energy_ga,56.07402699749864,178.47605015334517,10126.430591702145
energy_ga,56.19051017357411,178.58900766570778,10147.226627702312
energy_ga,56.306993349649574,178.7011055634874,10168.03577128696
energy_ga,56.42347652572504,178.8121350548278,10188.857910165088
energy_ga,56.53995970180051,178.9218994315843,10209.692908428722
energy_ga,56.65644287787598,179.03021435147915,10230.54060797691
energy_ga,56.77292605395145,179.13690820018908,10251.400829977227
energy_ga,56.88940923002692,179.24182250257897,10272.273376372304
energy_ga,57.00589240610238,179.344812355975,10293.158031435572
energy_ga,57.12237558217785,179.4457468618044,10314.054563377364
energy_ga,57.23885875825332,179.5445095351342,10334.962725999994
energy_ga,57.35534193432879,179.64099867461277,10355.88226039827
energy_ga,57.47182511040426,179.7351276780814,10376.812896699901
energy_ga,57.58830828647973,179.82682529167477,10397.75435583881
energy_ga,57.70479146255519,179.9160357825894,10418.706351353012
energy_ga,57.82127463863066,180.0027190278623,10439.668591197737
energy_ga,57.93775781470613,180.0868505134949,10460.64077956365
energy_ga,58.0542409907816,180.1684212400691,10481.622618689544
energy_ga,58.17072416685707,180.24743753266077,10502.613810658451
energy_ga,58.28720734293253,180.32392075434564,10523.614059166008
energy_ga,58.403690519008,180.39790692394982,10544.623071249865
energy_ga,58.52017369508347,180.46944623989896,10565.640558969102
energy_ga,58.63665687115894,180.5386025130984,10586.66624102288
energy_ga,58.75314004723441,180.605452512728,10607.699844297971
energy_ga,58.86962322330988,180.67008522966,10628.741105335275
energy_ga,58.98610639938534,180.73260106293105,10649.789771706057
energy_ga,59.10258957546081,180.79311093530586,10670.845603289306
energy_ga,59.21907275153628,180.8517353444872,10691.908373442304
energy_ga,59.33555592761175,180.9086033569374,10712.977870057344
energy_ga,59.45203910368722,180.96385155161303,10734.053896498332
energy_ga,59.56852227976269,181.01762292115745,10755.136272411866
energy_ga,59.68500545583815,181.07006573826922,10776.224834408304
energy_ga,59.80148863191362,181.12133239506406,10797.319436609196
energy_ga,59.91797180798909,181.17157822328014,10818.41995105842
energy_ga,60.03445498406456,181.22096030315205,10839.526267995227
energy_ga,60.15093816014003,181.26963626869176,10860.638295988316
energy_ga,60.26742133621549,181.3177631169826,10881.755961931009
energy_ga,60.38390451229096,181.36549602890938,10902.879210898367
energy_ga,60.50038768836643,181.41298720852052,10924.008005868036
energy_ga,60.6168708644419,181.46038474795793,10945.142327307389
energy_ga,60.73335404051737,181.50783152458928,10966.282172630326
energy_ga,60.84983721659284,181.55546413664877,10987.427555527851
energy_ga,60.96632039266831,181.60341188333788,11008.578505177255
energy_ga,61.08280356874377,181.6517957949548,11029.735065335413
energy_ga,61.19928674481924,181.70072771822373,11050.89729332234
energy_ga,61.31576992089471,181.75030946157668,11072.065258901654
energy_ga,61.43225309697018,181.8006320047097,11093.239043065263
energy_ga,61.54873627304565,181.8517747762936,11114.418736729933
energy_ga,61.66521944912111,181.90380500326884,11135.60443935388
energy_ga,61.78170262519658,181.95677713469775,11156.796257481928
energy_ga,61.89818580127205,182.01073234268998,11177.994303228032
energy_ga,62.01466897734752,182.06569810245583,11199.198692704267
energy_ga,62.13115215342299,182.12168785308484,11220.40954440563
energy_ga,62.24763532949846,182.17870074019368,11241.626977560065
energy_ga,62.36411850557393,182.2367214411373,11262.851110453346
energy_ga,62.48060168164939,182.2957200730368,11284.082058738402
energy_ga,62.59708485772486,182.3556521834479,11305.31993373876
energy_ga,62.71356803380033,182.41645882306855,11326.564840755656
energy_ga,62.8300512098758,182.47806669948238,11347.816877388366
energy_ga,62.94653438595127,182.54038841053438,11369.076131877055
energy_ga,63.06301756202673,182.6033227555601,11390.34268147736
energy_ga,63.1795007381022,182.6667551223242,11411.616590875634
energy_ga,63.29598391417767,182.73055794718167,11432.897910653523
energy_ga,63.41246709025314,182.79459124564485,11454.186675810242
energy_ga,63.52895026632861,182.85870321023324,11475.482904350582
energy_ga,63.64543344240407,182.92273087219584,11496.786595946262
energy_ga,63.76191661847954,182.98650082342797,11518.097730677882
energy_ga,63.87839979455501,183.04982999465665,11539.416267864233
energy_ga,63.99488297063048,183.1125264857506,11560.742144985292
energy_ga,64.11136614670595,183.17439044379975,11582.075276704714
energy_ga,64.22784932278141,183.2352149844399,11603.415553997133
energy_ga,64.34433249885689,183.29478715173235,11624.762843385019
energy_ga,64.46081567493235,183.35288891178055,11646.116986289302
energy_ga,64.57729885100781,183.40929817515135,11667.477798497437
energy_ga,64.69378202708329,183.46378984308134,11688.845069751927
energy_ga,64.81026520315875,183.51613687238356,11710.218563461807
energy_ga,64.92674837923423,183.56611135392583,11731.59801653897
energy_ga,65.04323155530969,183.61348559953421,11752.983139360595
energy_ga,65.15971473138517,183.65803323217182,11774.373615858385
energy_ga,65.27619790746063,183.69953027427272,11795.769103734672
energy_ga,65.3926810835361,183.73775622915102,11817.16923480491
energy_ga,65.50916425961157,183.77249515047285,11838.573615465404
energy_ga,65.62564743568703,183.80353669486342,11859.981827284684
energy_ga,65.7421306117625,183.83067715283022,11881.393427716179
energy_ga,65.85861378783797,183.8537204533033,11902.807950929457
energy_ga,65.97509696391344,183.8724791372418,11924.224908756692
energy_ga,66.0915801399889,183.88677529591388,11945.643791750452
energy_ga,66.20806331606437,183.89644146963505,11967.064070348502
energy_ga,66.32454649213985,183.90132150294602,11988.485196140753
energy_ga,66.44102966821531,183.90127135241772,12009.906603233045
energy_ga,66.55751284429078,183.89615984349552,12031.327709702096
energy_ga,66.67399602036625,183.88586937303342,12052.747919135407
energy_ga,66.79047919644171,183.87029655441458,12074.16662224969
energy_ga,66.90696237251719,183.84935280241956,12095.583198580913
energy_ga,67.02344554859265,183.82296485527092,12116.99701823881
energy_ga,67.13992872466812,183.79107523156705,12138.407443718435
energy_ga,67.25641190074359,183.7536426201038,12159.813831760997
energy_ga,67.37289507681905,183.71064220088235,12181.21553525612
energy_ga,67.48937825289453,183.66206589590092,12202.611905177402
energy_ga,67.60586142896999,183.6079225486361,12224.002292543011
energy_ga,67.72234460504546,183.5482380314346,12245.386050393034
energy_ga,67.83882778112093,183.48305528034453,12266.762535775055
energy_ga,67.95531095719639,183.4124342572364,12288.131111729605
energy_ga,68.07179413327187,183.33645183937844,12309.491149266943
energy_ga,68.18827730934733,183.2552016369462,12330.842029326783
energy_ga,68.3047604854228,183.16879373926204,12352.183144712626
energy_ga,68.42124366149827,183.0773543908715,12373.513901992426
energy_ga,68.53772683757374,182.98102559886908,12394.833723357551
energy_ga,68.6542100136492,182.8799646731901,12416.142048432053
energy_ga,68.77069318972468,182.7743437018815,12437.438336024657
energy_ga,68.88717636580014,182.66434896365064,12458.722065815931
energy_ga,69.0036595418756,182.5501802802756,12479.99273997355
energy_ga,69.12014271795108,182.4320503117273,12501.249884688785
energy_ga,69.23662589402655,182.31018379711733,12522.493051627715
energy_ga,69.35310907010202,182.18481674483237,12543.721819291093
energy_ga,69.46959224617748,182.0561955754538,12564.935794277097
energy_ga,69.58607542225295,181.92457622128293,12586.134612441738
energy_ga,69.70255859832842,181.7902231865029,12607.317939952074
energy_ga,69.81904177440389,181.65340857219857,12628.4854742279
energy_ga,69.93552495047936,181.5144110706367,12649.636944768103
energy_ga,70.05200812655482,181.37351493336658,12670.772113858295
energy_ga,70.16849130263029,181.23100891784364,12691.890777157054
energy_ga,70.28497447870576,181.08718521740545,12712.992764158456
energy_ga,70.40145765478123,180.94233837953183,12734.077938529284
energy_ga,70.5179408308567,180.796764217407,12755.146198319877
energy_ga,70.63442400693216,180.65075871986713,12776.197476048048
energy_ga,70.75090718300763,180.50461696486036,12797.23173865629
energy_ga,70.8673903590831,180.3586320415687,12818.248987342882
energy_ga,70.98387353515857,180.2130939863428,12839.249257268253
energy_ga,71.10035671123404,180.06828873757883,12860.232617138527
energy_ga,71.2168398873095,179.92449711462288,12881.199168668685
energy_ga,71.33332306338497,179.78199382572325,12902.14904592853
energy_ga,71.44980623946044,179.64104650995992,12923.082414575032
energy_ga,71.5662894155359,179.50191481797006,12943.999470975345
energy_ga,71.68277259161138,179.36484953615275,12964.900441225294
energy_ga,71.79925576768684,179.2300917588791,12985.785580068614
energy_ga,71.91573894376232,179.09787211305172,13006.655169722844
energy_ga,72.03222211983778,178.9684100391569,13027.509518618155
energy_ga,72.14870529591326,178.84191313272615,13048.348960055982
energy_ga,72.26518847198872,178.71857654987727,13069.173850794647
energy_ga,72.38167164806418,178.59858248033703,13089.984569569697
energy_ga,72.49815482413965,178.48209969105847,13110.781515556955
energy_ga,72.61463800021512,178.36928314323873,13131.565106786687
energy_ga,72.73112117629059,178.2602736852101,13152.335778517569
energy_ga,72.84760435236606,178.15519782333803,13173.093981579446
energy_ga,72.96408752844152,178.05416757268858,13193.840180694024
energy_ga,73.08057070451699,177.95728038885167,13214.574852782916
energy_ga,73.19705388059246,177.86461918191023,13235.298485272522
energy_ga,73.31353705666794,177.7762524131342,13256.011574405344
energy_ga,73.4300202327434,177.69223427455873,13276.714623567404
energy_ga,73.54650340881886,177.61260495117097,13297.408141641401
energy_ga,73.66298658489434,177.53739096498876,13318.092641395155
energy_ga,73.7794697609698,177.46660559986435,13338.768637914833
energy_ga,73.89595293704528,177.4002494053898,13359.436647092296
energy_ga,74.01243611312074,177.3383107778225,13380.097184175585
energy_ga,74.1289192891962,177.2807666154871,13400.750762391446
energy_ga,74.24540246527168,177.22758304565005,13421.397891648348
energy_ga,74.36188564134714,177.17871621940657,13442.039077328121
energy_ga,74.47836881742262,177.13411317066533,13462.674819173944
energy_ga,74.59485199349808,177.093712734875,13483.305610281835
energy_ga,74.71133516957354,177.0574465227023,13503.9319362024
energy_ga,74.82781834564902,177.0252399434531,13524.554274158858
energy_ga,74.94430152172448,176.99701327262596,13545.173092386858
energy_ga,75.06078469779996,176.97268275760473,13565.788849600895
energy_ga,75.17726787387542,176.95216175513994,13586.401994591324
energy_ga,75.29375104995088,176.93536189393674,13607.012965955386
energy_ga,75.41023422602636,176.9221942553672,13627.622191964674
energy_ga,75.52671740210182,176.9125705650579,13648.230090570773
energy_ga,75.6432005781773,176.90640438787756,13668.837069549916
energy_ga,75.75968375425276,176.903612318665,13689.443526786561
energy_ga,75.87616693032822,176.9041151608988,13710.049850694992
energy_ga,75.9926501064037,176.90783908542537,13730.656420777033
energy_ga,76.10913328247916,176.91471676133403,13751.263608313118
energy_ga,76.22561645855464,176.92468845109317,13771.87177718302
energy_ga,76.3420996346301,176.937703062167,13792.481284811582
energy_ga,76.45858281070556,176.953719147494,13813.092483234004
energy_ga,76.57506598678104,176.9727058474578,13833.705720274229
energy_ga,76.69154916285652,176.99464376630587,13854.321340829243
energy_ga,76.80803233893198,177.01952577638744,13874.939688251268
energy_ga,76.92451551500744,177.04735774409158,13895.561105819072
energy_ga,77.04099869108292,177.078159171974,13916.185938288949
energy_ga,77.15748186715838,177.11196375227604,13936.814533515337
energy_ga,77.27396504323386,177.14881982786812,13957.447244130537
energy_ga,77.39044821930932,177.18879075759517,13978.084429272529
energy_ga,77.50693139538478,177.23195518407516,13998.726456349688
energy_ga,77.62341457146026,177.27840720320975,14019.373702830957
energy_ga,77.73989774753572,177.3282564360111,14040.026558050067
energy_ga,77.8563809236112,177.38162800484352,14060.685425012585
energy_ga,77.97286409968666,177.43866241783473,14081.350722194811
energy_ga,78.08934727576212,177.4995153670181,14102.022885324219
energy_ga,78.2058304518376,177.56435744776277,14122.70236913178
energy_ga,78.32231362791306,177.63337380920868,14143.389649067587
energy_ga,78.43879680398854,177.70676374778316,14164.085222972455
energy_ga,78.555279980064,177.78474025842976,14184.789612699698
energy_ga,78.67176315613946,177.86752956093775,14205.503365683202
energy_ga,78.78824633221494,177.95537062174006,14226.227056450034
energy_ga,78.9047295082904,178.04851469474784,14246.961288078468
energy_ga,79.02121268436588,178.14722490822817,14267.706693605222
energy_ga,79.13769586044134,178.2517759284132,14288.463937389008
energy_ga,79.2541790365168,178.36245373446835,14309.233716441426
energy_ga,79.33254560825445,178.18223168104444,14323.204308775072
energy_ga,79.4109121799921,178.01359839047373,14337.161231810047
energy_ga,79.48927875172974,177.85594439365718,14351.105369836965
energy_ga,79.56764532346739,177.7086841484898,14365.037560321975
energy_ga,79.64601189520504,177.57125605913717,14378.958595782588
energy_ga,79.72437846694268,177.44312259947003,14392.86922566911
energy_ga,79.80274503868033,177.3237705067636,14406.770158258487
energy_ga,79.88111161041797,177.21271101567746,14420.662062564907
energy_ga,79.95947818215562,177.10948010618054,14434.545570269302
energy_ga,80.03784475389327,177.01363874249347,14448.421277667909
energy_ga,80.11621132563091,176.92477308328762,14462.289747638435
energy_ga,80.19457789736856,176.84249464632663,14476.151511620918
energy_ga,80.2729444691062,176.7664404134623,14490.007071609136
energy_ga,80.35131104084385,176.6962728644209,14503.856902147472
energy_ga,80.4296776125815,176.63167993013883,14517.701452327268
energy_ga,80.50804418431915,176.57237485854404,14531.54114777608
energy_ga,80.58641075605681,176.51809598763722,14545.376392632807
energy_ga,80.66477732779445,176.46860642251107,14559.207571501236
energy_ga,80.7431438995321,176.4236936145726,14573.035051374496
energy_ga,80.82151047126975,176.38316884269668,14586.859183522642
energy_ga,80.8998770430074,176.3468665973672,14600.680305335809
energy_ga,80.97824361474504,176.31464387003837,14614.498742115384
energy_ga,81.05661018648269,176.28637935100195,14628.314808805893
energy_ga,81.13497675822033,176.26197253997015,14642.12881166062
energy_ga,81.21334332995798,176.24134277439074,14655.94104983429
energy_ga,81.29170990169563,176.22442818120572,14669.751816896618
energy_ga,81.37007647343327,176.21118455835565,14683.561402260946
energy_ga,81.44844304517092,176.20158419282424,14697.370092522748
energy_ga,81.52680961690857,176.1956146224142,14711.178172703298
energy_ga,81.60517618864621,176.1932773487601,14724.985927394402
energy_ga,81.68354276038386,176.19458650931452,14738.793641800657
energy_ga,81.7619093321215,176.19956751619824,14752.601602676341
energy_ga,81.84027590385915,176.2082556698923,14766.410099154651
energy_ga,81.9186424755968,176.2206947557684,14780.21942346763
energy_ga,81.99700904733444,176.23693563141694,14794.029871555738
energy_ga,82.07537561907209,176.25703481263295,14807.841743566683
energy_ga,82.15374219080974,176.2810530657793,14821.65534424367
energy_ga,82.23210876254738,176.30905401404917,14835.470983203899
energy_ga,82.31047533428503,176.34110276492072,14849.288975108655
energy_ga,82.38884190602268,176.37726456582124,14863.10963972696
energy_ga,82.46720847776032,176.4176034947136,14876.93330189523
energy_ga,82.54557504949797,176.46218119198278,14890.760291375937
energy_ga,82.62394162123562,176.51105563963534,14904.590942618754
energy_ga,82.70230819297326,176.5642799934409,14918.425594428096
energy_ga,82.78067476471091,176.62190147324102,14932.264589541423
energy_ga,82.85904133644856,176.68396031622365,14946.10827412305
energy_ga,82.9374079081862,176.75048879753297,14959.956997178564
energy_ga,83.01577447992385,176.82151032213383,14973.811109895281
energy_ga,83.0941410516615,176.8970385913987,14987.670964914465
energy_ga,83.17250762339916,176.97707684742585,15001.536915541285
energy_ga,83.2508741951368,177.06161719763537,15015.409314898678
energy_ga,83.32924076687445,177.15064002172915,15029.288515031545
energy_ga,83.4076073386121,177.24411346264029,15043.174865967734
energy_ga,83.48597391034974,177.34199300264146,15057.068714742476
energy_ga,83.56434048208739,177.44422112533132,15070.97040439297
energy_ga,83.64270705382503,177.55072706377754,15084.880272929853
energy_ga,83.72107362556268,177.66142663466044,15098.7986522923
energy_ga,83.79944019730033,177.77622215784035,15112.725867293479
energy_ga,83.87780676903797,177.89500246036218,15126.662234563008
energy_ga,83.95617334077562,178.0176429635183,15140.608061492982
energy_ga,84.03453991251327,178.1440058512061,15154.563645194
energy_ga,84.11290648425091,178.27394031745834,15168.529271467507
energy_ga,84.19127305598856,178.40728289067508,15182.505213800512
energy_ga,84.2696396277262,178.54385783176002,15196.491732388642
energy_ga,84.34800619946385,178.68347760305505,15210.489073193143
energy_ga,84.4263727712015,178.82594340467904,15224.497467037287
energy_ga,84.50473934293915,178.97104577460937,15238.517128747302
energy_ga,84.58310591467679,179.11856524859846,15252.54825634268
energy_ga,84.66147248641444,179.2682730757916,15266.591030280368
energy_ga,84.73983905815209,179.41993198571217,15280.645612757067
energy_ga,84.81820562988973,179.57329700209863,15294.71214707347
energy_ga,84.89657220162738,179.7281162989207,15308.790757063914
energy_ga,84.97493877336503,179.88413209376628,15322.881546594615
energy_ga,85.05330534510267,180.04108157368302,15336.984599133144
energy_ga,85.13167191684032,180.19869784846125,15351.099977391565
energy_ga,85.21003848857796,180.35671092628826,15365.227723045136
energy_ga,85.28840506031561,180.51484870665286,15379.367856528163
energy_ga,85.36677163205326,180.6728379853602,15393.520376908114
energy_ga,85.4451382037909,180.8304054665189,15407.685261838797
energy_ga,85.52350477552855,180.9872787763822,15421.862467592882
energy_ga,85.60187134726621,181.14318747396862,15436.051929173782
energy_ga,85.68023791900386,181.29786405345564,15450.253560506379
energy_ga,85.7586044907415,181.4510449334177,15464.467254705814
energy_ga,85.83697106247915,181.6024714280918,15478.69288442309
energy_ga,85.9153376342168,181.75189069597073,15492.93030226588
energy_ga,85.99370420595444,181.89905666116923,15507.179341292644
energy_ga,86.07207077769209,182.04373090316776,15521.439815577673
energy_ga,86.15043734942974,182.18568351071167,15535.711520844487
energy_ga,86.22880392116738,182.32469389584028,15549.99423516456
energy_ga,86.30717049290503,182.46055156422355,15564.287719718151
energy_ga,86.38553706464268,182.5930568382082,15578.591719613629
energy_ga,86.46390363638032,182.7220215292105,15592.90596476149
energy_ga,86.54227020811797,182.84726955633778,15607.230170798959
energy_ga,86.62063677985562,182.96863750838443,15621.564040060839
energy_ga,86.69900335159326,183.085975146612,15635.907262592102
energy_ga,86.77736992333091,183.199145846007,15650.259517197452
energy_ga,86.85573649506856,183.30802697299433,15664.620472522993
energy_ga,86.9341030668062,183.41251019787998,15678.989788164927
energy_ga,87.01246963854385,183.5125017405971,15693.367115800134
energy_ga,87.0908362102815,183.6079225486361,15707.752100333342
energy_ga,87.16920278201914,183.6987084063488,15722.144381055567
energy_ga,87.24756935375679,183.78480997512952,15736.54359280839
energy_ga,87.32593592549443,183.86619276429224,15750.949367148689
energy_ga,87.40430249723208,183.94283703277512,15765.361333508363
energy_ga,87.48266906896973,184.01473762212237,15779.779120343665
energy_ga,87.56103564070737,184.08190372150347,15794.202356268786
energy_ga,87.63940221244502,184.14435856584177,15808.6306711684
energy_ga,87.71776878418267,184.20213906843117,15823.063697283982
energy_ga,87.79613535592031,184.25529538972003,15837.501070268849
energy_ga,87.87450192765796,184.30389044423933,15851.942430206962
energy_ga,87.9528684993956,184.3479993479371,15866.387422590771
energy_ga,88.03123507113327,184.38770880846414,15880.835699253508
energy_ga,88.1096016428709,184.4231164612266,15895.286919251565
energy_ga,88.18796821460856,184.45433015427886,15909.740749692864
energy_ga,88.2663347863462,184.48146718538368,15924.196866507267
energy_ga,88.34470135808385,184.5046534947985,15938.654955155507
energy_ga,88.42306792982149,184.5240228175755,15953.114711273245
energy_ga,88.50143450155915,184.53971579936743,15967.575841247291
energy_ga,88.57980107329679,184.5518790799292,15982.038062721227
energy_ga,88.65816764503444,184.56066434868225,15996.50110502816
energy_ga,88.73653421677209,184.5662273768696,16010.964709548512
energy_ga,88.81490078850973,184.5687270309742,16025.42862999125
energy_ga,88.89326736024738,184.5683242722001,16039.892632597235
energy_ga,88.97163393198502,184.56518114691877,16054.356496263834
energy_ga,89.05000050372267,184.5594597730763,16068.82001259023
energy_ga,89.12836707546032,184.55132132761855,16083.282985843363
energy_ga,89.20673364719796,184.54092504003933,16097.745232844753
energy_ga,89.28510021893561,184.5284271971839,16112.206582778885
energy_ga,89.36346679067326,184.5139801644402,16126.666876924253
energy_ga,89.4418333624109,184.4977314284351,16141.12596830854
energy_ga,89.52019993414855,184.47982266630697,16155.583721289815
energy_ga,89.5985665058862,184.46038884657008,16170.040011066028
energy_ga,89.67693307762384,184.43955736649244,16184.49472311549
energy_ga,89.75529964936149,184.41744723080527,16198.947752571343
energy_ga,89.83366622109914,184.3941682764292,16213.399003533505
energy_ga,89.91203279283678,184.36982044774774,16227.848388321812
energy_ga,89.99039936457443,184.34449312678026,16242.29582667453
energy_ga,90.06876593631208,184.31826452241296,16256.741244896686
energy_ga,90.14713250804972,184.29120112261657,16271.18457496301
energy_ga,90.22549907978737,184.26335721334638,16285.625753580545
energy_ga,90.30386565152502,184.23477446754663,16300.064721216326
energy_ga,90.38223222326266,184.20548160740475,16314.501421095692
energy_ga,90.46059879500031,184.1754941426912,16328.935798177145
energy_ga,90.53896536673795,184.14481418769853,16343.367798109748
energy_ga,90.6173319384756,184.11343035895095,16357.797366179371
energy_ga,90.69569851021325,184.08131775549762,16372.224446250138
energy_ga,90.77406508195091,184.04843802322472,16386.64897970764
energy_ga,90.85243165368854,184.01473950423158,16401.07090441048
energy_ga,90.9307982254262,183.9801574719127,16415.490153656967
energy_ga,91.00916479716385,183.944614451967,16429.906655173483
energy_ga,91.0875313689015,183.9080206291317,16444.320330131464
energy_ga,91.16589794063914,183.8702743389966,16458.73109219955
energy_ga,91.24426451237679,183.83126264381198,16473.13884663755
energy_ga,91.32263108411443,183.79086199075198,16487.54348943881
energy_ga,91.40099765585208,183.74893895063965,16501.944906527267
energy_ga,91.47936422758973,183.70535103468498,16516.34297301549
energy_ga,91.55773079932737,183.65994758632948,16530.73755252964
energy_ga,91.63609737106502,183.61257074484095,16545.128496607173
energy_ga,91.71446394280267,183.56305647685127,16559.515644172665
energy_ga,91.79283051454031,183.5112356715935,16573.898821097013
energy_ga,91.87119708627796,183.45693529516382,16588.277839844763
energy_ga,91.9495636580156,183.39997959872102,16602.652499214004
energy_ga,92.02793022975325,183.34019137513613,16617.022584172853
energy_ga,92.1062968014909,183.27739325822887,16631.38786579608
energy_ga,92.18466337322855,183.21140905837078,16645.748101304976
energy_ga,92.26302994496619,183.14206512790744,16660.103034213054
energy_ga,92.34139651670384,183.06919174955672,16674.452394579665
energy_ga,92.41976308844148,182.99262454067218,16688.795899373024
energy_ga,92.49812966017913,182.91220586604075,16703.133252943633
energy_ga,92.57649623191678,182.8277862516964,16717.464147608443
energy_ga,92.65486280365442,182.7392257920983,16731.788264345567
energy_ga,92.73322937539207,182.6463955429341,16746.105273598696
energy_ga,92.81159594712972,182.5491788917818,16760.4148361898
energy_ga,92.88996251886736,182.44747289889008,16774.71660433808
energy_ga,92.96832909060501,182.34118960043753,16789.010222782494
energy_ga,93.04669566234266,182.2302572667926,16803.2953300047
energy_ga,93.1250622340803,182.11462160854063,16817.571559548516
energy_ga,93.20342880581796,181.99424692336515,16831.838541431578
energy_ga,93.2817953775556,181.8691171772807,16846.095903644324
energy_ga,93.36016194929326,181.7392370142159,16860.343273730905
energy_ga,93.4385285210309,181.60463268854525,16874.580280446153
energy_ga,93.51689509276855,181.4653529158732,16888.80655548248
energy_ga,93.5952616645062,181.32146963818872,16903.021735260056
energy_ga,93.67362823624384,181.17307870044402,16917.2254627735
energy_ga,93.75199480798149,181.02030043666485,16931.417389488022
energy_ga,93.83036137971914,180.86328016489162,16945.597177277967
energy_ga,93.90872795145678,180.70218859157623,16959.764500400546
energy_ga,93.98709452319443,180.53722212752973,16973.91904749784
energy_ga,94.06546109493208,180.3686031191479,16988.060523620203
energy_ga,94.14382766666972,180.1965800004186,17002.188652264722
energy_ga,94.22219423840737,180.02142737318098,17016.30317742274
energy_ga,94.30056081014502,179.8434460252304,17030.403865631255
energy_ga,94.37892738188266,179.66296289818587,17044.490508023777
energy_ga,94.45729395362031,179.48033101954758,17058.562922377227
energy_ga,94.53566052535795,179.2959294160864,17072.620955152823
energy_ga,94.6140270970956,179.1101630286353,17086.66448353021
energy_ga,94.69239366883325,178.92346265150022,17100.693417435887
energy_ga,94.7707602405709,178.7362849230884,17114.707701568874
energy_ga,94.84912681230854,178.54911239797067,17128.70731742886
energy_ga,94.92749338404619,178.36245373446835,17142.69228535452
energy_ga,94.99413720728563,177.76040576497218,17154.558979804522
energy_ga,95.06078103052508,177.17792572983214,17166.386203517042
energy_ga,95.12742485376452,176.61470450327718,17178.17525027338
energy_ga,95.19406867700397,176.07043813719574,17189.927393426035
energy_ga,95.26071250024341,175.54482783115049,17201.64388624278
energy_ga,95.32735632348286,175.03757991480137,17213.32596224912
energy_ga,95.3940001467223,174.54840583857592,17224.974835569887
energy_ga,95.46064396996175,174.0770221689075,17236.59170127034
energy_ga,95.5272877932012,173.62315058480928,17248.177735697
energy_ga,95.59393161644064,173.18651787296824,17259.734096818218
energy_ga,95.66057543968009,172.7668559189362,17271.261924564256
energy_ga,95.72721926291953,172.3639016923539,17282.762341166628
energy_ga,95.79386308615898,171.97739722448185,17294.236451496155
energy_ga,95.86050690939842,171.6070895766225,17305.68534339925
energy_ga,95.92715073263787,171.2527307983022,17317.11008803174
energy_ga,95.99379455587732,170.91407787434926,17328.511740189533
energy_ga,96.06043837911676,170.59089266024344,17339.89133863538
energy_ga,96.1270822023562,170.28294180533138,17351.24990642092
energy_ga,96.19372602559565,169.98999666370838,17362.588451203166
energy_ga,96.2603698488351,169.71183319274314,17373.9079655547
energy_ga,96.32701367207454,169.44823183938882,17385.20942726664
energy_ga,96.39365749531399,169.19897741457032,17396.493799643667
energy_ga,96.46030131855343,168.96385895606656,17407.762031790284
energy_ga,96.52694514179288,168.7426695804224,17419.01505888758
energy_ga,96.59358896503232,168.53520632452512,17430.253802459774
energy_ga,96.66023278827177,168.34126997756627,17441.479170629875
energy_ga,96.72687661151122,168.16066490418493,17452.69205836387
energy_ga,96.79352043475066,167.99319885964636,17463.893347702837
energy_ga,96.8601642579901,167.8386827979653,17475.083907982516
energy_ga,96.92680808122955,167.6969306739168,17486.264596039895
energy_ga,96.993451904469,167.56775923991032,17497.436256406418
energy_ga,97.06009572770844,167.45098783872152,17508.59972148752
energy_ga,97.12673955094789,167.346438193087,17519.755811728264
energy_ga,97.19338337418733,167.25393419317032,17530.905335764844
energy_ga,97.26002719742678,167.173301682904,17542.049090561934
energy_ga,97.32667102066623,167.10436824619973,17553.187861535756
energy_ga,97.39331484390567,167.0469629940023,17564.322422662954
energy_ga,97.45995866714512,167.00091635313842,17575.453536575315
energy_ga,97.52660249038456,166.96605985788472,17586.581954640526
energy_ga,97.59324631362401,166.9422259451432,17597.708417029145
energy_ga,97.65989013686347,166.92924775407806,17608.8336527681
energy_ga,97.72653396010291,166.92695893102302,17619.958379780954
energy_ga,97.79317778334236,166.93519344042707,17631.083304915446
energy_ga,97.8598216065818,166.95378538255602,17642.209123958586
energy_ga,97.92646542982125,166.9825688186192,17653.33652163989
energy_ga,97.9931092530607,167.02137760393722,17664.46617162322
energy_ga,98.05975307630014,167.0700452297151,17675.598736487787
energy_ga,98.12639689953959,167.12840467392544,17686.734867698924
energy_ga,98.19304072277903,167.1962882617566,17697.875205569217
energy_ga,98.25968454601848,167.27352753601753,17709.020379210695
energy_ga,98.32632836925792,167.35995313783866,17720.17100647871
energy_ga,98.39297219249737,167.4553946979475,17731.32769390822
energy_ga,98.45961601573681,167.55968073874303,17742.491036643198
energy_ga,98.52625983897626,167.67263858733506,17753.661618359856
energy_ga,98.5929036622157,167.79409429965855,17764.840011184475
energy_ga,98.65954748545515,167.9238725957189,17776.026775606515
energy_ga,98.7261913086946,168.0617968059698,17787.222460387813
energy_ga,98.79283513193404,168.20768882877258,17798.427602468542
energy_ga,98.85947895517349,168.36136909883538,17809.64272687074
energy_ga,98.92612277841293,168.52265656648086,17820.86834660006
energy_ga,98.99276660165238,168.6913686875444,17832.104962546506
energy_ga,99.05941042489182,168.8673214236585,17843.35306338486
energy_ga,99.12605424813127,169.0503292526354,17854.61312547544
energy_ga,99.19269807137071,169.24020518862199,17865.88561276588
energy_ga,99.25934189461016,169.43676081165776,17877.17097669458
energy_ga,99.3259857178496,169.63980630623357,17888.4696560964
energy_ga,99.39262954108905,169.84915050841553,17899.78207711125
energy_ga,99.4592733643285,170.0646009610642,17911.108653096042
energy_ga,99.52591718756794,170.2859639766552,17922.44978454062
energy_ga,99.59256101080739,170.5130447071778,17933.80585898807
energy_ga,99.65920483404683,170.74564722056707,17945.17725095995
energy_ga,99.72584865728628,170.9835745831056,17956.56432188677
energy_ga,99.79249248052572,171.22662894721145,17967.967420044173
energy_ga,99.85913630376517,171.4746116440169,17979.386880495123
energy_ga,99.92578012700461,171.72732328012862,17990.823025038382
energy_ga,99.99242395024406,171.98456383795218,18002.27616216358
energy_ga,100.0590677734835,172.24613277895847,18013.746587013044
energy_ga,100.12571159672295,172.51182914926412,18025.23458135061
energy_ga,100.1923554199624,172.78145168689903,18036.740413537518
energy_ga,100.25899924320184,173.05479893013597,18048.264338515477
energy_ga,100.32564306644129,173.33166932626145,18059.806597796985
energy_ga,100.39228688968073,173.61186134017353,18071.367419462887
energy_ga,100.45893071292018,173.89517356220531,18082.947018167135
energy_ga,100.52557453615962,174.18140481457874,18094.545595148702
energy_ga,100.59221835939907,174.4703542559158,18106.16333825051
energy_ga,100.65886218263852,174.7618214832442,18117.800421945252
energy_ga,100.72550600587796,175.0556066309572,18129.457007367913
energy_ga,100.7921498291174,175.35151046620703,18141.133242354746
energy_ga,100.85879365235685,175.64933448023638,18152.8292614885
energy_ga,100.9254374755963,175.94888097517213,18164.545186149557
energy_ga,100.99208129883574,176.24995314584072,18176.281124572706
energy_ga,101.05872512207519,176.55235515618324,18188.03717190918
energy_ga,101.12536894531463,176.8558922098871,18199.813410293595
energy_ga,101.19201276855408,177.16037061487512,18211.609908915387
energy_ga,101.25865659179352,177.46559784133123,18223.426724094345
energy_ga,101.32530041503297,177.77138257297187,18235.26389935977
energy_ga,101.39194423827242,178.07753475130897,18247.121465532822
energy_ga,101.45858806151186,178.38386561268655,18258.999440811593
energy_ga,101.5252318847513,178.690187717907,18270.897830858372
energy_ga,101.59187570799075,178.99631497430337,18282.81662888865
energy_ga,101.6585195312302,179.30206265015045,18294.755815761342
energy_ga,101.72516335446964,179.60724738134388,18306.715360069706
energy_ga,101.79180717770909,179.9116871703186,18318.695218232453
energy_ga,101.85845100094853,180.21520137721188,18330.69533458452
energy_ga,101.92509482418798,180.51761070331872,18342.715641467003
energy_ga,101.99173864742743,180.81873716692255,18354.75605931573
energy_ga,102.05838247066687,181.11840407162362,18366.816496747975
energy_ga,102.12502629390632,181.41643596732422,18378.896850646823
energy_ga,102.19167011714576,181.7126586040675,18390.99700624268
energy_ga,102.25831394038521,182.00689887896093,18403.116837191494
energy_ga,102.32495776362465,182.29898477645398,18415.256205649206
energy_ga,102.3916015868641,182.5887453022695,18427.41496234201
energy_ga,102.45824541010354,182.87601041132612,18439.59294663202
energy_ga,102.524889233343,183.16061093001548,18451.78998657794
energy_ga,102.59153305658245,183.4423784732352,18464.005898990363
energy_ga,102.65817687982188,183.72114535660114,18476.240489481403
energy_ga,102.72482070306133,183.9967445042936,18488.49355250834
energy_ga,102.79146452630077,184.26900935301768,18500.764871410942
energy_ga,102.85810834954022,184.53777375258025,18513.05421844234
energy_ga,102.92475217277968,184.80287186360863,18525.361354793135
energy_ga,102.99139599601912,185.06413805295773,18537.686030608624
energy_ga,103.05803981925857,185.32140678736636,18550.027984999015
energy_ga,103.12468364249801,185.57451252594407,18562.38694604249
energy_ga,103.19132746573746,185.8232896120772,18574.762630781093
energy_ga,103.2579712889769,186.06757216535968,18587.154745209424
energy_ga,103.32461511221635,186.30719397415896,18599.56298425614
energy_ga,103.3912589354558,186.54198838943282,18611.987031758345
energy_ga,103.45790275869524,186.77178822042015,18624.42656042896
energy_ga,103.52454658193469,186.99642563282495,18636.881231817242
energy_ga,103.59119040517413,187.21573205011433,18649.35069626258
energy_ga,103.65783422841358,187.42953805854404,18661.83459284189
energy_ga,103.72447805165302,187.63767331652107,18674.332549310784
energy_ga,103.79112187489247,187.83996646889892,18686.844182038894
energy_ga,103.85776569813191,188.0362450667911,18699.369095939644
energy_ga,103.92440952137136,188.22633549347202,18711.90688439488
energy_ga,103.9910533446108,188.41006289691566,18724.457129174814
energy_ga,104.05769716785025,188.58725112950364,18737.019400353674
energy_ga,104.1243409910897,188.75772269540516,18749.593256221615
energy_ga,104.19098481432914,188.92129870611276,18762.17824319338
energy_ga,104.25762863756859,189.07779884458185,18774.773895714297
energy_ga,104.32427246080803,189.22704133839414,18787.37973616419
energy_ga,104.39091628404748,189.36884294233042,18799.99527475978
energy_ga,104.45756010728692,189.5030189307009,18812.620009456314
energy_ga,104.52420393052637,189.62938309974393,18825.253425848947
energy_ga,104.59084775376581,189.7477477803613,18837.894997074676
energy_ga,104.65749157700526,189.8579238614172,18850.54418371547
energy_ga,104.7241354002447,189.95972082378196,18863.20043370328
energy_ga,104.79077922348415,190.05294678525388,18875.863182227724
energy_ga,104.8574230467236,190.13740855644713,18888.53185164709
energy_ga,104.92406686996304,190.21291170768075,18901.205851403465
energy_ga,104.99071069320249,190.27926064685366,18913.88457794266
energy_ga,105.05735451644193,190.33625870823928,18926.567414639703
energy_ga,105.12399833968138,190.3837082520794,18939.25373173062
energy_ga,105.19064216292082,190.4214107748019,18951.94288625117
energy_ga,105.25728598616027,190.44916702963712,18964.634221983324
energy_ga,105.32392980939971,190.46677715734546,18977.327069410065
energy_ga,105.39057363263916,190.47404082672514,18990.020745679274
energy_ga,105.4572174558786,190.47075738450553,19002.714554577262
energy_ga,105.52386127911805,190.45672601418298,19015.407786512595
energy_ga,105.5905051023575,190.4317459033061,19028.0997185108
energy_ga,105.65714892559694,190.39561641866118,19040.789614220463
energy_ga,105.72379274883639,190.34813728876483,19053.476723931264
energy_ga,105.79043657207583,190.2891087930211,19066.160284604375
energy_ga,105.85708039531528,190.21833195685758,19078.83951991569
energy_ga,105.92372421855472,190.13560875211343,19091.51364031221
energy_ga,105.99036804179417,190.04074230191344,19104.18184308194
energy_ga,106.05701186503362,189.93353708923016,19116.84331243758
energy_ga,106.12365568827306,189.8137991683037,19129.49721961418
energy_ga,106.1902995115125,189.6813363780671,19142.14272298097
energy_ga,106.25694333475195,189.53595855670076,19154.77896816746
energy_ga,106.3235871579914,189.3774777564317,19167.40508820381
energy_ga,106.39023098123084,189.20570845767875,19180.02020367555
energy_ga,106.45687480447029,189.02046778165092,19192.623422892462
energy_ga,106.52351862770973,188.8215757005075,19205.21384207159
energy_ga,106.59016245094918,188.60885524420758,19217.790545534124
energy_ga,106.65680627418863,188.38213270319702,19230.35260591594
energy_ga,106.72345009742807,188.1412378261174,19242.89908439148
energy_ga,106.79009392066752,187.8860040117621,19255.42903091061
energy_ga,106.85673774390696,187.61626849455976,19267.94148444807
energy_ga,106.92338156714641,187.33187252293172,19280.435473265035
energy_ga,106.99002539038585,187.03266152994595,19292.910015182304
energy_ga,107.0566692136253,186.7184852957841,19305.3641178646
energy_ga,107.12331303686474,186.38919810163856,19317.796779115408
energy_ga,107.18995686010419,186.0446588747808,19330.20698718177
energy_ga,107.25660068334363,185.68473132467378,19342.59372106845
energy_ga,107.32324450658308,185.3092840701534,19354.955950860884
energy_ga,107.38988832982253,184.91819075787316,19367.292638056297
energy_ga,107.45653215306197,184.51133017239238,19379.602735902452
energy_ga,107.52317597630142,184.08858633849485,19391.885189743465
energy_ga,107.58981979954086,183.64984861655046,19404.138937372212
energy_ga,107.65646362278031,183.19501179197792,19416.362909388896
energy_ga,107.72310744601975,182.72397616014084,19428.556029565414
energy_ga,107.7897512692592,182.23664760829436,19440.717215215303
energy_ga,107.85639509249864,181.73293769652545,19452.845377569098
energy_ga,107.92303891573809,181.21276373996267,19464.939422155123
energy_ga,107.98968273897754,180.67604889490795,19476.99824918591
energy_ga,108.05632656221698,180.12272225193385,19489.020753950568
energy_ga,108.12297038545643,179.5527189394185,19501.005827213732
energy_ga,108.18961420869587,178.96598024144348,19512.952355621856
energy_ga,108.25625803193532,178.36245373446835,19524.859222118015
astar,0.0,178.36245373446835,0.0
astar,0.12072563418760741,178.25941875924045,21.526700860987532
astar,0.24145126837521483,178.16208892136552,43.0413071374097
astar,0.3621769025628222,178.07019776749382,64.54449150171675
astar,0.48290253675042966,177.983489433484,86.03689509780378
astar,0.6036281709380371,177.9017188824345,107.51912883376781
astar,0.7243538051256444,177.82465225431898,128.99177471013817
astar,0.8450794393132519,177.75206729257278,150.45538719496196
astar,0.9658050735008593,177.68375381691166,171.9104946531797
astar,1.0865307076884665,177.61951421535326,193.357600834242
astar,1.2072563418760742,177.55916393184575,214.7971864188604
astar,1.3279819760636815,177.5025319291151,236.22971062313133
astar,1.4487076102512888,177.44946110931798,257.6556128559913
astar,1.5694332444388963,177.3998086778499,279.07531442402393
astar,1.6901588786265038,177.3534464382133,300.48922027602634
astar,1.810884512814111,177.3102610082064,321.8977207784248
astar,1.9316101470017186,177.27015394986344,343.30119351158385
astar,2.052335781189326,177.23304180756327,364.70000507625826
astar,2.173061415376933,177.1988560505406,386.09451289887664
astar,2.293787049564541,177.16754291768441,407.48506702398555
astar,2.4145126837521484,177.1390631640067,428.87201188202107
astar,2.5352383179397555,177.11339170950976,450.25568802058206
astar,2.655963952127363,177.09051719239093,471.63643378753784
astar,2.7766895863149705,177.07044142959367,493.0145869546029
astar,2.8974152205025776,177.0531787886657,514.3904862704333
astar,3.018140854690185,177.03875547570948,535.7644729328249
astar,3.1388664888777926,177.02720874492874,557.1368919702165
astar,3.2595921230654,177.01858603588232,578.508093523401
astar,3.3803177572530076,177.0129440450672,599.8784340191169
astar,3.5010433914406143,177.01034773886715,621.2482772280166
astar,3.621769025628222,177.01086931523207,642.617995200379
astar,3.7424946598158293,177.01458712169986,663.9879690738319
astar,3.8632202940034372,177.02158453753765,685.358589748289
astar,3.9839459281910448,177.03194882788307,706.7302584242408
astar,4.104671562378652,177.04576997779102,728.1033870014988
astar,4.225397196566259,177.06313951406972,749.4783983364423
astar,4.346122830753866,177.0841493226963,770.8557263567624
astar,4.4668484649414735,177.1088904694721,792.2358160336354
astar,4.587574099129082,177.1374520313877,813.6191232121639
astar,4.708299733316689,177.16991994594684,835.006114301818
astar,4.829025367504297,177.2063758854257,856.3972658294668
astar,4.949751001691904,177.24689616275052,877.7930638584112
astar,5.070476635879511,177.2915506753407,899.19400327762
astar,5.1912022700671185,177.34040189290963,920.6005869661158
astar,5.311927904254726,177.3935038948311,942.0133248381518
astar,5.432653538442334,177.45090146228023,963.4327327754827
astar,5.553379172629941,177.51262922993567,984.8593314536278
astar,5.674104806817549,177.57871090160108,1006.2936450695813
astar,5.794830441005155,177.64915853365574,1027.7361999789232
astar,5.915556075192763,177.72397188979636,1049.1875232507266
astar,6.03628170938037,177.8031378700716,1070.6481411490502
astar,6.157007343567978,177.88663001675343,1092.1185775501401
astar,6.277732977755585,177.97440809912416,1113.59935230474
astar,6.398458611943193,178.06641777880466,1135.0909795551363
astar,6.5191842461308,178.16259035678624,1156.593966016732
astar,6.639909880318408,178.26284260288668,1178.1088092340567
astar,6.760635514506015,178.36707666790116,1199.6359958211772
astar,6.881361148693623,178.47518007829186,1221.1759996964877
astar,7.0020867828812285,178.5870258128335,1242.7292803218036
astar,7.122812417068836,178.70247246022686,1264.2962809555972
astar,7.243538051256444,178.82136445629232,1285.877426930064
astar,7.364263685444051,178.94353239897873,1307.4731239615223
astar,7.484989319631659,179.06879343905774,1329.083756503411
astar,7.605714953819267,179.19695174402574,1350.709686150873
astar,7.7264405880068745,179.32779903240976,1372.3512501055925
astar,7.847166222194482,179.46111517536278,1394.0087597092008
astar,7.9678918563820895,179.59666886214677,1415.6824990531636
astar,8.088617490569696,179.73421832583185,1437.3727236726456
astar,8.209343124757304,179.87351212529518,1459.0796593313848
astar,8.330068758944911,180.01428997937518,1480.80350090412
astar,8.450794393132519,180.15628364883736,1502.5444113626102
astar,8.571520027320124,180.2992178616247,1524.302520870741
astar,8.692245661507732,180.44281127670914,1546.077925993666
astar,8.81297129569534,180.58677748172457,1567.8706890253425
astar,8.933696929882947,180.73082601945268,1589.6808374382556
astar,9.054422564070556,180.87466343813938,1611.5083634584998
astar,9.175148198258164,181.0179943605573,1633.353223768793
astar,9.295873832445771,181.16052256668505,1655.2153393413773
astar,9.416599466633379,181.30195208484966,1677.0945954021354
astar,9.537325100820986,181.44198828618588,1698.990841526638
astar,9.658050735008594,181.5803389772823,1720.9038918682097
astar,9.778776369196201,181.7167154859321,1742.8335255174904
astar,9.899502003383809,181.85083373497048,1764.7794869923544
astar,10.020227637571416,181.9824152992653,1786.7414868564522
astar,10.140953271759022,182.11118844103382,1808.7192024640515
astar,10.26167890594663,182.2368891187812,1830.7122788282736
astar,10.382404540134237,182.35926196530068,1852.7203296092669
astar,10.503130174321845,182.4780612303353,1874.742938218318
astar,10.623855808509452,182.5930516836759,1896.7796590333778
astar,10.74458144269706,182.7040094746694,1918.8300187209832
astar,10.865307076884667,182.8107229443131,1940.8935176590808
astar,10.986032711072275,182.91299338633834,1962.9696314548141
astar,11.106758345259882,183.01063575392368,1985.0578125509087
astar,11.22748397944749,183.10347930892252,2007.157491913907
astar,11.348209613635097,183.19136821075583,2029.26808079714
astar,11.468935247822705,183.27416204238747,2051.3889725709946
astar,11.58966088201031,183.35173627108327,2073.519544612742
astar,11.710386516197918,183.42398264194088,2095.659160247937
astar,11.831112150385525,183.49080950247554,2117.8071707351614
astar,11.951837784573133,183.5521420568492,2139.9629172857067
astar,12.07256341876074,183.6079225486361,2162.1257331096367
astar,12.193289052948348,183.65811037133219,2184.2949454795516
astar,12.314014687135955,183.7026821061263,2206.4698778033035
astar,12.434740321323563,183.74163148677133,2228.64985169687
astar,12.55546595551117,183.77496929170616,2250.8341890485976
astar,12.676191589698778,183.80272316389855,2273.0222140660576
astar,12.796917223886386,183.82493735919104,2295.213255296836
astar,12.917642858073993,183.84167242424377,2317.4066476146922
astar,13.0383684922616,183.85300480547878,2339.6017341626753
astar,13.159094126449208,183.85902639072668,2361.797868244963
astar,13.279819760636816,183.8598439855803,2383.994415159428
astar,13.400545394824423,183.8555787267425,2406.190753963183
astar,13.52127102901203,183.84636543493951,2428.3862791636507
astar,13.641996663199638,183.83235191024232,2450.580402328042
astar,13.762722297387246,183.8136981728978,2472.77255360447
astar,13.883447931574853,183.79057565302233,2494.9621831483246
astar,14.004173565762457,183.7631663327456,2517.148762447954
astar,14.124899199950065,183.73166184461817,2539.3317855441433
astar,14.245624834137672,183.69626253030376,2561.5107701383427
astar,14.36635046832528,183.65717646377135,2583.685258585122
astar,14.487076102512887,183.6146184433805,2605.8548187648153
astar,14.607801736700495,183.5688089574144,2628.0190448328854
astar,14.728527370888102,183.5199731277561,2650.1775578430797
astar,14.84925300507571,183.4683396365332,2672.330006242034
astar,14.969978639263317,183.4141396406552,2694.4760662335643
astar,15.090704273450925,183.35760567925905,2716.6154420114854
astar,15.211429907638534,183.2989705791425,2738.747865860412
astar,15.332155541826141,183.23846636330734,2760.8730981246003
astar,15.452881176013749,183.17632316776184,2782.9909270455287
astar,15.573606810201357,183.11276817172958,2805.10116846951
astar,15.694332444388964,183.04802454639525,2827.2036654272765
astar,15.815058078576572,182.98231042726928,2849.2982875880757
astar,15.935783712764179,182.9158379151967,2871.3849305914337
astar,16.056509346951785,182.84881211093546,2893.46351526034
astar,16.177234981139392,182.78143018813014,2915.5339867002017
astar,16.297960615327,182.71388050936397,2937.5963132884776
astar,16.418686249514607,182.64634178981967,2959.650485560475
astar,16.539411883702215,182.57898231289894,2981.6965149973125
astar,16.660137517889822,182.5119592019477,3003.734432722578
astar,16.78086315207743,182.44541775201074,3025.764288114684
astar,16.901588786265037,182.37949082529406,3047.7861473423995
astar,17.02231442045264,182.3142983137432,3069.8000918314447
astar,17.14304005464025,182.24994667186223,3091.8062166704512
astar,17.263765688827856,182.18652852258646,3113.804628964924
astar,17.384491323015464,182.1241223386958,3135.795446148188
astar,17.50521695720307,182.06279220191163,3157.7787942585596
astar,17.62594259139068,182.00258764145514,3179.754806192231
astar,17.746668225578286,181.94354355346684,3201.723619941548
astar,17.867393859765894,181.8856802022918,3223.6853768284973
astar,17.9881194939535,181.82900330422837,3245.640219743332
astar,18.108845128141112,181.7735041939143,3267.5882913982914
astar,18.22957076232872,181.71916007309673,3289.5297326063805
astar,18.350296396516327,181.66593434108697,3311.4646805951184
astar,18.471022030703935,181.61377700575534,3333.3932673650374
astar,18.591747664891543,181.56262517346613,3355.3156181025674
astar,18.71247329907915,181.51240361589464,3377.2318496567073
astar,18.833198933266758,181.463025411207,3399.1420690886152
astar,18.953924567454365,181.41439265662842,3421.0463723029156
astar,19.074650201641973,181.366397248965,3442.9448427691327
astar,19.19537583582958,181.31892172919711,3464.8375503412194
astar,19.316101470017188,181.27184018681788,3486.7245501826587
astar,19.436827104204795,181.2250192191618,3508.60588180406
astar,19.557552738392403,181.17831894054768,3530.4815682195785
astar,19.67827837258001,181.1315940356635,3552.3516152278335
astar,19.799004006767618,181.08469485123896,3574.2160108223097
astar,19.919729640955225,181.0374685196935,3596.074724735482
astar,20.040455275142833,180.98976010812325,3617.9277081201194
astar,20.161180909330437,180.94141378568585,3639.7748933704165
astar,20.281906543518044,180.89227400218405,3661.6161940847323
astar,20.40263217770565,180.8421866704186,3683.4515051708386
astar,20.52335781189326,180.7910003447038,3705.280703093682
astar,20.644083446080867,180.73856738779997,3727.103646264721
astar,20.764809080268474,180.68474511843442,3748.920175570972
astar,20.88553471445608,180.62939693155818,3770.7301150409403
astar,21.00626034864369,180.5723933835145,3792.5332726436836
astar,21.126985982831297,180.5136132343996,3814.3294412162927
astar,21.247711617018904,180.45294444006444,3836.1183995141764
astar,21.36843725120651,180.39028508645558,3857.8999133776233
astar,21.48916288539412,180.32554425932318,3879.6737370072624
astar,21.609888519581727,180.25864284274022,3901.4396143402223
astar,21.730614153769334,180.1895142403921,3923.19728051803
astar,21.85133978795694,180.118105014203,3944.946463436599
astar,21.97206542214455,180.04437543558797,3966.6868853680403
astar,22.092791056332157,179.96829994544458,3988.4182646435165
astar,22.213516690519764,179.88986751995407,4010.1403173859417
astar,22.334242324707372,179.80908194033157,4031.8527592810465
astar,22.45496795889498,179.7259619658781,4053.55530737517
astar,22.575693593082587,179.64054141103648,4075.2476818881505
astar,22.696419227270194,179.55286912864966,4096.929608029857
astar,22.817144861457802,179.4630089032739,4118.60081780927
astar,22.93787049564541,179.37103926021825,4140.2610518255915
astar,23.058596129833017,179.27705319796885,4161.910061031686
astar,23.17932176402062,179.18115785382554,4183.547608461177
astar,23.30004739820823,179.0834741149386,4205.173470911886
astar,23.420773032395836,178.98413618948535,4226.7874405799075
astar,23.541498666583443,178.88329115549183,4248.389326640562
astar,23.66222430077105,178.78109850777787,4269.978956774773
astar,23.78294993495866,178.67772972671082,4291.556178642057
astar,23.903675569146266,178.57336789588783,4313.12086130441
astar,24.024401203333873,178.46820739955,4334.672896608852
astar,24.14512683752148,178.36245373446835,4356.212200540346
astar,24.16939523280424,178.37566722714217,4360.540931406309
astar,24.193663628087002,178.4137242033281,4364.870284398274
astar,24.217932023369762,178.4743246828592,4369.200834519305
astar,24.242200418652526,178.55526799784337,4373.533102160715
astar,24.266468813935287,178.65445139238048,4377.867555495218
astar,24.290737209218047,178.76986852421314,4382.204612834922
astar,24.315005604500808,178.89960787503583,4386.5446449518395
astar,24.33927399978357,179.04185107640254,4390.8879773588005
astar,24.36354239506633,179.1948711582635,4395.234892548796
astar,24.387810790349093,179.3570307271561,4399.585632190967
astar,24.412079185631853,179.52678008098667,4403.940399281604
astar,24.436347580914614,179.7026552671916,4408.29936024872
astar,24.460615976197374,179.88327609086753,4412.662647008879
astar,24.484884371480135,180.0673440792271,4417.03035897516
astar,24.509152766762895,180.25364040848058,4421.402565015271
astar,24.533421162045656,180.4410237989678,4425.779305358955
astar,24.55768955732842,180.6284283840823,4430.160593454009
astar,24.58195795261118,180.8148615582475,4434.546417770321
astar,24.60622634789394,180.99940180891548,4438.936743551488
astar,24.6304947431767,181.18119653728453,4443.331514513694
astar,24.65476313845946,181.35945987215948,4447.730654491602
astar,24.679031533742222,181.53347048111604,4452.134069031168
astar,24.703299929024986,181.70256938288136,4456.5416469293505
astar,24.727568324307747,181.86615776460215,4460.953261720783
astar,24.751836719590507,182.02369480744503,4465.368773111585
astar,24.776105114873268,182.17469552375533,4469.788028360536
astar,24.800373510156028,182.31872860879855,4474.210863607944
astar,24.82464190543879,182.45541430990966,4478.637105152585
astar,24.84891030072155,182.58442231569504,4483.066570677177
astar,24.873178696004313,182.70546966775464,4487.499070422903
astar,24.897447091287074,182.81831869722404,4491.93440831355
astar,24.921715486569834,182.9227749882803,4496.372383029905
astar,24.945983881852595,183.01868537060213,4500.812789035075
astar,24.970252277135355,183.10593594262826,4505.255417551465
astar,24.994520672418115,183.18445012732198,4509.700057490176
astar,25.018789067700876,183.25418676201227,4514.146496333629
astar,25.04305746298364,183.3151382237538,4518.594520972275
astar,25.0673258582664,183.36732859152252,4523.043918496241
astar,25.09159425354916,183.4108118464417,4527.494476942853
astar,25.11586264883192,183.44567011111442,4531.945986000947
astar,25.140131044114682,183.4720119290245,4536.39823767294
astar,25.164399439397442,183.48997058485483,4540.851026895636
astar,25.188667834680203,183.49970246646242,4545.304152120786
astar,25.212936229962967,183.50138546914295,4549.757415856399
astar,25.237204625245727,183.49521744271382,4554.210625169847
astar,25.261473020528488,183.48141468184227,4558.6635921538145
astar,25.28574141581125,183.46021045994542,4563.116134356134
astar,25.31000981109401,183.43185360689472,4567.568075174575
astar,25.33427820637677,183.39660713066095,4572.019244217648
astar,25.358546601659533,183.3547468829463,4576.469477632493
astar,25.382814996942294,183.30656026876167,4580.918618400919
astar,25.407083392225054,183.2523449998213,4585.366516604656
astar,25.431351787507815,183.19240789154637,4589.813029660886
astar,25.455620182790575,183.12706370338867,4594.258022529105
astar,25.479888578073336,183.0566340221112,4598.701367890358
astar,25.504156973356096,182.98144618759062,4603.142946299894
astar,25.52842536863886,182.90183226063786,4607.582646314261
astar,25.55269376392162,182.81812803226964,4612.020364593853
astar,25.57696215920438,182.73067207380205,4616.45600598191
astar,25.60123055448714,182.63980482708308,4620.88948356095
astar,25.625498949769902,182.54586773412595,4625.320718687608
astar,25.649767345052663,182.44920240536015,4629.74964100681
astar,25.674035740335427,182.35014982567097,4634.176188446229
astar,25.698304135618187,182.24904959735906,4638.600307191918
astar,25.722572530900948,182.14623921912022,4643.021951646005
astar,25.746840926183708,182.04205340010685,4647.441084367323
astar,25.77110932146647,181.93682340811677,4651.857675995801
astar,25.79537771674923,181.83087645092291,4656.271705161441
astar,25.81964611203199,181.72453508974667,4660.683158378669
astar,25.843914507314754,181.61811668386076,4665.092029926834
astar,25.868182902597514,181.51193286529914,4669.498321717588
astar,25.892451297880275,181.40628904264543,4673.902043149877
astar,25.916719693163035,181.3014839328708,4678.303210953226
astar,25.940988088445796,181.1978091201941,4682.701849019993
astar,25.965256483728556,181.09554864094275,4687.097988227226
astar,25.98952487901132,180.99497859340298,4691.491666248759
astar,26.01379327429408,180.8963667716615,4695.882927358124
astar,26.03806166957684,180.79997232245432,4700.271822222856
astar,26.0623300648596,180.70604542406187,4704.65840769074
astar,26.086598460142362,180.61482698630672,4709.042746568523
astar,26.110866855425122,180.52654837073908,4713.424907393585
astar,26.135135250707883,180.44143113011964,4717.804964199058
astar,26.159403645990647,180.3596867663396,4722.182996272845
astar,26.183672041273407,180.281516505951,4726.559087910977
astar,26.207940436556168,180.20711109250993,4730.933328165726
astar,26.23220883183893,180.13665059497572,4735.30581058888
astar,26.25647722712169,180.0703042314408,4739.676632970544
astar,26.28074562240445,180.00823020750883,4744.045897073845
astar,26.305014017687213,179.95057556867513,4748.413708365889
astar,26.329282412969974,179.8974760661046,4752.780175745291
astar,26.353550808252734,179.8490560352457,4757.14541126661
astar,26.377819203535495,179.80542828675985,4761.509529861982
astar,26.402087598818255,179.76669400928873,4765.872649060252
astar,26.426355994101016,179.73294268362736,4770.234888703888
astar,26.450624389383776,179.70425200791368,4774.596370663939
astar,26.474892784666537,179.68068783349122,4778.95721855331
astar,26.4991611799493,179.66230411114557,4783.317557438611
astar,26.52342957523206,179.64914284746268,4787.677513550818
astar,26.54769797051482,179.64123407109972,4792.037213994994
astar,26.571966365797582,179.63859580880933,4796.396786459319
astar,26.596234761080343,179.64123407109972,4800.756358923643
astar,26.620503156363107,179.64914284746268,4805.11605936782
astar,26.644771551645867,179.66230411114557,4809.476015480026
astar,26.669039946928628,179.6806878334912,4813.836354365327
astar,26.693308342211388,179.70425200791368,4818.197202254698
astar,26.71757673749415,179.73294268362736,4822.558684214749
astar,26.74184513277691,179.76669400928873,4826.920923858384
astar,26.76611352805967,179.80542828675985,4831.284043056655
astar,26.79038192334243,179.8490560352457,4835.648161652027
astar,26.814650318625194,179.8974760661046,4840.013397173347
astar,26.838918713907955,179.95057556867513,4844.379864552749
astar,26.863187109190715,180.00823020750883,4848.747675844792
astar,26.887455504473476,180.0703042314408,4853.116939948092
astar,26.911723899756236,180.13665059497572,4857.487762329756
astar,26.935992295039,180.20711109250993,4861.860244752911
astar,26.96026069032176,180.281516505951,4866.234485007661
astar,26.98452908560452,180.3596867663396,4870.610576645792
astar,27.00879748088728,180.44143113011964,4874.988608719579
astar,27.033065876170042,180.52654837073914,4879.368665525052
astar,27.057334271452802,180.61482698630672,4883.750826350114
astar,27.081602666735563,180.70604542406187,4888.135165227897
astar,27.105871062018323,180.79997232245432,4892.5217506957815
astar,27.130139457301087,180.8963667716615,4896.910645560514
astar,27.154407852583848,180.994978593403,4901.301906669879
astar,27.17867624786661,181.09554864094275,4905.6955846914125
astar,27.20294464314937,181.1978091201941,4910.091723898646
astar,27.22721303843213,181.3014839328708,4914.490361965412
astar,27.25148143371489,181.40628904264543,4918.891529768762
astar,27.275749828997654,181.51193286529914,4923.2952512010515
astar,27.300018224280414,181.6181166838608,4927.701542991806
astar,27.324286619563175,181.72453508974667,4932.1104145399695
astar,27.348555014845935,181.83087645092291,4936.5218677571975
astar,27.372823410128696,181.93682340811677,4940.935896922837
astar,27.397091805411456,182.04205340010685,4945.352488551315
astar,27.421360200694217,182.14623921912022,4949.771621272634
astar,27.44562859597698,182.24904959735912,4954.193265726722
astar,27.46989699125974,182.35014982567097,4958.61738447241
astar,27.4941653865425,182.44920240536015,4963.043931911829
astar,27.518433781825262,182.54586773412595,4967.47285423103
astar,27.542702177108023,182.63980482708308,4971.9040893576885
astar,27.566970572390783,182.73067207380208,4976.337566936729
astar,27.591238967673544,182.8181280322697,4980.773208324786
astar,27.615507362956308,182.90183226063786,4985.210926604378
astar,27.639775758239068,182.98144618759068,4989.650626618745
astar,27.66404415352183,183.0566340221112,4994.092205028282
astar,27.68831254880459,183.12706370338867,4998.535550389534
astar,27.71258094408735,183.19240789154637,5002.980543257753
astar,27.73684933937011,183.2523449998213,5007.4270563139835
astar,27.76111773465287,183.30656026876167,5011.874954517721
astar,27.785386129935635,183.3547468829463,5016.324095286147
astar,27.809654525218395,183.39660713066095,5020.774328700992
astar,27.833922920501156,183.43185360689472,5025.225497744064
astar,27.858191315783916,183.46021045994542,5029.677438562505
astar,27.882459711066677,183.48141468184227,5034.129980764825
astar,27.90672810634944,183.49521744271382,5038.582947748793
astar,27.9309965016322,183.50138546914295,5043.036157062241
astar,27.95526489691496,183.49970246646242,5047.489420797853
astar,27.979533292197722,183.4899705848549,5051.942546023003
astar,28.003801687480482,183.4720119290245,5056.395335245699
astar,28.028070082763243,183.44567011111442,5060.847586917692
astar,28.052338478046003,183.41081184644165,5065.299095975786
astar,28.076606873328767,183.36732859152255,5069.749654422399
astar,28.100875268611528,183.3151382237538,5074.199051946364
astar,28.12514366389429,183.25418676201227,5078.647076585009
astar,28.14941205917705,183.18445012732192,5083.0935154284625
astar,28.17368045445981,183.10593594262818,5087.538155367173
astar,28.19794884974257,183.01868537060216,5091.980783883563
astar,28.22221724502533,182.9227749882803,5096.421189888733
astar,28.246485640308094,182.81831869722404,5100.859164605088
astar,28.270754035590855,182.70546966775464,5105.294502495735
astar,28.295022430873615,182.58442231569504,5109.7270022414605
astar,28.319290826156376,182.45541430990966,5114.156467766053
astar,28.343559221439136,182.31872860879855,5118.582709310694
astar,28.367827616721897,182.17469552375533,5123.005544558101
astar,28.392096012004657,182.02369480744503,5127.424799807052
astar,28.41636440728742,181.86615776460215,5131.840311197855
astar,28.440632802570182,181.70256938288136,5136.251925989288
astar,28.464901197852942,181.53347048111604,5140.65950388747
astar,28.489169593135703,181.35945987215942,5145.0629184270365
astar,28.513437988418463,181.18119653728448,5149.462058404944
astar,28.537706383701227,180.99940180891542,5153.8568293671515
astar,28.561974778983988,180.8148615582475,5158.247155148319
astar,28.586243174266748,180.6284283840823,5162.63297946463
astar,28.61051156954951,180.4410237989678,5167.0142675596835
astar,28.63477996483227,180.25364040848066,5171.391007903368
astar,28.65904836011503,180.0673440792271,5175.763213943478
astar,28.68331675539779,179.88327609086755,5180.13092590976
astar,28.70758515068055,179.7026552671916,5184.494212669918
astar,28.731853545963315,179.52678008098667,5188.853173637035
astar,28.756121941246075,179.3570307271561,5193.207940727672
astar,28.780390336528836,179.19487115826345,5197.5586803698425
astar,28.804658731811596,179.04185107640254,5201.905595559838
astar,28.828927127094357,178.89960787503583,5206.248927966799
astar,28.853195522377117,178.76986852421314,5210.588960083716
astar,28.87746391765988,178.65445139238048,5214.9260174234205
astar,28.90173231294264,178.55526799784337,5219.260470757923
astar,28.926000708225402,178.4743246828592,5223.592738399332
astar,28.950269103508163,178.4137242033281,5227.923288520364
astar,28.974537498790923,178.37566722714217,5232.252641512328
astar,28.998805894073683,178.36245373446835,5236.581372378291
astar,29.031390457029595,178.37566722725475,5242.393450258916
astar,29.063975019985506,178.41372421031883,5248.206363452566
astar,29.096559582941417,178.4743247601055,5254.020884002511
astar,29.129144145897325,178.55526841881158,5259.837710630541
astar,29.161728708853236,178.6544529497104,5265.657471957738
astar,29.194313271809147,178.76987303311535,5271.480729683719
astar,29.226897834765058,178.89961889766067,5277.307981722332
astar,29.25948239772097,179.04187488315884,5283.139665291649
astar,29.29206696067688,179.19491793266002,5288.976159955964
astar,29.324651523632788,179.35711601252615,5294.817790617492
astar,29.3572360865887,179.52692646035493,5300.664830455407
astar,29.38982064954461,179.70289426147028,5306.517503809883
astar,29.42240521250052,179.8836502554584,5312.375989008839
astar,29.454989775456433,180.06790927487867,5318.240421135136
astar,29.487574338412344,180.2544682188406,5324.11089473207
astar,29.52015890136825,180.44220406461434,5329.987466445074
astar,29.552743464324163,180.63007182085073,5335.870157597686
astar,29.585328027280074,180.81710242633105,5341.758956699932
astar,29.617912590235985,181.0024005984563,5347.653821887426
astar,29.650497153191896,181.1851426359252,5353.55468328961
astar,29.683081716147807,181.3645741802503,5359.461445325732
astar,29.715666279103715,181.5400079409156,5365.373988927289
astar,29.748250842059626,181.7108213891039,5371.292173685834
astar,29.780835405015537,181.87645442501164,5377.215839925201
astar,29.81341996797145,182.0364070238276,5383.144810697374
astar,29.84600453092736,182.19023686548604,5389.0788937013895
astar,29.87858909388327,182.33755695331135,5395.017883124823
astar,29.911173656839182,182.47803322665243,5400.961561407582
astar,29.94375821979509,182.6113821725687,5406.909700927888
astar,29.976342782751,182.73736844156574,5412.862065610512
astar,30.008927345706912,182.8558024722998,5418.818412457459
astar,30.041511908662823,182.96653813007046,5424.778493001478
astar,30.074096471618734,183.0694703638052,5430.742054682927
astar,30.106681034574645,183.16453288610313,5436.708842150673
astar,30.139265597530553,183.25169588076065,5442.678598487833
astar,30.171850160486464,183.33096374203507,5448.651066363345
astar,30.204434723442375,183.4023728497283,5454.625989110448
astar,30.237019286398287,183.46598938398273,5460.603111733317
astar,30.269603849354198,183.52190718348302,5466.582181843197
astar,30.30218841231011,183.57024565054698,5472.562950525517
astar,30.334772975266016,183.61114770637133,5478.545173139556
astar,30.367357538221928,183.64477779947092,5484.528610052344
astar,30.39994210117784,183.67131997011785,5490.513027308591
astar,30.43252666413375,183.6909759733483,5496.498197238489
astar,30.46511122708966,183.70396346286228,5502.48389900536
astar,30.497695790045572,183.71051423789538,5508.469919095137
astar,30.53028035300148,183.7108725548918,5514.456051749785
astar,30.56286491595739,183.70529350556126,5520.442099346793
astar,30.595449478913302,183.69404146264924,5526.427872726908
astar,30.628034041869213,183.67738859450313,5532.413191472358
astar,30.660618604825125,183.65561344926982,5538.397884137798
astar,30.693203167781036,183.62899960931338,5544.381788436271
astar,30.725787730736947,183.59783441620445,5550.364751382473
astar,30.758372293692855,183.56240776639396,5556.346629395625
astar,30.790956856648766,183.5230109774539,5562.327288364253
astar,30.823541419604677,183.47993572454422,5568.306603675162
astar,30.856125982560588,183.433473046545,5574.284460208896
astar,30.8887105455165,183.38391242108605,5580.260752303942
astar,30.921295108472407,183.3315409075006,5586.235383691887
astar,30.953879671428318,183.27664235654055,5592.208267405747
astar,30.98646423438423,183.21949668550394,5598.179325663605
astar,31.01904879734014,183.16037921725336,5604.1484897296705
astar,31.05163336029605,183.0995600814398,5610.115699754823
astar,31.084217923251963,183.03730367609347,5616.080904598617
astar,31.116802486207874,182.97386818760324,5622.044061634697
astar,31.14938704916378,182.90950516697103,5628.005136541493
astar,31.181971612119693,182.84445916011552,5633.964103079988
astar,31.214556175075604,182.77896738988508,5639.920942860274
astar,31.247140738031515,182.71325948734938,5645.875645098563
astar,31.279725300987426,182.64755726985285,5651.828206366187
astar,31.312309863943334,182.58207456324254,5657.778630332102
astar,31.344894426899245,182.51701706562187,5663.726927500265
astar,31.377478989855156,182.45258224993574,5669.673114943211
astar,31.410063552811067,182.38895930265357,5675.617216033037
astar,31.44264811576698,182.32632909579516,5681.559260170939
astar,31.47523267872289,182.26486418952697,5687.499282516327
astar,31.5078172416788,182.20472886255985,5693.437323716487
astar,31.540401804634712,182.14607916758106,5699.373429637635
astar,31.57298636759062,182.08906300898067,5705.307651098138
astar,31.60557093054653,182.03382024015585,5711.240043604598
astar,31.638155493502442,181.98048277772043,5717.170667091367
astar,31.670740056458353,181.92917472999542,5723.099585664029
astar,31.703324619414264,181.8800125372151,5729.026867347253
astar,31.735909182370172,181.83310512095238,5734.952583837364
astar,31.768493745326083,181.78855404034204,5740.876810259901
astar,31.801078308281994,181.74645365276652,5746.799624932328
astar,31.833662871237905,181.7068912767605,5752.721109132024
astar,31.866247434193816,181.66994735499088,5758.641346869582
astar,31.898831997149728,181.63569561527484,5764.560424667383
astar,31.93141656010564,181.60420322771066,5770.4784313433565
astar,31.964001123061546,181.5755309561173,5776.395457799768
astar,31.996585686017458,181.54973330210083,5782.31159681682
astar,32.02917024897337,181.5268586401958,5788.226942850802
astar,32.061754811929276,181.50694934266392,5794.141591836471
astar,32.09433937488519,181.49004189267106,5800.055640993328
astar,32.1269239378411,181.476166984704,5805.969188635345
astar,32.15950850079701,181.46534961123515,5811.882333983762
astar,32.19209306375292,181.45760913478983,5817.795176982465
astar,32.22467762670883,181.4529593447226,5823.707818115458
astar,32.25726218966474,181.45140849816016,5829.620358225934
astar,32.289846752620655,181.4529593447226,5835.53289833641
astar,32.322431315576566,181.45760913478983,5841.445539469403
astar,32.35501587853248,181.4653496112351,5847.358382468106
astar,32.38760044148839,181.476166984704,5853.271527816523
astar,32.4201850044443,181.49004189267106,5859.18507545854
astar,32.45276956740021,181.50694934266392,5865.099124615397
astar,32.485354130356114,181.5268586401958,5871.0137736010665
astar,32.517938693312026,181.54973330210083,5876.929119635047
astar,32.55052325626794,181.5755309561173,5882.845258652099
astar,32.58310781922385,181.60420322771066,5888.762285108511
astar,32.61569238217976,181.63569561527484,5894.680291784484
astar,32.64827694513567,181.66994735499088,5900.599369582285
astar,32.68086150809158,181.7068912767605,5906.519607319843
astar,32.71344607104749,181.74645365276652,5912.441091519539
astar,32.746030634003404,181.78855404034204,5918.363906191967
astar,32.778615196959315,181.8331051209524,5924.288132614503
astar,32.811199759915226,181.8800125372151,5930.213849104615
astar,32.84378432287113,181.92917472999542,5936.141130787838
astar,32.87636888582704,181.98048277772048,5942.0700493605
astar,32.90895344878295,182.03382024015585,5948.000672847269
astar,32.941538011738864,182.08906300898067,5953.933065353729
astar,32.974122574694775,182.14607916758106,5959.867286814233
astar,33.006707137650686,182.20472886255985,5965.803392735381
astar,33.0392917006066,182.26486418952703,5971.741433935541
astar,33.07187626356251,182.32632909579516,5977.6814562809295
astar,33.10446082651842,182.38895930265357,5983.623500418831
astar,33.13704538947433,182.45258224993574,5989.567601508657
astar,33.16962995243024,182.51701706562187,5995.513788951603
astar,33.20221451538615,182.58207456324254,6001.462086119766
astar,33.234799078342064,182.64755726985285,6007.412510085681
astar,33.26738364129797,182.71325948734938,6013.365071353303
astar,33.29996820425388,182.77896738988505,6019.319773591592
astar,33.33255276720979,182.84445916011552,6025.276613371879
astar,33.3651373301657,182.90950516697103,6031.235579910373
astar,33.39772189312161,182.97386818760324,6037.19665481717
astar,33.430306456077524,183.03730367609353,6043.15981185325
astar,33.462891019033435,183.0995600814398,6049.125016697044
astar,33.495475581989346,183.16037921725336,6055.092226722197
astar,33.52806014494526,183.21949668550394,6061.0613907882625
astar,33.56064470790117,183.27664235654055,6067.03244904612
astar,33.59322927085708,183.3315409075006,6073.00533275998
astar,33.625813833812984,183.3839124210861,6078.979964147924
astar,33.6583983967689,183.433473046545,6084.956256242972
astar,33.690982959724806,183.47993572454428,6090.934112776706
astar,33.72356752268072,183.5230109774539,6096.913428087614
astar,33.75615208563663,183.56240776639396,6102.894087056242
astar,33.78873664859254,183.59783441620445,6108.8759650693955
astar,33.82132121154845,183.62899960931338,6114.8589280155975
astar,33.85390577450436,183.65561344926982,6120.84283231407
astar,33.88649033746027,183.67738859450313,6126.82752497951
astar,33.919074900416184,183.69404146264924,6132.81284372496
astar,33.951659463372096,183.70529350556126,6138.798617105075
astar,33.98424402632801,183.7108725548918,6144.784664702083
astar,34.01682858928392,183.71051423789538,6150.770797356732
astar,34.04941315223982,183.70396346286228,6156.756817446508
astar,34.08199771519574,183.69097597334832,6162.742519213381
astar,34.114582278151644,183.67131997011785,6168.727689143278
astar,34.147166841107556,183.64477779947097,6174.712106399525
astar,34.17975140406347,183.61114770637133,6180.695543312313
astar,34.21233596701938,183.57024565054698,6186.677765926352
astar,34.24492052997529,183.52190718348294,6192.658534608672
astar,34.2775050929312,183.46598938398276,6198.637604718552
astar,34.31008965588711,183.4023728497283,6204.614727341421
astar,34.34267421884302,183.33096374203507,6210.589650088524
astar,34.375258781798934,183.2516958807606,6216.562117964036
astar,34.407843344754845,183.16453288610305,6222.531874301197
astar,34.440427907710756,183.06947036380524,6228.498661768943
astar,34.47301247066666,182.96653813007046,6234.462223450391
astar,34.50559703362257,182.8558024722998,6240.42230399441
astar,34.53818159657848,182.73736844156574,6246.378650841357
astar,34.570766159534394,182.6113821725687,6252.3310155239815
astar,34.603350722490305,182.47803322665243,6258.279155044288
astar,34.635935285446216,182.33755695331135,6264.222833327047
astar,34.66851984840213,182.19023686548604,6270.1618227504805
astar,34.70110441135804,182.0364070238276,6276.095905754496
astar,34.73368897431395,181.87645442501164,6282.024876526669
astar,34.76627353726986,181.7108213891039,6287.948542766036
astar,34.79885810022577,181.5400079409156,6293.866727524581
astar,34.83144266318168,181.36457418025023,6299.779271126138
astar,34.864027226137594,181.1851426359251,6305.68603316226
astar,34.8966117890935,181.00240059845623,6311.586894564442
astar,34.92919635204941,180.81710242633105,6317.481759751936
astar,34.96178091500532,180.63007182085073,6323.3705588541825
astar,34.99436547796123,180.44220406461434,6329.253250006795
astar,35.02695004091714,180.25446821884069,6335.129821719798
astar,35.059534603873054,180.06790927487867,6341.000295316732
astar,35.092119166828965,179.88365025545846,6346.86472744303
astar,35.124703729784876,179.70289426147028,6352.723212641985
astar,35.15728829274079,179.52692646035493,6358.575885996461
astar,35.1898728556967,179.35711601252615,6364.422925834376
astar,35.22245741865261,179.19491793265993,6370.264556495904
astar,35.255041981608514,179.04187488315884,6376.101051160218
astar,35.287626544564425,178.89961889766067,6381.932734729535
astar,35.320211107520336,178.76987303311535,6387.759986768148
astar,35.35279567047625,178.6544529497104,6393.583244494129
astar,35.38538023343216,178.55526841881158,6399.403005821327
astar,35.41796479638807,178.4743247601055,6405.219832449357
astar,35.45054935934398,178.41372421031883,6411.034352999302
astar,35.48313392229989,178.37566722725475,6416.847266192952
astar,35.5157184852558,178.36245373446835,6422.659344073577
astar,35.54257587953538,179.4292189785852,6427.464020085578
astar,35.569433273814944,180.48682552149816,6432.297223642919
astar,35.59629066809452,181.5333778352288,6437.15868331228
astar,35.62314806237409,182.5670952422187,6442.04807829369
astar,35.650005456653666,183.5863080043729,6446.965041452591
astar,35.67686285093323,184.58945353104164,6451.909162248459
astar,35.70372024521281,185.57507270207404,6456.879989563136
astar,35.73057763949238,186.54180630161932,6461.87703443188
astar,35.757435033771955,187.4883915580338,6466.899772680072
astar,35.78429242805152,188.41365878506593,6471.947647468352
astar,35.811149822331096,189.31652811941566,6477.020071748848
astar,35.83800721661067,190.19600634977735,6482.116430634987
astar,35.864864610890244,191.05118383257636,6487.236083687341
astar,35.89172200516981,191.88123148976007,6492.378367117711
astar,35.918579399449385,192.6853978842213,6497.542595913643
astar,35.94543679372896,193.4630063686768,6502.728065885367
astar,35.97229418800853,194.21345230410452,6507.934055637109
astar,35.9991515822881,194.93620034414232,6513.159828464574
astar,36.026008976567674,195.63078178216202,6518.404634180349
astar,36.05286637084725,196.29679195805127,6523.667710868837
astar,36.07972376512682,196.93388772205225,6528.948286572334
astar,36.10658115940639,197.54178495332073,6534.245580909704
astar,36.13343855368596,198.12025613117132,6539.5588066291375
astar,36.16029594796554,198.66912795726773,6544.887171096344
astar,36.18715334224511,199.18827902729413,6550.229877719561
astar,36.21401073652468,199.67763755090246,6555.586127312672
astar,36.24086813080425,200.13717911897507,6560.955119397731
astar,36.267725525083826,200.56692451746198,6566.336053448134
astar,36.2945829193634,200.96693758725567,6571.728130073708
astar,36.32144031364297,201.33732312974814,6577.130552148921
astar,36.34829770792254,201.6782248578741,6582.542525885472
astar,36.375155102202115,201.98982339258768,6587.9632618504365
astar,36.40201249648169,202.2723343048371,6593.391975931232
astar,36.428869890761256,202.52600620320382,6598.827890248602
astar,36.45572728504083,202.75111886745466,6604.270234018859
astar,36.482584679320404,202.94798142831723,6609.718244366615
astar,36.50944207359998,203.1169305938359,6615.171167089255
astar,36.536299467879545,203.25832892269378,6620.628257374403
astar,36.56315686215912,203.37256314490304,6626.08878047166
astar,36.59001425643869,203.46004253025995,6631.552012319862
astar,36.61687165071827,203.5211973049537,6637.017240131184
astar,36.64372904499783,203.5564771166864,6642.48376293336
astar,36.67058643927741,203.5663495486277,6647.950892071342
astar,36.69744383355698,203.55129868247747,6653.4179516697
astar,36.72430122783655,203.51182371085676,6658.884279057095
astar,36.75115862211612,203.4484375991769,6664.349225154157
astar,36.778016016395696,203.36166579707285,6669.812154826071
astar,36.80487341067527,203.2520449993999,6675.272447201241
astar,36.83173080495484,203.1201219567194,6680.729495957333
astar,36.85858819923441,202.96645233510512,6686.182709576031
astar,36.885445593513985,202.79159962501555,6691.6315115678335
astar,36.91230298779356,202.59613409888445,6697.075340668196
astar,36.939160382073126,202.38063181698956,6702.513651006329
astar,36.9660177763527,202.14567368105955,6707.945912247939
astar,36.992875170632274,201.8918445349945,6713.371609713174
astar,37.01973256491185,201.61973231197183,6718.79024447105
astar,37.046589959191415,201.32992722712478,6724.201333411579
astar,37.07344735347099,201.02302101488675,6729.604409296821
astar,37.10030474775056,200.69960621000973,6734.999020792024
astar,37.12716214203014,200.36027547118098,6740.384732478039
astar,37.154019536309704,200.0056209460805,6745.761124846124
astar,37.18087693058928,199.63623367664954,6751.127794276236
astar,37.20773432486885,199.252703043266,6756.48435299986
astar,37.234591719148426,198.85561624645916,6761.830429048431
astar,37.26144911342799,198.44555782473526,6767.1656661883135
astar,37.28830650770757,198.02310920703056,6772.489723843298
astar,37.31516390198714,197.588848298261,6777.802277005515
astar,37.342021296266715,197.14334909639533,6783.10301613565
astar,37.36887869054628,196.6871813394423,6788.391647053273
astar,37.395736084825856,196.22091018071615,6793.667890818069
astar,37.42259347910543,195.74509589071988,6798.931483602694
astar,37.449450873385004,195.2602935839737,6804.182176557974
astar,37.47630826766457,194.7670529691056,6809.419735671069
astar,37.503165661944145,194.26591812052322,6814.643941617223
astar,37.53002305622372,193.75742726998988,6819.854589605639
astar,37.55688045050329,193.242112616442,6825.051489220011
astar,37.58373784478286,192.7205001524068,6830.234464254163
astar,37.610595239062434,192.19310950540276,6835.40335254324
astar,37.63745263334201,191.66045379274408,6840.558005790798
astar,37.66431002762158,191.1230394882058,6845.698289392178
astar,37.69116742190115,190.58136629905684,6850.824082254416
astar,37.71802481618072,190.03592705202018,6855.935276612993
astar,37.7448822104603,189.48720758677592,6861.0317778456
astar,37.771739604739864,188.93568665569214,6866.113504283143
astar,37.79859699901944,188.38183582853407,6871.180387018118
astar,37.82545439329901,187.8261194009796,6876.232369710474
astar,37.852311787578586,187.2689943058486,6881.2694083910565
astar,37.87916918185816,186.71091002603583,6886.291471262696
astar,37.90602657613773,186.15230850822905,6891.298538498958
astar,37.9328839704173,185.59362407658088,6896.290602040587
astar,37.959741364696875,185.03528334560332,6901.26766538961
astar,37.98659875897644,184.477705131647,6906.229743401087
astar,38.013456153256016,183.92130036243006,6911.176862072466
astar,38.04031354753559,183.36647198418405,6916.109058330456
astar,38.067170941815164,182.81361486608662,6921.026379815389
astar,38.09402833609473,182.26311570175613,6925.928884662967
astar,38.120885730374305,181.71535290769046,6930.816641283327
astar,38.14774312465388,181.17069651863616,6935.689728137327
astar,38.17460051893345,180.62950807998067,6940.548233509994
astar,38.20145791321302,180.09214053736636,6945.39225528104
astar,38.22831530749259,179.55893812382766,6950.221900692379
astar,38.25517270177217,179.03023624485644,6955.0372861125825
astar,38.28203009605174,178.50636136190093,6959.838536798234
astar,38.30888749033131,177.98763087490312,6964.625786652134
astar,38.33574488461088,177.47435300457403,6969.399177978359
astar,38.362602278890456,176.96682667520122,6974.1588612341475
astar,38.38945967317003,176.46534139887066,6978.9049947786725
astar,38.4163170674496,175.97017716207444,6983.63774461873
astar,38.44317446172917,175.48160431575312,6988.357284151434
astar,38.470031856008745,174.9998834699059,6993.06379390401
astar,38.49688925028832,174.52526539396965,6997.757461270841
astar,38.523746644567886,174.05799092424084,7002.438480247938
astar,38.55060403884746,173.59829087967717,7007.107051165028
astar,38.577461433127034,173.14638598747322,7011.76338041551
astar,38.60431882740661,172.70248681986195,7016.407680184577
astar,38.631176221686175,172.26679374363727,7021.040168175793
astar,38.65803361596575,171.83949688394114,7025.661067336527
astar,38.68489101024532,171.42077610389092,7030.270605582601
astar,38.7117484045249,171.01080100165706,7034.869015522651
astar,38.738605798804464,170.60973092662647,7039.456534182648
astar,38.76546319308404,170.2177150163048,7044.033402731143
astar,38.79232058736361,169.83489225562775,7048.599866205793
astar,38.819177981643186,169.4613915603552,7053.156173241813
astar,38.84603537592275,169.0973318862292,7057.702575803009
astar,38.87289277020233,168.7428223655655,7062.239328916115
astar,38.8997501644819,168.39796247294623,7066.766690409181
astar,38.926607558761475,168.06284222165803,7071.284920654834
astar,38.95346495304104,167.73754239250115,7075.794282319241
astar,38.980322347320616,167.42213479656795,7080.295040117681
astar,39.00717974160019,167.11668257355063,7084.787460577647
astar,39.034037135879764,166.82124052710205,7089.271811810455
astar,39.06089453015933,166.53585549872486,7093.748363292383
astar,39.087751924438905,166.26056678161274,7098.21738565639
astar,39.11460931871848,165.9954065758084,7102.679150495493
astar,39.14146671299805,165.74040048598027,7107.1339301789485
astar,39.16832410727762,165.4955680630477,7111.581997682396
astar,39.195181501557194,165.26092339080947,7116.023626433148
astar,39.22203889583677,165.03647571864806,7120.459090171848
astar,39.248896290116335,164.8222301412922,7124.888662831762
astar,39.27575368439591,164.61818832652762,7129.312618436971
astar,39.30261107867548,164.42434929164492,7133.731231020753
astar,39.32946847295506,164.24071022930505,7138.14477456549
astar,39.356325867234624,164.0672673833927,7142.553522965425
astar,39.3831832615142,163.90401697530635,7146.957750013625
astar,39.41004065579377,163.7509561810102,7151.357729414486
astar,39.436898050073346,163.60808415904066,7155.753734823184
astar,39.46375544435291,163.4754031295222,7160.146039913406
astar,39.49061283863249,163.3529195041044,7164.534918474757
astar,39.51747023291206,163.2406450665805,7168.920644541181
astar,39.544327627191635,163.13859820379167,7173.303492551771
astar,39.5711850214712,163.0468051862586,7177.683737545314
astar,39.598042415750776,162.96530149781262,7182.061655389879
astar,39.62489981003035,162.89413321332404,7186.437523048757
astar,39.651757204309924,162.83335842344442,7190.8116188840495
astar,39.67861459858949,162.7830487050907,7195.184222999123
astar,39.705471992869064,162.74329063621028,7199.555617621161
astar,39.73232938714864,162.71418735316334,7203.926087524959
astar,39.75918678142821,162.6958601488589,7208.2959204991075
astar,39.78604417570778,162.68845010957023,7212.665407855606
astar,39.81290156998735,162.69211978814366,7217.034844983933
astar,39.83975896426693,162.70705491109638,7221.404531950506
astar,39.8666163585465,162.7334661168772,7225.774774144405
astar,39.89347375282607,162.77159072234207,7230.145882970166
astar,39.92033114710564,162.82169451426532,7234.518176588356
astar,39.947188541385216,162.88407356248334,7238.89198070454
astar,39.97404593566479,162.95905605103275,7243.267629407201
astar,40.00090332994436,163.04700412341987,7247.645466055017
astar,40.02776072422393,163.14831573792716,7252.025844213851
astar,40.054618118503505,163.26342652863588,7256.409128643619
astar,40.08147551278307,163.39281166762453,7260.795696335177
astar,40.108332907062646,163.53698772358536,7265.185937597173
astar,40.13519030134222,163.69651451189043,7269.580257192684
astar,40.162047695621794,163.87199693094414,7273.979075525381
astar,40.18890508990137,164.06408677946797,7278.382829874736
astar,40.215762484180935,164.27348454919397,7282.79197567972
astar,40.24261987846051,164.50094118728998,7287.206987870242
astar,40.26947727274008,164.74725982270397,7291.628362245425
astar,40.29633466701965,165.01329745050916,7296.056616897693
astar,40.323192061299224,165.29996656825284,7300.4922936814555
astar,40.3500494555788,165.60823675826413,7304.935959724999
astar,40.37690684985837,165.93913620987001,7309.38820898408
astar,40.403764244137946,166.2937531755032,7313.849663835513
astar,40.43062163841751,166.6732373547713,7318.320976708889
astar,40.45747903269709,167.0788012006939,7322.802831754437
astar,40.48433642697666,167.51172114251662,7327.295946544827
astar,40.51119382125623,167.97333871977898,7331.80107380864
astar,40.5380512155358,168.46506162265297,7336.319003193033
astar,40.564908609815376,168.98836463399903,7340.850563053016
astar,40.59176600409495,169.54479046909478,7345.396622264672
astar,40.618623398374524,170.13595050960677,7349.9580920594935
astar,40.64548079265409,170.76352542909015,7354.535927876986
astar,40.672338186933665,171.429265708125,7359.131131232586
astar,40.69919558121324,172.1349920381499,7363.744751597917
astar,40.726052975492806,172.88259561411908,7368.377888290398
astar,40.75291036977238,173.6740383173186,7373.031692369247
astar,40.779767764051954,174.511352791017,7377.70736853494
astar,40.80662515833153,175.39664241311206,7382.406177029326
astar,40.833482552611095,176.3320811715687,7387.129435533707
astar,40.86033994689067,177.31991345022294,7391.878521062365
astar,40.88719734117024,178.36245373446835,7396.65487184925
astar,40.98188484117024,178.78776032513647,7413.563702296135
astar,41.07657234117024,179.2022408045913,7430.51229141212
astar,41.17125984117024,179.60583881701814,7447.4996114317055
astar,41.26594734117024,179.99850695817125,7464.524629676999
astar,41.360634841170246,180.38020669894132,7481.586309401704
astar,41.455322341170245,180.7509083608645,7498.683610630316
astar,41.550009841170244,181.1105911291747,7515.815490996798
astar,41.64469734117024,181.45924309062332,7532.980906585642
astar,41.73938484117024,181.79686128479614,7550.178812777165
astar,41.83407234117024,182.12345175906816,7567.408165097835
astar,41.92875984117024,182.43902961865808,7584.667920075562
astar,42.02344734117024,182.74361906445742,7601.957036099153
astar,42.118134841170246,183.03725341245263,7619.2744742804825
astar,42.212822341170245,183.31997508960438,7636.619199317377
astar,42.307509841170244,183.591835602017,7653.990180354808
astar,42.40219734117024,183.85289547212628,7671.386391841599
astar,42.49688484117024,184.103224142449,7688.806814379602
astar,42.59157234117024,184.3428998441876,7706.250435562094
astar,42.68625984117024,184.5720094296641,7723.716250798027
astar,42.78094734117024,184.79064816817302,7741.203264118675
astar,42.87563484117024,184.99891950540294,7758.710488963221
astar,42.970322341170245,185.1969347870713,7776.236948939882
astar,43.065009841170244,185.3848129478639,7793.781678559208
astar,43.159697341170244,185.56268016716348,7811.343723936372
astar,43.25438484117024,185.73066949339346,7828.922143459364
astar,43.34907234117024,185.8889204391023,7846.51600842023
astar,43.44375984117024,186.037578549166,7864.1244036067055
astar,43.53844734117024,186.17679494470266,7881.7464278518055
astar,43.63313484117024,186.30672584546292,7899.381194539214
astar,43.727822341170246,186.42753207360215,7917.027832062571
astar,43.822509841170245,186.53937854184508,7934.685484237021
astar,43.917197341170244,186.6424337291226,7952.353310661725
astar,44.01188484117024,186.73686914681147,7970.030487032257
astar,44.10657234117024,186.8228587987186,7987.716205402178
astar,44.20125984117024,186.90057863794524,8005.4096743933205
astar,44.29594734117024,186.97020602373811,8023.110119354647
astar,44.39063484117024,187.03191918137742,8040.816782469827
astar,44.485322341170246,187.0858966680834,8058.528922813951
astar,44.580009841170245,187.13231684783122,8076.245816360095
astar,44.674697341170244,187.17135737786174,8093.966755936717
astar,44.76938484117024,187.20319470955243,8111.691051137105
astar,44.86407234117024,187.2280036061843,8129.418028182366
astar,44.95875984117024,187.2459566799936,8147.1470297396645
astar,45.05344734117024,187.25722395074735,8164.877414697651
astar,45.14813484117024,187.26197242791775,8182.608557901203
astar,45.24282234117024,187.26036571836394,8200.339849847816
astar,45.337509841170245,187.2525636612532,8218.070696348133
astar,45.432197341170244,187.23872199177694,8235.800518153268
astar,45.526884841170244,187.21899203503335,8253.528750551724
astar,45.62157234117024,187.19352043126463,8271.2548429388
astar,45.71625984117024,187.16244889344944,8288.978258361518
astar,45.81094734117024,187.1259139980679,8306.698473042163
astar,45.90563484117024,187.0840470096672,8324.414975883623
astar,46.000322341170246,187.03697373967432,8342.127267959726
astar,46.095009841170246,186.9848144397201,8359.834861993844
astar,46.189697341170245,186.92768372955854,8377.537281829045
astar,46.284384841170244,186.86569055949275,8395.234061893043
astar,46.37907234117024,186.7989382070448,8412.924746661209
astar,46.47375984117024,186.7275243074459,8430.608890120879
astar,46.56844734117024,186.651540917358,8448.286055240116
astar,46.66313484117024,186.57107461108865,8465.955813444041
astar,46.75782234117024,186.48620660841152,8483.617744101777
astar,46.852509841170246,186.39701293296426,8501.27143402694
astar,46.947197341170245,186.3035646000661,8518.916476994518
astar,47.041884841170244,186.2059278326688,8536.55247327688
astar,47.13657234117024,186.1041643040402,8554.179029201478
astar,47.23125984117024,185.99833140567134,8571.795756732734
astar,47.32594734117024,185.88848253879843,8589.402273080417
astar,47.42063484117024,185.7746674278397,8606.99820033665
astar,47.51532234117025,185.65693245396528,8624.583165143555
astar,47.61000984117024,185.53532100694898,8642.156798393344
astar,47.704697341170245,185.40987385338101,8659.718734962513
astar,47.799384841170244,185.2806295192753,8677.268613481561
astar,47.894072341170244,185.14762468505134,8694.806076141547
astar,47.98875984117024,185.01089459084434,8712.330768538515
astar,48.08344734117024,184.87047345006238,8729.842339556702
astar,48.17813484117024,184.72639486910037,8747.340441291188
astar,48.27282234117024,184.5786922711081,8764.824729010481
astar,48.367509841170246,184.42739932171273,8782.29486115933
astar,48.462197341170246,184.27255035460547,8799.750499401818
astar,48.556884841170245,184.11418079492324,8817.191308704678
astar,48.651572341170244,183.95232757838065,8834.616957460476
astar,48.74625984117024,183.78702956414523,8852.027117650192
astar,48.84094734117024,183.6183279394924,8869.421465044505
astar,48.93563484117024,183.44626661432775,8886.799679442913
astar,49.03032234117024,183.27089260372338,8904.161444949643
astar,49.12500984117024,183.09225639668188,8921.506450285131
astar,49.219697341170246,182.91041230941386,8938.834389131687
astar,49.314384841170245,182.7254188214955,8956.14496051179
astar,49.409072341170244,182.53733889335697,8973.437869197352
astar,49.50375984117024,182.34624026364727,8990.712826148067
astar,49.59844734117024,182.1521957251144,9007.96954897691
astar,49.69313484117024,181.9552833777457,9025.207762440685
astar,49.78782234117024,181.75558685801676,9042.427198953408
astar,49.88250984117025,181.55319554321238,9059.627599120218
astar,49.97719734117024,181.3482047298928,9076.808712289396
astar,50.071884841170245,181.14071578570338,9093.970297120057
astar,50.166572341170244,180.93083627384,9111.112122162876
astar,50.261259841170244,180.7186800496133,9128.233966451315
astar,50.35594734117024,180.50436732867487,9145.33562010063
astar,50.45063484117024,180.28802472659967,9162.416884911996
astar,50.54532234117024,180.06978526964625,9179.477574979006
astar,50.64000984117024,179.849788376645,9196.517517293822
astar,50.734697341170246,179.62817981209548,9213.536552350259
astar,50.829384841170246,179.40511161068173,9230.534534741055
astar,50.924072341170245,179.18074197354383,9247.511333746683
astar,51.018759841170244,178.95523513676977,9264.466833912998
astar,51.11344734117024,178.7287612127,9281.40093561517
astar,51.20813484117024,178.50149600475703,9298.313555605308
astar,51.30282234117024,178.27362079663547,9315.204627541374
astar,51.39750984117025,178.0453221168058,9332.074102494933
astar,51.49219734117024,177.81679147939786,9348.921949435502
astar,51.586884841170246,177.58822510264253,9365.748155689309
astar,51.681572341170245,177.35982360615495,9382.552727370366
astar,51.776259841170244,177.1317916884445,9399.33568978197
astar,51.87094734117024,176.9043377861319,9416.097087786782
astar,51.96563484117024,176.67767371644803,9432.836986143857
astar,52.06032234117024,176.45201430466793,9449.555469811106
astar,52.15500984117024,176.22757699821878,9466.252644211852
astar,52.24969734117024,176.00458146926766,9482.928635464297
astar,52.34438484117024,175.783249207661,9499.583590572907
astar,52.439072341170245,175.56380310614762,9516.21767758089
astar,52.533759841170244,175.3464670398634,9532.831085683114
astar,52.628447341170244,175.13146544210278,9549.424025299057
astar,52.72313484117024,174.91902287843084,9565.996728105481
astar,52.81782234117024,174.70936362121984,9582.549447028825
astar,52.91250984117024,174.50271122671117,9599.082456197406
astar,53.00719734117024,174.2992881167073,9615.596050853821
astar,53.101884841170246,174.09931516700527,9632.090547228036
astar,53.196572341170246,173.90301130466676,9648.566282371929
astar,53.291259841170245,173.71059311620573,9665.02361395623
astar,53.385947341170244,173.52227446874332,9681.462920030954
astar,53.48063484117024,173.33826614614566,9697.88459875069
astar,53.57532234117024,173.1587755021094,9714.289068066224
astar,53.67000984117024,172.98400613210725,9730.676765384218
astar,53.76469734117025,172.81415756603747,9747.048147196803
astar,53.85938484117024,172.64942498334807,9763.403688683124
astar,53.954072341170246,172.48999895232214,9779.743883285078
astar,54.048759841170245,172.33606519511534,9796.069242259558
astar,54.143447341170244,172.18780438003927,9812.380294209757
astar,54.23813484117024,172.0453919424672,9828.67758459815
astar,54.33282234117024,171.90899793562537,9844.961675243941
astar,54.42750984117024,171.77878691240068,9861.23314380784
astar,54.52219734117024,171.65491783916383,9877.492583267172
astar,54.61688484117024,171.53754404246143,9893.740601384381
astar,54.71157234117024,171.42681318928064,9909.977820172071
astar,54.806259841170245,171.32286730143537,9926.204875357804
astar,54.900947341170244,171.22584280445682,9942.42241585188
astar,54.995634841170244,171.1358706112037,9958.631103221402
astar,55.09032234117024,171.05307624023487,9974.831611173899
astar,55.18500984117024,170.97757996880483,9991.024625053795
astar,55.27969734117024,170.90949702016624,10007.21084135499
astar,55.37438484117024,170.8489377846707,10023.390967252783
astar,55.469072341170246,170.7960080739777,10039.565720158278
astar,55.563759841170246,170.75080940748924,10055.735827298417
astar,55.658447341170245,170.7134393299372,10071.902025324578
astar,55.753134841170244,170.68399175886267,10088.065059952689
astar,55.84782234117024,170.662557360536,10104.22568563756
astar,55.94250984117024,170.64922395268127,10120.384665284108
astar,56.03719734117024,170.64407693218527,10136.542769997875
astar,56.13188484117025,170.64719972579243,10152.700778877153
astar,56.22657234117024,170.6586742616149,10168.859478848743
astar,56.321259841170246,170.67858145912115,10185.019664549272
astar,56.415947341170245,170.70700173510699,10201.182138253624
astar,56.510634841170244,170.74401552300765,10217.347709851938
astar,56.60532234117024,170.78970380277084,10233.517196876268
astar,56.70000984117024,170.84414863838649,10249.691424577779
astar,56.79469734117024,170.90743372006006,10265.871226055062
astar,56.88938484117024,170.97964490791864,10282.057442433856
astar,56.98407234117025,171.06087077406755,10298.250923098176
astar,57.07875984117024,171.15120313975197,10314.452525972532
astar,57.173447341170245,171.25073760434466,10330.663117854638
astar,57.26813484117024,171.35957406286784,10346.883574797632
astar,57.362822341170244,171.47781720876716,10363.11478254065
astar,57.45750984117024,171.60557701869357,10379.357636986106
astar,57.55219734117024,171.74296921612114,10395.61304472191
astar,57.64688484117025,171.8901157107217,10411.881923586416
astar,57.74157234117024,172.04714501055585,10428.165203273687
astar,57.836259841170246,172.21419260430363,10444.463825976392
astar,57.93094734117024,172.39140131097022,10460.778747063317
astar,58.025634841170245,172.5789215947458,10477.110935788385
astar,58.120322341170244,172.7769118429935,10493.461376027702
astar,58.21500984117024,172.98553860567566,10509.831067041132
astar,58.30969734117024,173.20497679491547,10526.221024254628
astar,58.40438484117024,173.43540984383048,10542.632280059555
astar,58.49907234117025,173.67702982426695,10559.065884625094
astar,58.59375984117024,173.9300375236142,10575.522906719843
astar,58.688447341170246,174.19464248149146,10592.004434538836
astar,58.783134841170245,174.47106298777302,10608.511576532146
astar,58.877822341170244,174.75952604416202,10625.045462231627
astar,58.97250984117024,175.0602672923352,10641.607243072402
astar,59.06719734117024,175.37353091256722,10658.198093206165
astar,59.16188484117024,175.69956949771026,10674.819210303714
astar,59.25657234117024,176.0386439084462,10691.471816344661
astar,59.35125984117025,176.3910231168633,10708.157158392893
astar,59.44594734117024,176.75698404662376,10724.876509357038
astar,59.540634841170245,177.13681141930343,10741.631168736129
astar,59.63532234117024,177.5307976178897,10758.422463351482
astar,59.730009841170244,177.93924257993447,10775.2517480671
astar,59.82469734117024,178.36245373446835,10792.120406501985
astar,59.85441993382971,178.3756672272085,10797.421997429708
astar,59.88414252648917,178.4137242074477,10802.724350303122
astar,59.91386511914864,178.47432472838003,10808.028169354899
astar,59.94358771180811,178.55526824591763,10813.334091934574
astar,59.97331030446757,178.65445231010648,10818.642691443618
astar,60.003032897127035,178.76987118128457,10823.954480230477
astar,60.0327554897865,178.89961437060848,10829.269912443368
astar,60.06247808244596,179.041865105594,10834.589386838565
astar,60.09220067510543,179.19489872215988,10839.913249542014
astar,60.1219232677649,179.35708098535886,10845.24179676206
astar,60.15164586042436,179.52686634154892,10850.57527745127
astar,60.18136845308383,179.7027961052147,10855.91389591532
astar,60.211091045743295,179.88349658401734,10861.257814367085
astar,60.240813638402756,180.06767714593764,10866.60715542412
astar,60.27053623106222,180.25412823260444,10871.962004547915
astar,60.30025882372169,180.44171932306702,10877.322412423344
astar,60.32998141638115,180.6293968523939,10882.688397276934
astar,60.35970400904062,180.8161820895701,10888.059947132662
astar,60.38942660170009,181.0011689792133,10893.437022004135
astar,60.41914919435955,181.18352195166094,10898.81955602215
astar,60.448871787019016,181.3624737059844,10904.207459496776
astar,60.47859437967848,181.53732297047003,10909.600620913185
astar,60.508316972337944,181.70743224507802,10914.998908860664
astar,60.53803956499741,181.87222553034383,10920.402173894327
astar,60.56776215765688,182.03118604712853,10925.810250329181
astar,60.59748475031634,182.18385395155454,10931.222957966345
astar,60.62720734297581,182.3298240493845,10936.640103751359
astar,60.656929935635276,182.46874351400768,10942.061483364581
astar,60.686652528294736,182.60030961210316,10947.486882743902
astar,60.716375120954204,182.72426744093892,10952.916079540022
astar,60.74609771361367,182.84040768114977,10958.348844504695
astar,60.77582030627313,182.94856436871459,10963.784942812475
astar,60.8055428989326,183.04861268972255,10969.224135316586
astar,60.83526549159207,183.14046680137704,10974.666179739615
astar,60.86498808425153,183.22407768254493,10980.110831799897
astar,60.894710676911,183.29943101700425,10985.557846274494
astar,60.924433269570464,183.3665451123882,10991.006977999785
astar,60.954155862229925,183.42546885766026,10996.457982810773
astar,60.98387845488939,183.47627972178694,11001.91061842031
astar,61.01360104754886,183.5190817961035,11007.364645239466
astar,61.04332364020832,183.55400388269234,11012.819827140407
astar,61.07304623286779,183.58119763091221,11018.275932163177
astar,61.10276882552726,183.60083572403738,11023.732733167819
astar,61.13249141818672,183.6131101177782,11029.190008433383
astar,61.162214010846185,183.61823033227202,11034.647542205377
astar,61.19193660350565,183.6164217989435,11040.105125193246
astar,61.22165919616511,183.6079242634476,11045.562555019571
astar,61.25138178882458,183.59299024572286,11051.019636622641
astar,61.28110438148405,183.57188355799434,11056.476182614108
astar,61.31082697414351,183.54487788138343,11061.932013593469
astar,61.34054956680298,183.51225540159942,11067.38695842113
astar,61.370272159462445,183.4743055040076,11072.840854451779
astar,61.399994752121906,183.4313235281954,11078.293547729872
astar,61.42971734478137,183.38360958198408,11083.744893148994
astar,61.45943993744084,183.33146741466766,11089.194754576823
astar,61.4891625301003,183.27520334909994,11094.6430049475
astar,61.51888512275977,183.21512527209225,11100.089526323121
astar,61.54860771541924,183.15154168243512,11105.534209926069
astar,61.5783303080787,183.0847607957147,11110.9769561439
astar,61.608052900738166,183.01508970495502,11116.417674508462
astar,61.63777549339763,182.94283359599066,11121.856283650852
astar,61.667498086057094,182.86829501635006,11127.292711233873
astar,61.69722067871656,182.79177319631586,11132.726893863532
astar,61.72694327137603,182.71356342072292,11138.158776981096
astar,61.75666586403549,182.63395644995776,11143.588314737226
astar,61.78638845669496,182.55323798852888,11149.0154698496
astar,61.816111049354426,182.4716881995043,11154.440213445421
astar,61.845833642013886,182.38958126303254,11159.862524890146
astar,61.875556234673354,182.30718497710401,11165.282391603736
astar,61.90527882733282,182.22476039865495,11170.69980886562
astar,61.93500141999228,182.1425615230676,11176.114779609568
astar,61.96472401265175,182.0608350000841,11181.527314209594
astar,61.99444660531122,181.97981988412403,11186.937430257898
astar,62.02416919797068,181.8997474169717,11192.345152335894
astar,62.053891790630146,181.82084084079145,11197.750511779219
astar,62.083614383289614,181.74331523942115,11203.153546437596
astar,62.113336975949075,181.6673774059018,11208.55430043039
astar,62.14305956860854,181.5932257342096,11213.952823898573
astar,62.17278216126801,181.52105013317995,11219.349172753795
astar,62.20250475392747,181.4510319606359,11224.74340842521
astar,62.23222734658694,181.38334397576978,11230.135597604616
astar,62.261949939246406,181.3181503078662,11235.525811990403
astar,62.29167253190587,181.25560643950112,11240.914128030809
astar,62.321395124565335,181.19585920240658,11246.30062666686
astar,62.3511177172248,181.1390467842462,11251.685393075333
astar,62.38084030988426,181.08529874461527,11257.06851641208
astar,62.41056290254373,181.0347360386441,11262.450089555929
astar,62.4402854952032,180.98747104666248,11267.830208853367
astar,62.47000808786266,180.94360760845842,11273.2089738642
astar,62.49973068052213,180.9032410607488,11278.586487108254
astar,62.529453273181595,180.86645827656807,11283.962853813224
astar,62.559175865841055,180.8333377053698,11289.338181663714
astar,62.58889845850052,180.80394941273076,11294.712580551457
astar,62.61862105115999,180.7783551186446,11300.086162326686
astar,62.64834364381945,180.75660823349133,11305.45904055062
astar,62.67806623647892,180.73875389087087,11310.831330248975
astar,62.70778882913839,180.72482897659293,11316.203147666376
astar,62.73751142179785,180.71486215322224,11321.574610021582
astar,62.767234014457316,180.70887387968364,11326.945835263366
astar,62.79695660711678,180.70687642554256,11332.316941826886
astar,62.826679199776244,180.70887387968364,11337.688048390404
astar,62.85640179243571,180.71486215322224,11343.059273632189
astar,62.88612438509518,180.72482897659293,11348.430735987396
astar,62.91584697775464,180.73875389087087,11353.802553404796
astar,62.94556957041411,180.75660823349133,11359.17484310315
astar,62.975292163073576,180.7783551186446,11364.547721327086
astar,63.005014755733036,180.80394941273076,11369.921303102314
astar,63.034737348392504,180.8333377053698,11375.295701990057
astar,63.06445994105197,180.86645827656807,11380.671029840549
astar,63.09418253371143,180.9032410607488,11386.047396545518
astar,63.1239051263709,180.94360760845842,11391.424909789572
astar,63.15362771903037,180.98747104666248,11396.803674800405
astar,63.183350311689836,181.0347360386441,11402.183794097844
astar,63.213072904349296,181.08529874461527,11407.56536724169
astar,63.242795497008764,181.1390467842462,11412.94849057844
astar,63.272518089668225,181.19585920240658,11418.333256986913
astar,63.30224068232769,181.25560643950112,11423.719755622964
astar,63.33196327498716,181.3181503078662,11429.108071663371
astar,63.36168586764662,181.38334397576986,11434.498286049156
astar,63.39140846030609,181.4510319606359,11439.890475228562
astar,63.421131052965556,181.52105013317995,11445.284710899978
astar,63.45085364562502,181.5932257342096,11450.681059755198
astar,63.480576238284485,181.6673774059018,11456.07958322338
astar,63.51029883094395,181.74331523942118,11461.480337216175
astar,63.54002142360341,181.82084084079145,11466.883371874552
astar,63.56974401626288,181.8997474169717,11472.288731317876
astar,63.59946660892235,181.97981988412403,11477.696453395873
astar,63.62918920158181,182.06083500008413,11483.106569444177
astar,63.65891179424128,182.1425615230676,11488.519104044202
astar,63.688634386900745,182.22476039865495,11493.934074788152
astar,63.718356979560205,182.30718497710401,11499.351492050035
astar,63.74807957221967,182.38958126303254,11504.771358763624
astar,63.77780216487914,182.4716881995043,11510.19367020835
astar,63.8075247575386,182.55323798852888,11515.618413804168
astar,63.83724735019807,182.63395644995776,11521.045568916543
astar,63.86696994285754,182.71356342072298,11526.475106672675
astar,63.896692535517005,182.79177319631586,11531.90698979024
astar,63.926415128176465,182.86829501635006,11537.341172419898
astar,63.95613772083593,182.94283359599066,11542.77760000292
astar,63.985860313495394,183.01508970495502,11548.216209145308
astar,64.01558290615486,183.0847607957147,11553.65692750987
astar,64.04530549881433,183.1515416824352,11559.099673727704
astar,64.0750280914738,183.21512527209225,11564.544357330651
astar,64.10475068413326,183.27520334910002,11569.990878706272
astar,64.13447327679272,183.33146741466766,11575.439129076947
astar,64.16419586945219,183.38360958198408,11580.888990504776
astar,64.19391846211165,183.4313235281954,11586.340335923898
astar,64.22364105477112,183.4743055040076,11591.793029201994
astar,64.25336364743059,183.51225540159942,11597.246925232643
astar,64.28308624009006,183.54487788138343,11602.701870060304
astar,64.31280883274951,183.57188355799434,11608.157701039665
astar,64.34253142540898,183.5929902457228,11613.614247031132
astar,64.37225401806845,183.6079242634476,11619.071328634202
astar,64.40197661072791,183.6164217989435,11624.528758460527
astar,64.43169920338738,183.61823033227202,11629.986341448395
astar,64.46142179604685,183.6131101177782,11635.44387522039
astar,64.4911443887063,183.60083572403738,11640.901150485954
astar,64.52086698136577,183.58119763091227,11646.357951490596
astar,64.55058957402524,183.55400388269234,11651.814056513365
astar,64.5803121666847,183.5190817961035,11657.269238414308
astar,64.61003475934417,183.47627972178688,11662.723265233464
astar,64.63975735200364,183.4254688576603,11668.175900843002
astar,64.6694799446631,183.3665451123882,11673.626905653988
astar,64.69920253732256,183.29943101700425,11679.076037379278
astar,64.72892512998203,183.22407768254487,11684.523051853876
astar,64.7586477226415,183.140466801377,11689.967703914159
astar,64.78837031530097,183.04861268972257,11695.409748337188
astar,64.81809290796043,182.94856436871459,11700.848940841299
astar,64.84781550061989,182.84040768114977,11706.285039149077
astar,64.87753809327936,182.72426744093892,11711.71780411375
astar,64.90726068593882,182.60030961210313,11717.14700090987
astar,64.93698327859829,182.46874351400768,11722.572400289193
astar,64.96670587125776,182.3298240493845,11727.993779902416
astar,64.99642846391723,182.18385395155454,11733.410925687429
astar,65.02615105657668,182.03118604712853,11738.823633324593
astar,65.05587364923615,181.87222553034383,11744.231709759448
astar,65.08559624189562,181.70743224507802,11749.63497479311
astar,65.11531883455508,181.53732297047003,11755.033262740591
astar,65.14504142721455,181.36247370598434,11760.426424157
astar,65.17476401987402,181.18352195166088,11765.814327631626
astar,65.20448661253347,181.00116897921322,11771.19686164964
astar,65.23420920519294,180.8161820895701,11776.573936521112
astar,65.26393179785241,180.6293968523939,11781.94548637684
astar,65.29365439051188,180.44171932306702,11787.311471230432
astar,65.32337698317134,180.25412823260453,11792.671879105861
astar,65.35309957583081,180.06767714593764,11798.026728229655
astar,65.38282216849026,179.88349658401737,11803.376069286689
astar,65.41254476114973,179.7027961052147,11808.719987738454
astar,65.4422673538092,179.52686634154892,11814.058606202505
astar,65.47198994646867,179.35708098535886,11819.392086891714
astar,65.50171253912814,179.19489872215982,11824.72063411176
astar,65.5314351317876,179.041865105594,11830.04449681521
astar,65.56115772444706,178.89961437060848,11835.363971210407
astar,65.59088031710652,178.76987118128457,11840.679403423297
astar,65.62060290976599,178.65445231010648,11845.991192210156
astar,65.65032550242546,178.55526824591763,11851.2997917192
astar,65.68004809508493,178.47432472838003,11856.605714298876
astar,65.7097706877444,178.4137242074477,11861.909533350652
astar,65.73949328040385,178.3756672272085,11867.211886224066
astar,65.76921587306332,178.36245373446835,11872.51347715179
astar,65.83437848696117,178.3671566079477,11884.136194084127
astar,65.89954110085901,178.38070209717628,11895.759505571968
astar,65.96470371475687,178.40227293124286,11907.38396119552
astar,66.0298663286547,178.43108808698636,11919.01005846047
astar,66.09502894255256,178.46640249968024,11930.638245150576
astar,66.1601915564504,178.50750687552025,11942.268921664685
astar,66.22535417034825,178.55372757305435,11953.902443343817
astar,66.2905167842461,178.60442652451368,11965.539122791779
astar,66.35567939814395,178.65900117156852,11977.17923219117
astar,66.4208420120418,178.7168843933532,11988.823005614906
astar,66.48600462593964,178.7775444076964,12000.470641332202
astar,66.5511672398375,178.8404846293618,12012.122304106728
astar,66.61632985373534,178.90524347176063,12023.778127483656
astar,66.68149246763319,178.97139408105312,12035.438216061615
astar,66.74665508153103,179.03854399381942,12047.102647744796
astar,66.81181769542889,179.1063347115572,12058.771475970081
astar,66.87698030932673,179.17444118716708,12070.444731903535
astar,66.94214292322458,179.2425712203239,12082.122426600501
astar,67.00730553712242,179.31046476020694,12093.80455312325
astar,67.07246815102027,179.37789311549184,12105.491088610204
astar,67.13763076491813,179.44465807278732,12117.181996290667
astar,67.20279337881597,179.51059092584762,12128.877227439218
astar,67.26795599271382,179.57555141891052,12140.57672326406
astar,67.33311860661166,179.63942660840723,12152.280416723817
astar,67.39828122050952,179.70212964806925,12163.988234267716
astar,67.46344383440736,179.76359850313386,12175.700097494228
astar,67.52860644830521,179.82379459991603,12187.415924723882
astar,67.59376906220305,179.88270141749024,12199.135632482146
astar,67.6589316761009,179.94032302861055,12210.859136888916
astar,67.72409428999876,179.99668259729106,12222.58635495149
astar,67.7892569038966,180.05182084069548,12234.317205758503
astar,67.85441951779445,180.105794463124,12246.051611572711
astar,67.9195821316923,180.1586745699667,12257.789498821068
astar,67.98474474559015,180.2105450695055,12269.530798981088
astar,68.04990735948799,180.26150107040033,12281.275449362878
astar,68.11506997338584,180.311647282598,12293.023393786909
astar,68.18023258728368,180.3610964292521,12304.774583157894
astar,68.24539520118154,180.40996767704777,12316.528975935833
astar,68.31055781507939,180.4583850920924,12328.286538505557
astar,68.37572042897723,180.50647612825796,12340.047245446753
astar,68.44088304287509,180.55437015455774,12351.811079706733
astar,68.50604565677293,180.60219702780427,12363.578032678719
astar,68.57120827067078,180.65008571643486,12375.34810418881
astar,68.63637088456862,180.6981629810074,12387.121302395077
astar,68.70153349846647,180.74655211646842,12398.897643602735
astar,68.76669611236431,180.795371760873,12410.677151999485
astar,68.83185872626217,180.84473477480972,12422.459859315568
astar,68.89702134016001,180.89474719533789,12434.24580441318
astar,68.96218395405786,180.9455072677955,12446.035032810321
astar,69.02734656795572,180.99710455838516,12457.827596144127
astar,69.09250918185356,181.04961914998415,12469.62355157912
astar,69.15767179575141,181.1031209231693,12481.422961165837
astar,69.22283440964925,181.15766892399583,12493.225891155405
astar,69.2879970235471,181.21331081961083,12505.032411275815
astar,69.35315963744495,181.2700824423457,12516.842593975569
astar,69.4183222513428,181.32800742248833,12528.65651364055
astar,69.48348486524064,181.38709690951168,12540.474245789801
astar,69.5486474791385,181.44734938111714,12552.29586625604
astar,69.61381009303634,181.50875053905014,12564.12145035652
astar,69.67897270693419,181.571273290251,12575.951072059926
astar,69.74413532083204,181.6348778115349,12587.784803154713
astar,69.80929793472988,181.6995116956311,12599.622712424345
astar,69.87446054862774,181.76511017607626,12611.464864834623
astar,69.93962316252558,181.83159642812893,12623.31132073811
astar,70.00478577642343,181.89888194257293,12635.162135100587
astar,70.06994839032127,181.96686696899192,12647.017356754073
astar,70.13511100421913,182.03544102483517,12658.877027680937
astar,70.20027361811697,182.1044834663528,12670.74118233314
astar,70.26543623201482,182.17386411725883,12682.60984699061
astar,70.33059884591268,182.24344395078165,12694.483039162276
astar,70.39576145981052,182.31307582058653,12706.360767033177
astar,70.46092407370837,182.3826052359002,12718.243028960625
astar,70.52608668760621,182.45187117603757,12730.129813022151
astar,70.59124930150406,182.52070693942218,12742.021096617673
astar,70.6564119154019,182.58894102210624,12753.916846127919
astar,70.72157452929976,182.65639802073304,12765.81701663094
astar,70.7867371431976,182.72289955484382,12777.72155167803
astar,70.85189975709545,182.78826520341337,12789.63038313028
astar,70.9170623709933,182.8523134504996,12801.543431056385
astar,70.98222498489115,182.91486263492047,12813.460603692263
astar,71.047387598789,182.97573189891392,12825.381797462496
astar,71.11255021268684,183.03474213080523,12837.306897063378
astar,71.1777128265847,183.09171689679144,12849.23577560708
astar,71.24287544048254,183.14648335705834,12861.16829482597
astar,71.30803805438039,183.19887316157036,12873.104305336017
astar,71.37320066827823,183.24872332101643,12885.04364695771
astar,71.43836328217608,183.29587704855555,12896.986149092823
astar,71.50352589607394,183.34018456817995,12908.931631154905
astar,71.56868850997178,183.38150388571137,12920.879903051247
astar,71.63385112386963,183.419701518648,12932.830765713763
astar,71.69901373776747,183.45465318130493,12944.784011675929
astar,71.76417635166533,183.48624442192516,12956.739425692855
astar,71.82933896556317,183.51437120868334,12968.696785401158
astar,71.89450157946102,183.53894046176674,12980.655862015314
astar,71.95966419335886,183.55987052898135,12992.616421056788
astar,72.02482680725672,183.57709160261456,13004.578223112294
astar,72.08998942115456,183.5905460755663,13016.541024617196
astar,72.15515203505241,183.60018883505919,13028.50457866012
astar,72.22031464895026,183.60598749253305,13040.468635804591
astar,72.2854772628481,183.6079225486361,13052.432944923556
astar,72.35063987674596,183.60598749253305,13064.397254042522
astar,72.4158024906438,183.60018883505919,13076.36131118699
astar,72.48096510454165,183.5905460755663,13088.324865229915
astar,72.5461277184395,183.57709160261456,13100.287666734817
astar,72.61129033233735,183.55987052898135,13112.249468790324
astar,72.67645294623519,183.53894046176674,13124.210027831798
astar,72.74161556013304,183.51437120868334,13136.169104445953
astar,72.8067781740309,183.48624442192516,13148.126464154258
astar,72.87194078792874,183.45465318130493,13160.081878171182
astar,72.93710340182659,183.41970151864797,13172.035124133352
astar,73.00226601572443,183.38150388571137,13183.985986795866
astar,73.06742862962228,183.34018456817995,13195.93425869221
astar,73.13259124352012,183.29587704855555,13207.879740754288
astar,73.19775385741798,183.24872332101643,13219.8222428894
astar,73.26291647131582,183.19887316157036,13231.761584511094
astar,73.32807908521367,183.14648335705834,13243.697595021142
astar,73.39324169911151,183.09171689679144,13255.630114240032
astar,73.45840431300937,183.0347421308052,13267.558992783734
astar,73.52356692690722,182.97573189891392,13279.484092384619
astar,73.58872954080506,182.91486263492047,13291.405286154848
astar,73.65389215470292,182.8523134504996,13303.32245879073
astar,73.71905476860076,182.78826520341337,13315.235506716834
astar,73.78421738249861,182.72289955484385,13327.144338169082
astar,73.84937999639645,182.65639802073304,13339.048873216174
astar,73.9145426102943,182.58894102210624,13350.949043719194
astar,73.97970522419214,182.52070693942218,13362.84479322944
astar,74.04486783809,182.45187117603757,13374.736076824962
astar,74.11003045198785,182.3826052359002,13386.62286088649
astar,74.1751930658857,182.31307582058653,13398.505122813936
astar,74.24035567978355,182.24344395078165,13410.38285068484
astar,74.30551829368139,182.1738641172589,13422.256042856505
astar,74.37068090757924,182.1044834663528,13434.124707513974
astar,74.43584352147708,182.03544102483517,13445.988862166178
astar,74.50100613537494,181.96686696899192,13457.848533093042
astar,74.56616874927278,181.89888194257287,13469.703754746528
astar,74.63133136317063,181.83159642812893,13481.554569109005
astar,74.69649397706849,181.76511017607623,13493.401025012496
astar,74.76165659096633,181.69951169563106,13505.243177422772
astar,74.82681920486418,181.6348778115349,13517.081086692406
astar,74.89198181876202,181.571273290251,13528.914817787188
astar,74.95714443265987,181.50875053905014,13540.744439490594
astar,75.02230704655771,181.4473493811172,13552.570023591075
astar,75.08746966045557,181.38709690951168,13564.391644057314
astar,75.15263227435341,181.32800742248833,13576.209376206565
astar,75.21779488825126,181.2700824423457,13588.023295871546
astar,75.28295750214912,181.21331081961083,13599.833478571303
astar,75.34812011604696,181.15766892399583,13611.639998691711
astar,75.41328272994481,181.1031209231693,13623.442928681283
astar,75.47844534384265,181.04961914998415,13635.242338267999
astar,75.5436079577405,180.99710455838516,13647.038293702995
astar,75.60877057163835,180.9455072677955,13658.830857036797
astar,75.6739331855362,180.89474719533789,13670.620085433939
astar,75.73909579943404,180.84473477480972,13682.40603053155
astar,75.8042584133319,180.79537176087288,13694.188737847633
astar,75.86942102722975,180.74655211646842,13705.968246244387
astar,75.93458364112759,180.6981629810074,13717.744587452044
astar,75.99974625502544,180.65008571643486,13729.517785658312
astar,76.06490886892328,180.6021970278043,13741.2878571684
astar,76.13007148282114,180.55437015455774,13753.05481014039
astar,76.19523409671898,180.50647612825796,13764.818644400366
astar,76.26039671061683,180.4583850920924,13776.579351341563
astar,76.32555932451467,180.40996767704777,13788.336913911286
astar,76.39072193841253,180.3610964292521,13800.091306689224
astar,76.45588455231038,180.311647282598,13811.842496060211
astar,76.52104716620822,180.26150107040033,13823.590440484239
astar,76.58620978010607,180.2105450695055,13835.33509086603
astar,76.65137239400391,180.1586745699667,13847.076391026047
astar,76.71653500790177,180.105794463124,13858.814278274405
astar,76.78169762179961,180.05182084069546,13870.54868408861
astar,76.84686023569746,179.99668259729106,13882.279534895624
astar,76.9120228495953,179.94032302861055,13894.006752958197
astar,76.97718546349316,179.88270141749024,13905.730257364967
astar,77.042348077391,179.82379459991603,13917.44996512323
astar,77.10751069128885,179.76359850313386,13929.165792352886
astar,77.17267330518669,179.70212964806925,13940.877655579397
astar,77.23783591908455,179.63942660840723,13952.585473123296
astar,77.3029985329824,179.57555141891052,13964.289166583056
astar,77.36816114688024,179.51059092584762,13975.988662407894
astar,77.4333237607781,179.44465807278732,13987.683893556446
astar,77.49848637467593,179.37789311549184,13999.374801236907
astar,77.56364898857379,179.31046476020694,14011.061336723862
astar,77.62881160247163,179.2425712203239,14022.74346324661
astar,77.69397421636948,179.17444118716708,14034.421157943576
astar,77.75913683026732,179.1063347115572,14046.09441387703
astar,77.82429944416518,179.03854399381942,14057.763242102315
astar,77.88946205806303,178.97139408105312,14069.4276737855
astar,77.95462467196087,178.90524347176063,14081.087762363455
astar,78.01978728585873,178.8404846293618,14092.743585740385
astar,78.08494989975657,178.7775444076964,14104.39524851491
astar,78.15011251365442,178.7168843933532,14116.042884232207
astar,78.21527512755226,178.65900117156852,14127.68665765594
astar,78.28043774145011,178.60442652451368,14139.326767055332
astar,78.34560035534795,178.55372757305435,14150.963446503294
astar,78.41076296924581,178.50750687552025,14162.596968182426
astar,78.47592558314366,178.46640249968024,14174.227644696539
astar,78.5410881970415,178.43108808698636,14185.855831386642
astar,78.60625081093936,178.4022729312429,14197.481928651594
astar,78.6714134248372,178.38070209717628,14209.106384275145
astar,78.73657603873505,178.3671566079477,14220.729695762988
astar,78.80173865263289,178.36245373446835,14232.352412695323
astar,78.82600704791565,178.37566722714217,14236.681143561285
astar,78.85027544319841,178.4137242033281,14241.01049655325
astar,78.87454383848117,178.4743246828592,14245.34104667428
astar,78.89881223376393,178.55526799784337,14249.67331431569
astar,78.9230806290467,178.65445139238048,14254.007767650193
astar,78.94734902432945,178.76986852421314,14258.344824989897
astar,78.97161741961222,178.89960787503583,14262.684857106815
astar,78.99588581489498,179.04185107640254,14267.028189513776
astar,79.02015421017774,179.1948711582635,14271.375104703771
astar,79.0444226054605,179.3570307271561,14275.725844345941
astar,79.06869100074326,179.52678008098667,14280.080611436579
astar,79.09295939602602,179.7026552671916,14284.439572403695
astar,79.11722779130878,179.88327609086753,14288.802859163854
astar,79.14149618659155,180.0673440792271,14293.170571130138
astar,79.16576458187431,180.25364040848058,14297.542777170249
astar,79.19003297715707,180.4410237989678,14301.919517513934
astar,79.21430137243983,180.6284283840823,14306.300805608988
astar,79.2385697677226,180.8148615582475,14310.686629925298
astar,79.26283816300536,180.99940180891548,14315.076955706465
astar,79.28710655828812,181.18119653728453,14319.471726668671
astar,79.31137495357088,181.35945987215948,14323.870866646579
astar,79.33564334885364,181.53347048111604,14328.274281186146
astar,79.3599117441364,181.70256938288136,14332.681859084329
astar,79.38418013941916,181.86615776460215,14337.09347387576
astar,79.40844853470192,182.02369480744503,14341.508985266562
astar,79.43271692998468,182.17469552375533,14345.928240515514
astar,79.45698532526744,182.31872860879855,14350.351075762921
astar,79.4812537205502,182.45541430990966,14354.777317307562
astar,79.50552211583296,182.58442231569504,14359.206782832154
astar,79.52979051111572,182.70546966775464,14363.63928257788
astar,79.55405890639848,182.81831869722404,14368.074620468527
astar,79.57832730168124,182.9227749882803,14372.512595184882
astar,79.602595696964,183.01868537060213,14376.953001190052
astar,79.62686409224676,183.10593594262826,14381.395629706441
astar,79.65113248752952,183.18445012732198,14385.840269645152
astar,79.67540088281228,183.25418676201227,14390.286708488606
astar,79.69966927809504,183.3151382237538,14394.73473312725
astar,79.7239376733778,183.36732859152252,14399.184130651216
astar,79.74820606866056,183.4108118464417,14403.634689097828
astar,79.77247446394334,183.44567011111442,14408.086198155925
astar,79.7967428592261,183.4720119290245,14412.538449827916
astar,79.82101125450886,183.48997058485483,14416.991239050612
astar,79.84527964979162,183.49970246646242,14421.444364275763
astar,79.86954804507438,183.50138546914295,14425.897628011375
astar,79.89381644035714,183.49521744271382,14430.350837324822
astar,79.9180848356399,183.48141468184227,14434.803804308789
astar,79.94235323092266,183.46021045994542,14439.256346511109
astar,79.96662162620542,183.43185360689472,14443.70828732955
astar,79.99089002148818,183.39660713066095,14448.159456372623
astar,80.01515841677094,183.3547468829463,14452.609689787469
astar,80.0394268120537,183.30656026876167,14457.058830555894
astar,80.06369520733647,183.2523449998213,14461.50672875963
astar,80.08796360261923,183.19240789154637,14465.953241815861
astar,80.11223199790199,183.12706370338867,14470.39823468408
astar,80.13650039318475,183.0566340221112,14474.841580045333
astar,80.16076878846751,182.98144618759062,14479.28315845487
astar,80.18503718375027,182.90183226063786,14483.722858469237
astar,80.20930557903303,182.81812803226964,14488.160576748829
astar,80.23357397431579,182.73067207380205,14492.596218136885
astar,80.25784236959855,182.63980482708308,14497.029695715926
astar,80.28211076488131,182.54586773412595,14501.460930842584
astar,80.30637916016407,182.44920240536015,14505.889853161787
astar,80.33064755544683,182.35014982567097,14510.316400601207
astar,80.35491595072959,182.24904959735906,14514.740519346895
astar,80.37918434601235,182.14623921912022,14519.162163800982
astar,80.40345274129513,182.04205340010685,14523.581296522303
astar,80.42772113657789,181.93682340811677,14527.997888150781
astar,80.45198953186065,181.83087645092291,14532.411917316422
astar,80.47625792714341,181.72453508974667,14536.82337053365
astar,80.50052632242617,181.61811668386076,14541.232242081815
astar,80.52479471770893,181.51193286529914,14545.638533872569
astar,80.54906311299169,181.40628904264543,14550.042255304857
astar,80.57333150827445,181.3014839328708,14554.443423108207
astar,80.59759990355721,181.1978091201941,14558.842061174973
astar,80.62186829883997,181.09554864094275,14563.238200382206
astar,80.64613669412273,180.99497859340298,14567.63187840374
astar,80.67040508940549,180.8963667716615,14572.023139513105
astar,80.69467348468825,180.79997232245432,14576.412034377836
astar,80.71894187997101,180.70604542406187,14580.79861984572
astar,80.74321027525377,180.61482698630672,14585.182958723504
astar,80.76747867053653,180.52654837073908,14589.565119548566
astar,80.7917470658193,180.44143113011964,14593.94517635404
astar,80.81601546110205,180.3596867663396,14598.323208427826
astar,80.84028385638481,180.281516505951,14602.699300065957
astar,80.86455225166758,180.20711109250993,14607.073540320707
astar,80.88882064695034,180.13665059497572,14611.446022743861
astar,80.9130890422331,180.0703042314408,14615.816845125524
astar,80.93735743751586,180.00823020750883,14620.186109228825
astar,80.96162583279862,179.95057556867513,14624.55392052087
astar,80.98589422808138,179.8974760661046,14628.920387900273
astar,81.01016262336414,179.8490560352457,14633.28562342159
astar,81.0344310186469,179.80542828675985,14637.649742016962
astar,81.05869941392967,179.76669400928873,14642.012861215235
astar,81.08296780921243,179.73294268362736,14646.375100858872
astar,81.1072362044952,179.70425200791368,14650.736582818921
astar,81.13150459977795,179.68068783349122,14655.097430708292
astar,81.15577299506072,179.66230411114557,14659.457769593593
astar,81.18004139034348,179.64914284746268,14663.8177257058
astar,81.20430978562624,179.64123407109972,14668.177426149976
astar,81.228578180909,179.63859580880933,14672.5369986143
astar,81.25284657619176,179.64123407109972,14676.896571078623
astar,81.27711497147452,179.64914284746268,14681.2562715228
astar,81.30138336675728,179.66230411114557,14685.616227635006
astar,81.32565176204004,179.6806878334912,14689.976566520307
astar,81.3499201573228,179.70425200791368,14694.337414409678
astar,81.37418855260556,179.73294268362736,14698.698896369728
astar,81.39845694788832,179.76669400928873,14703.061136013364
astar,81.42272534317108,179.80542828675985,14707.424255211636
astar,81.44699373845384,179.8490560352457,14711.788373807007
astar,81.4712621337366,179.8974760661046,14716.153609328325
astar,81.49553052901936,179.95057556867513,14720.520076707728
astar,81.51979892430212,180.00823020750883,14724.887887999772
astar,81.54406731958488,180.0703042314408,14729.257152103073
astar,81.56833571486764,180.13665059497572,14733.627974484736
astar,81.5926041101504,180.20711109250993,14738.00045690789
astar,81.61687250543316,180.281516505951,14742.37469716264
astar,81.64114090071592,180.3596867663396,14746.750788800771
astar,81.66540929599869,180.44143113011964,14751.128820874557
astar,81.68967769128145,180.52654837073914,14755.508877680031
astar,81.71394608656422,180.61482698630672,14759.891038505097
astar,81.73821448184698,180.70604542406187,14764.27537738288
astar,81.76248287712974,180.79997232245432,14768.661962850765
astar,81.7867512724125,180.8963667716615,14773.050857715496
astar,81.81101966769526,180.994978593403,14777.442118824862
astar,81.83528806297802,181.09554864094275,14781.835796846395
astar,81.85955645826078,181.1978091201941,14786.231936053628
astar,81.88382485354354,181.3014839328708,14790.630574120394
astar,81.9080932488263,181.40628904264543,14795.031741923744
astar,81.93236164410906,181.51193286529914,14799.435463356032
astar,81.95663003939183,181.6181166838608,14803.841755146786
astar,81.98089843467459,181.72453508974667,14808.250626694951
astar,82.00516682995735,181.83087645092291,14812.66207991218
astar,82.0294352252401,181.93682340811677,14817.07610907782
astar,82.05370362052287,182.04205340010685,14821.492700706298
astar,82.07797201580563,182.14623921912022,14825.911833427617
astar,82.10224041108839,182.24904959735912,14830.333477881704
astar,82.12650880637115,182.35014982567097,14834.757596627393
astar,82.15077720165391,182.44920240536015,14839.184144066812
astar,82.17504559693667,182.54586773412595,14843.613066386015
astar,82.19931399221943,182.63980482708308,14848.044301512673
astar,82.22358238750219,182.73067207380208,14852.477779091714
astar,82.24785078278495,182.8181280322697,14856.91342047977
astar,82.27211917806771,182.90183226063786,14861.351138759363
astar,82.29638757335047,182.98144618759068,14865.79083877373
astar,82.32065596863323,183.0566340221112,14870.232417183266
astar,82.344924363916,183.12706370338867,14874.675762544519
astar,82.36919275919877,183.19240789154637,14879.12075541274
astar,82.39346115448153,183.2523449998213,14883.56726846897
astar,82.41772954976429,183.30656026876167,14888.015166672707
astar,82.44199794504705,183.3547468829463,14892.464307441132
astar,82.46626634032981,183.39660713066095,14896.914540855978
astar,82.49053473561257,183.43185360689472,14901.365709899052
astar,82.51480313089533,183.46021045994542,14905.817650717492
astar,82.53907152617809,183.48141468184227,14910.270192919812
astar,82.56333992146085,183.49521744271382,14914.723159903779
astar,82.58760831674361,183.50138546914295,14919.176369217226
astar,82.61187671202637,183.49970246646242,14923.629632952838
astar,82.63614510730913,183.4899705848549,14928.082758177989
astar,82.6604135025919,183.4720119290245,14932.535547400685
astar,82.68468189787465,183.44567011111442,14936.987799072676
astar,82.70895029315741,183.41081184644165,14941.439308130772
astar,82.73321868844018,183.36732859152255,14945.889866577383
astar,82.75748708372294,183.3151382237538,14950.339264101349
astar,82.7817554790057,183.25418676201227,14954.787288739994
astar,82.80602387428846,183.18445012732192,14959.233727583447
astar,82.83029226957122,183.10593594262818,14963.678367522158
astar,82.85456066485398,183.01868537060216,14968.120996038548
astar,82.87882906013674,182.9227749882803,14972.561402043717
astar,82.9030974554195,182.81831869722404,14976.999376760072
astar,82.92736585070226,182.70546966775464,14981.434714650719
astar,82.95163424598502,182.58442231569504,14985.867214396445
astar,82.9759026412678,182.45541430990966,14990.296679921039
astar,83.00017103655055,182.31872860879855,14994.72292146568
astar,83.02443943183331,182.17469552375533,14999.145756713087
astar,83.04870782711608,182.02369480744503,15003.565011962039
astar,83.07297622239884,181.86615776460215,15007.98052335284
astar,83.0972446176816,181.70256938288136,15012.392138144272
astar,83.12151301296436,181.53347048111604,15016.799716042455
astar,83.14578140824712,181.35945987215942,15021.203130582022
astar,83.17004980352988,181.18119653728448,15025.60227055993
astar,83.19431819881264,180.99940180891542,15029.997041522136
astar,83.2185865940954,180.8148615582475,15034.387367303303
astar,83.24285498937816,180.6284283840823,15038.773191619613
astar,83.26712338466092,180.4410237989678,15043.154479714667
astar,83.29139177994368,180.25364040848066,15047.531220058352
astar,83.31566017522644,180.0673440792271,15051.903426098463
astar,83.3399285705092,179.88327609086755,15056.271138064743
astar,83.36419696579196,179.7026552671916,15060.634424824902
astar,83.38846536107472,179.52678008098667,15064.993385792019
astar,83.41273375635748,179.3570307271561,15069.348152882656
astar,83.43700215164024,179.19487115826345,15073.698892524826
astar,83.461270546923,179.04185107640254,15078.045807714821
astar,83.48553894220576,178.89960787503583,15082.389140121782
astar,83.50980733748852,178.76986852421314,15086.7291722387
astar,83.53407573277129,178.65445139238048,15091.066229578404
astar,83.55834412805405,178.55526799784337,15095.400682912907
astar,83.5826125233368,178.4743246828592,15099.732950554317
astar,83.60688091861957,178.4137242033281,15104.063500675347
astar,83.63114931390234,178.37566722714217,15108.392853667316
astar,83.6554177091851,178.36245373446835,15112.721584533278
astar,83.7311677091851,177.8332786271452,15126.212497896473
astar,83.8069177091851,177.32225835753516,15139.664013859767
astar,83.8826677091851,176.82903677848515,15153.077494163044
astar,83.9584177091851,176.35326573372865,15166.454273870695
astar,84.0341677091851,175.8946050548974,15179.795661976814
astar,84.1099177091851,175.45272258540263,15193.10294201119
astar,84.1856677091851,175.02729422215734,15206.377372647776
astar,84.2614177091851,174.6180039671516,15219.620188316696
astar,84.3371677091851,174.22454398186233,15232.832599820265
astar,84.4129177091851,173.84661463838853,15246.015794953008
astar,84.48866770918511,173.48392456204417,15259.170939125226
astar,84.56441770918511,173.13619066092915,15272.299175989296
astar,84.6401677091851,172.80313813872408,15285.401628067582
astar,84.7159177091851,172.48450048762928,15298.479397380555
astar,84.7916677091851,172.18001945898934,15311.533566073533
astar,84.8674177091851,171.88944500971405,15324.565197040285
astar,84.9431677091851,171.61253522313217,15337.575334541603
astar,85.0189177091851,171.34905620339063,15350.565004816883
astar,85.0946677091851,171.09878194294694,15363.535216686676
astar,85.1704177091851,170.86149416309556,15376.486962144192
astar,85.2461677091851,170.63698212782379,15389.42121693371
astar,85.3219177091851,170.42504243160997,15402.338941113898
astar,85.3976677091851,170.22547876205613,15415.241079604108
astar,85.4734177091851,170.03810163849923,15428.128562711778
astar,85.5491677091851,169.86272812795906,15441.002306639182
astar,85.6249177091851,169.6991815399696,15453.863213967856
astar,85.7006677091851,169.54729110199725,15466.71217411917
astar,85.7764177091851,169.4068916172859,15479.550063789662
astar,85.8521677091851,169.27782310707198,15492.377747359847
astar,85.9279177091851,169.15993043920054,15505.196077275412
astar,86.0036677091851,169.0530629452346,15518.005894399847
astar,86.07941770918511,168.95707402819323,15530.808028337717
astar,86.15516770918511,168.87182076307738,15543.603297727936
astar,86.2309177091851,168.79716349234837,15556.39251050661
astar,86.3066677091851,168.73296541851556,15569.17646413911
astar,86.3824177091851,168.67909219596342,15581.955945821257
astar,86.4581677091851,168.63541152411068,15594.731732649654
astar,86.5339177091851,168.60179274394437,15607.504591761306
astar,86.6096677091851,168.57810643990786,15620.275280442895
astar,86.6854177091851,168.56422404905166,15633.044546210163
astar,86.7611677091851,168.56001747927266,15645.81312685805
astar,86.8369177091851,168.5653587383808,15658.581750482294
astar,86.9126677091851,168.58011957563164,15671.351135473436
astar,86.9884177091851,168.60417113726547,15684.121990484187
astar,87.0641677091851,168.63738363748007,15696.895014371281
astar,87.1399177091851,168.67962604615798,15709.670896113048
astar,87.2156677091851,168.73076579454624,15722.450314704014
astar,87.2914177091851,168.79066849997392,15735.23393902792
astar,87.3671677091851,168.85919771056547,15748.022427710643
astar,87.4429177091851,168.93621467079163,15760.816428954586
astar,87.5186677091851,169.02157810857074,15773.616580356103
astar,87.59441770918511,169.1151440445123,15786.423508707654
astar,87.67016770918511,169.21676562377257,15799.23782978634
astar,87.74591770918511,169.32629297086666,15812.060148130611
astar,87.8216677091851,169.44357306766472,15824.89105680682
astar,87.8974177091851,169.5684496546782,15837.73113716743
astar,87.9731677091851,169.70076315562835,15850.580958602619
astar,88.0489177091851,169.84035062517438,15863.441078287067
astar,88.1246677091851,169.98704571957063,15876.312040923623
astar,88.2004177091851,170.14067868991336,15889.194378485632
astar,88.2761677091851,170.3010763975394,15902.08860995957
astar,88.3519177091851,170.4680623510372,15914.995241089673
astar,88.4276677091851,170.64145676424098,15927.914764126164
astar,88.5034177091851,170.8210766344884,15940.84765757864
astar,88.5791677091851,171.00673584033947,15953.794385976125
astar,88.6549177091851,171.19824525787743,15966.75539963522
astar,88.7306677091851,171.3954128946396,15979.731134437747
astar,88.8064177091851,171.598044040158,15992.722011619153
astar,88.8821677091851,171.80594143203166,16005.728437568912
astar,88.9579177091851,172.01890543639445,16018.750803644054
astar,89.0336677091851,172.23673424159549,16031.789485996858
astar,89.1094177091851,172.4592240638644,16044.844845417678
astar,89.1851677091851,172.68616936369747,16057.917227193746
astar,89.26091770918511,172.91736307167102,16071.006960984738
astar,89.33666770918511,173.15259682235975,16084.114360715725
astar,89.4124177091851,173.39166119502448,16097.239724488132
astar,89.4881677091851,173.63434595971478,16110.383334509117
astar,89.5639177091851,173.88044032743096,16123.545457039743
astar,89.6396677091851,174.12973320298397,16136.726342362208
astar,89.7154177091851,174.38201343920014,16149.926224766281
astar,89.7911677091851,174.63707009112653,16163.145322554992
astar,89.8669177091851,174.89469266890808,16176.383838069529
astar,89.9426677091851,175.15467138803123,16189.641957733185
astar,90.0184177091851,175.4167974156532,16202.919852114124
astar,90.0941677091851,175.68086311176933,16216.2176760066
astar,90.1699177091851,175.94666226400642,16229.535568530207
astar,90.2456677091851,176.2139903148735,16242.873653246632
astar,90.3214177091851,176.4826445803436,16256.232038293288
astar,90.3971677091851,176.75242445869452,16269.610816533142
astar,90.4729177091851,177.02313162858772,16283.010065719947
astar,90.5486677091851,177.2945702354242,16296.429848678046
astar,90.6244177091851,177.56654706507715,16309.870213495802
astar,90.70016770918511,177.83887170416585,16323.33119373169
astar,90.77591770918511,178.1113566861054,16336.812808631972
astar,90.85166770918511,178.38381762223432,16350.315063358901
astar,90.92741770918511,178.65607331739864,16363.83794922824
astar,91.0031677091851,178.92794586944513,16377.381443954942
astar,91.0789177091851,179.19926075215503,16390.945511905735
astar,91.1546677091851,179.4698468812261,16404.53010435735
astar,91.2304177091851,179.73953666299687,16418.135159759087
astar,91.3061677091851,180.00816602568315,16431.76060399842
astar,91.3819177091851,180.2755744329831,16445.40635066829
astar,91.4576677091851,180.54160487998854,16459.07230133477
astar,91.5334177091851,180.80610387142488,16472.75834580373
astar,91.6091677091851,181.06892138232362,16486.464362385217
astar,91.6849177091851,181.32991080131512,16500.190218154174
astar,91.7606677091851,181.58892885681198,16513.935769206226
astar,91.8364177091851,181.84583552643363,16527.70086090724
astar,91.9121677091851,182.10049393010152,16541.485328135404
astar,91.9879177091851,182.3527702073164,16555.28899551461
astar,92.0636677091851,182.6025333791998,16569.11167763795
astar,92.1394177091851,182.84965519596213,16582.953179280234
astar,92.2151677091851,183.09400997052623,16596.813295598415
astar,92.2909177091851,183.3354743991083,16610.691812318913
astar,92.36666770918511,183.57392736962132,16624.588505910906
astar,92.4424177091851,183.80924975883133,16638.503143744645
astar,92.51816770918511,184.0413242192549,16652.43548423407
astar,92.5939177091851,184.27003495683996,16666.385276962865
astar,92.6696677091851,184.49526750053005,16680.352262793436
astar,92.7454177091851,184.7169084648501,16694.336173958123
astar,92.8211677091851,184.93484530670523,16708.33673413222
astar,92.8969177091851,185.14896607761276,16722.3536584884
astar,92.9726677091851,185.35915917262895,16736.38665373225
astar,93.0484177091851,185.56531307725592,16750.435418118715
astar,93.1241677091851,185.76731611363965,16764.49964144932
astar,93.1999177091851,185.96505618738792,16778.579005050222
astar,93.2756677091851,186.1584205363484,16792.673181731134
astar,93.3514177091851,186.3472954826969,16806.781835725356
astar,93.4271677091851,186.53156618968404,16820.904622611197
astar,93.5029177091851,186.71111642438711,16835.041189215204
astar,93.5786677091851,186.8858283278013,16849.191173497693
astar,93.6544177091851,187.0555821935902,16863.35420442119
astar,93.73016770918511,187.22025625679203,16877.5299018025
astar,93.80591770918511,187.37972649375135,16891.717876149178
astar,93.88166770918511,187.5338664345101,16905.917728481334
astar,93.95741770918511,187.6825469888537,16920.129050139745
astar,94.03316770918511,187.82563628716102,16934.351422581323
astar,94.1089177091851,187.96299953715487,16948.58441716317
astar,94.1846677091851,188.09449889759333,16962.827594916384
astar,94.2604177091851,188.21999336987722,16977.080506311013
astar,94.3361677091851,188.33933870848225,16991.34269101348
astar,94.4119177091851,188.45238735104843,17005.613677637986
astar,94.4876677091851,188.55898836888025,17019.892983493377
astar,94.5634177091851,188.65898743852844,17034.180114327082
astar,94.6391677091851,188.75222683503083,17048.474564067692
astar,94.7149177091851,188.83854544730184,17062.775814567885
astar,94.7906677091851,188.91777881605626,17077.08333534936
astar,94.8664177091851,188.98975919455526,17091.396583351514
astar,94.9421677091851,189.05431563235504,17105.71500268558
astar,95.0179177091851,189.11127408213005,17120.038024396017
astar,95.0936677091851,189.16045752953187,17134.36506623081
astar,95.1694177091851,189.20168614592924,17148.695532422516
astar,95.2451677091851,189.23477746376204,17163.028813481735
astar,95.3209177091851,189.25954657411907,17177.364286004668
astar,95.3966677091851,189.2758063460394,17191.70131249652
astar,95.4724177091851,189.2833676669087,17206.03924121226
astar,95.54816770918511,189.28203970321357,17220.377406016407
astar,95.62391770918511,189.27163018079074,17234.715126263265
astar,95.6996677091851,189.25194568359856,17249.051706699127
astar,95.7754177091851,189.22279196992102,17263.386437387755
astar,95.8511677091851,189.1839743048046,17277.71859366041
astar,95.9269177091851,189.1352978074223,17292.047436091663
astar,96.0026677091851,189.07656781195521,17306.372210502
astar,96.0784177091851,189.00759024048773,17320.692147988237
astar,96.1541677091851,188.92817198631766,17335.006464982576
astar,96.2299177091851,188.83812130600472,17349.31436334102
astar,96.3056677091851,188.73724821840005,17363.61503046176
astar,96.3814177091851,188.62536490883767,17377.907639433954
astar,96.4571677091851,188.5022861366128,17392.1913492173
astar,96.5329177091851,188.36782964382374,17406.465304852485
astar,96.6086677091851,188.22181656362895,17420.728637702592
astar,96.6844177091851,188.06407182594626,17434.980465725348
astar,96.7601677091851,187.89442455862434,17449.219893775913
astar,96.8359177091851,187.71270848212367,17463.446013939832
astar,96.9116677091851,187.51876229578139,17477.657905895547
astar,96.98741770918511,187.31243005377786,17491.854637305787
astar,97.06316770918511,187.09356152899772,17506.035264236983
astar,97.13891770918511,186.86201256306748,17520.19883160572
astar,97.21466770918511,186.61764540096706,17534.34437365111
astar,97.2904177091851,186.3603290087531,17548.47091443188
astar,97.3661677091851,186.0899393730979,17562.577468346844
astar,97.4419177091851,185.80635978154402,17576.663040677326
astar,97.5176677091851,185.50948108259428,17590.726628150056
astar,97.5934177091851,185.19920192501968,17604.76721951897
astar,97.6691677091851,184.87542897605144,17618.78379616435
astar,97.7449177091851,184.5380771184502,17632.77533270768
astar,97.8206677091851,184.1870696268081,17646.740797640654
astar,97.8964177091851,183.82233832383827,17660.679153966783
astar,97.9721677091851,183.44382371785107,17674.58935985411
astar,98.0479177091851,183.0514751230993,17688.470369297713
astar,98.1236677091851,182.64525076520678,17702.321132790734
astar,98.1994177091851,182.22511787447402,17716.140598002963
astar,98.2751677091851,181.7910527704798,17729.92771046614
astar,98.3509177091851,181.3430409420832,17743.681414265506
astar,98.4266677091851,180.8810771276587,17757.400652737397
astar,98.5024177091851,180.40516540119512,17771.084369173175
astar,98.5781677091851,179.91531927073618,17784.731507530123
astar,98.6539177091851,179.4115617965555,17798.341013150548
astar,98.72966770918511,178.8939257374361,17811.9118334909
astar,98.80541770918511,178.36245373446835,17825.4429188634
energy_ga,0.0,178.36245373446835,0.0
energy_ga,0.12057716658621909,178.25916484152398,21.500212155642256
energy_ga,0.24115433317243817,178.16159509777756,42.988314828636234
energy_ga,0.36173149975865726,178.06947740061884,64.46498151454955
energy_ga,0.48230866634487635,177.98255526075357,85.93085414233566
energy_ga,0.6028858329310954,177.9005830397964,107.38654436838159
energy_ga,0.7234629995173145,177.82332629946177,128.832634905932
energy_ga,0.8440401661035336,177.7505622276972,150.26968090125646
energy_ga,0.9646173326897527,177.68208011104412,171.69821136398568
energy_ga,1.0851944992759717,177.6176818261961,193.11873065556097
energy_ga,1.2057716658621909,177.55718232715972,214.53172003668945
energy_ga,1.3263488324484098,177.50041010763061,235.93763927204523
energy_ga,1.446925999034629,177.44720762117248,257.336928288179
energy_ga,1.567503165620848,177.39743164454893,278.73000887866385
energy_ga,1.6880803322070672,177.3509535721139,300.1172864488948
energy_ga,1.8086574987932862,177.30765963152174,321.4991517916409
energy_ga,1.9292346653795054,177.26745101318895,342.8759828834081
energy_ga,2.0498118319657244,177.23024390792335,364.2481466908749
energy_ga,2.1703889985519433,177.19596944895738,385.61600097610255
energy_ga,2.2909661651381628,177.1645735562698,406.9798960888648
energy_ga,2.4115433317243817,177.1360166825784,428.34017673427746
energy_ga,2.5321204983106007,177.1102734617343,449.6971837039179
energy_ga,2.6526976648968197,177.08733226145512,471.0512555587804
energy_ga,2.773274831483039,177.0671946434076,492.4027302527161
energy_ga,2.893851998069258,177.0498747346001,513.751946685424
energy_ga,3.014429164655477,177.03539851487125,535.0992461745882
energy_ga,3.135006331241696,177.0238030259772,556.4449738373754
energy_ga,3.2555834978279155,177.01513550839104,577.7894798722089
energy_ga,3.3761606644141344,177.00945247243445,599.1331207324996
energy_ga,3.496737831000353,177.00681871078027,620.4762601848448
energy_ga,3.6173149975865724,177.00730625968944,641.8192702450643
energy_ga,3.7378921641727914,177.01099331659532,663.1625319863541
energy_ga,3.8584693307590108,177.01796312181236,684.5064362147638
energy_ga,3.9790464973452297,177.02830281224874,705.8513840081438
energy_ga,4.099623663931449,177.04210225503212,727.1977871156676
energy_ga,4.220200830517668,177.05945286892597,748.5460682159779
energy_ga,4.340777997103887,177.0804464413347,769.8966610329579
energy_ga,4.461355163690106,177.10517394855088,791.2500103090553
energy_ga,4.5819323302763255,177.13372438671988,812.6065716370007
energy_ga,4.702509496862544,177.16618362076716,833.966811151651
energy_ga,4.8230866634487635,177.20263325826787,855.3312050845434
energy_ga,4.943663830034983,177.2431495549401,876.700239184569
energy_ga,5.064240996621201,177.28780235810896,898.0744080089642
energy_ga,5.184818163207421,177.33665409413504,919.4542140895591
energy_ga,5.305395329793639,177.38975880541355,940.8401669799193
energy_ga,5.425972496379859,177.44716124215427,962.2327821896777
energy_ga,5.546549662966078,177.50889601372918,983.6325800129429
energy_ga,5.667126829552298,177.57498680394417,1005.040084258237
energy_ga,5.787703996138516,177.64544565414707,1026.455820887901
energy_ga,5.908281162724735,177.72027231763266,1047.8803165753582
energy_ga,6.028858329310954,177.79945368834612,1069.3140971890132
energy_ga,6.1494354958971735,177.8829633064296,1090.7576862118974
energy_ga,6.270012662483392,177.97076094269093,1112.2116031064536
energy_ga,6.3905898290696115,178.06279226361895,1133.676361634074
energy_ga,6.511166995655831,178.15898857811007,1155.1524681391704
energy_ga,6.63174416224205,178.25926666662326,1176.6404198076773
energy_ga,6.752321328828269,178.3635286930379,1198.1407029099396
energy_ga,6.872898495414488,178.47166219905537,1219.6537910379502
energy_ga,6.993475662000706,178.58354018056366,1241.1801433468518
energy_ga,7.114052828586925,178.69902124497568,1262.720202810531
energy_ga,7.234629995173145,178.81794984815394,1284.2743945009795
energy_ga,7.355207161759364,178.9401566091575,1305.8431239009162
energy_ga,7.475784328345583,179.0654587006797,1327.4267752589242
energy_ga,7.596361494931802,179.1936603127006,1349.0257099960784
energy_ga,7.7169386615180215,179.32455318654908,1370.6402651727249
energy_ga,7.837515828104241,179.45791721626216,1392.2707520237125
energy_ga,7.9580929946904595,179.59352111383615,1413.9174545699873
energy_ga,8.07867016127668,179.73112313470241,1435.5806283140325
energy_ga,8.199247327862897,179.8704718595078,1457.2604990261757
energy_ga,8.319824494449117,180.01130702805844,1478.9572616283112
energy_ga,8.440401661035336,180.15336042107938,1500.6710791810538
energy_ga,8.560978827621554,180.29635678526756,1522.402081979826
energy_ga,8.681555994207773,180.44001479695035,1544.1503667648149
energy_ga,8.802133160793993,180.58404805953396,1565.915996049155
energy_ga,8.922710327380212,180.72816612980938,1587.6989975691272
energy_ga,9.043287493966432,180.87207556809662,1609.49936385954
energy_ga,9.163864660552651,181.01548100714163,1631.3170519568662
energy_ga,9.284441827138869,181.15808623463477,1653.1519832320844
energy_ga,9.405018993725088,181.29959528420207,1675.0040433545603
energy_ga,9.525596160311308,181.43971352971633,1696.8730823876733
energy_ga,9.646173326897527,181.57814877780493,1718.758915016287
energy_ga,9.766750493483746,181.71461235346607,1740.6613209055333
energy_ga,9.887327660069966,181.84882017378018,1762.580045189781
energy_ga,10.007904826656185,181.98049380478,1784.5147990900523
energy_ga,10.128481993242403,182.10936149665395,1806.4652606575687
energy_ga,10.249059159828622,182.23515919257758,1828.4310756405296
energy_ga,10.369636326414842,182.35763150661316,1850.411858470665
energy_ga,10.49021349300106,182.47653266627742,1872.4071933655741
energy_ga,10.610790659587279,182.5916274155528,1894.41663554233
energy_ga,10.731367826173498,182.70269187431418,1916.4397125373368
energy_ga,10.851944992759718,182.80951435034925,1938.4759256269608
energy_ga,10.972522159345937,182.91189610037497,1960.5247513429929
energy_ga,11.093099325932156,183.00965203668906,1982.585643076598
energy_ga,11.213676492518376,183.10261137634316,2004.6580327640036
energy_ga,11.334253659104595,183.19061822998736,2026.741332646827
energy_ga,11.454830825690813,183.27353212780463,2048.834937099611
energy_ga,11.575407992277032,183.3512284802337,2070.9382245168454
energy_ga,11.69598515886325,183.423598971471,2093.0505592514833
energy_ga,11.81656232544947,183.490551884034,2115.171293596756
energy_ga,11.937139492035689,183.55201235297486,2137.2997698028757
energy_ga,12.057716658621908,183.6079225486361,2159.435322120084
energy_ga,12.178293825208128,183.65824178715718,2181.5772788593836
energy_ga,12.298870991794347,183.70294656824913,2203.7249644622043
energy_ga,12.419448158380566,183.74203054007538,2225.8777015702344
energy_ga,12.540025324966784,183.77550439138972,2248.034813086628
energy_ga,12.660602491553004,183.80339567140115,2270.1956242198535
energy_ga,12.781179658139223,183.82574853814816,2292.3594645015055
energy_ga,12.901756824725442,183.84262343647657,2314.5256697695395
energy_ga,13.022333991311662,183.85409670702424,2336.693584108514
energy_ga,13.142911157897881,183.860260127915,2358.8625617386297
energy_ga,13.2634883244841,183.8612203911651,2381.0319688455697
energy_ga,13.38406549107032,183.85709851608988,2403.201185343412
energy_ga,13.504642657656538,183.8480292022827,2425.3696065631643
energy_ga,13.625219824242757,183.83416012500726,2447.5366448598156
energy_ga,13.745796990828977,183.81565117610563,2469.701731131139
energy_ga,13.866374157415196,183.79267365377487,2491.8643162418857
energy_ga,13.986951324001412,183.76540940479973,2514.0238723474176
energy_ga,14.107528490587631,183.7340499230548,2536.179894111278
energy_ga,14.22810565717385,183.69879540829757,2558.3318998116615
energy_ga,14.34868282376007,183.6598537894664,2580.4794323322653
energy_ga,14.46925999034629,183.61743971687818,2602.6220600334905
energy_ga,14.589837156932509,183.5717735278787,2624.7593775005284
energy_ga,14.710414323518728,183.52308019064307,2646.8910061654096
energy_ga,14.830991490104948,183.47158823094853,2669.016594800672
energy_ga,14.951568656691165,183.41752864684676,2691.135819882894
energy_ga,15.072145823277385,183.36113381625032,2713.2483858249357
energy_ga,15.192722989863604,183.30263640251084,2735.354025076335
energy_ga,15.313300156449824,183.2422682631142,2757.452498091933
energy_ga,15.433877323036043,183.18025936663994,2779.5435931694115
energy_ga,15.554454489622263,183.11683672313217,2801.6271261570437
energy_ga,15.675031656208482,183.05222333301307,2823.702940033598
energy_ga,15.7956088227947,182.98663715962218,2845.770904362923
energy_ga,15.916185989380919,182.92029013040198,2867.830914626373
energy_ga,16.03676315596714,182.8533871716624,2889.882891436826
energy_ga,16.15734032255336,182.78612528174347,2911.9267796386252
energy_ga,16.277917489139575,182.71869264726234,2933.9625472983703
energy_ga,16.398494655725795,182.65126780697548,2955.990184592016
energy_ga,16.519071822312014,182.58401886760342,2978.009702594279
energy_ga,16.639648988898234,182.51710277576862,3000.021131976883
energy_ga,16.760226155484453,182.45066464996646,3022.02452162263
energy_ga,16.880803322070673,182.3848371762504,3044.019937162763
energy_ga,17.00138048865689,182.31974007103867,3066.007459445514
energy_ga,17.121957655243108,182.25547961416694,3087.9871829441095
energy_ga,17.242534821829327,182.19214825499992,3109.959214112876
energy_ga,17.363111988415547,182.12982429409038,3131.9236697004117
energy_ga,17.483689155001766,182.06857164252605,3153.8806750290532
energy_ga,17.604266321587986,182.0084396607444,3175.830362250117
energy_ga,17.724843488174205,181.94946307821456,3197.7728685845805
energy_ga,17.845420654760424,181.89166199499036,3219.708334559015
energy_ga,17.965997821346644,181.83504196573233,3241.6369022466793
energy_ga,18.086574987932863,181.77959416637458,3263.558713523724
energy_ga,18.207152154519083,181.72529564317955,3285.4739083504596
energy_ga,18.327729321105302,181.67210964348533,3307.3826230875848
energy_ga,18.44830648769152,181.61998602699816,3329.284988857143
energy_ga,18.568883654277737,181.56886175603213,3351.1811299578385
energy_ga,18.689460820863957,181.518661462636,3373.071162344096
energy_ga,18.810037987450176,181.4692980900911,3394.9551921779866
energy_ga,18.930615154036396,181.42067360580236,3416.8333144628086
energy_ga,19.051192320622615,181.3726797821507,3438.705611766725
energy_ga,19.171769487208834,181.32519904142342,3460.572153044414
energy_ga,19.292346653795054,181.27810536049637,3482.432992564206
energy_ga,19.412923820381273,181.23126523051346,3504.288168947615
energy_ga,19.533500986967493,181.18453866638743,3526.1377043275925
energy_ga,19.654078153553712,181.13778026054973,3547.9816036311718
energy_ga,19.77465532013993,181.09084027499546,3569.8198539914774
energy_ga,19.89523248672615,181.04356576531143,3591.652424293339
energy_ga,20.01580965331237,180.99580173005037,3613.4792648559683
energy_ga,20.136386819898586,180.94739227851142,3635.300307255327
energy_ga,20.256963986484806,180.8981818097256,3657.1154642879887
energy_ga,20.377541153071025,180.8480161952211,3678.9246300773757
energy_ga,20.498118319657245,180.79674395795726,3700.727680322387
energy_ga,20.618695486243464,180.7442174396843,3722.52447268748
energy_ga,20.739272652829683,180.69029394890038,3744.314847332335
energy_ga,20.859849819415903,180.63483688155287,3766.0986275783007
energy_ga,20.98042698600212,180.57771680665908,3787.8756207078486
energy_ga,21.101004152588338,180.51881250912948,3809.645618892356
energy_ga,21.221581319174557,180.4580119822397,3831.408400242586
energy_ga,21.342158485760777,180.39521336245136,3853.163729975367
energy_ga,21.462735652346996,180.33032579960846,3874.911361689091
energy_ga,21.583312818933216,180.26327025595512,3896.651038739849
energy_ga,21.703889985519435,180.19398022793192,3918.382495709252
energy_ga,21.824467152105655,180.12240238531973,3940.105459954303
energy_ga,21.945044318691874,180.04849712301717,3961.819653229066
energy_ga,22.065621485278093,179.97223902156915,3983.5247933673654
energy_ga,22.186198651864313,179.89361721351216,4005.2205960153406
energy_ga,22.306775818450532,179.81263565368022,4026.9067764023766
energy_ga,22.42735298503675,179.72931329282096,4048.583051138805
energy_ga,22.54793015162297,179.64368415522637,4070.249140028746
energy_ga,22.66850731820919,179.55579732257368,4091.904767886662
energy_ga,22.789084484795406,179.46571682783267,4113.5496663465365
energy_ga,22.909661651381626,179.37352146490736,4135.183575653185
energy_ga,23.030238817967845,179.27930452167178,4156.806246425986
energy_ga,23.150815984554065,179.1831734462279,4178.4174413864075
energy_ga,23.27139315114028,179.08524945857144,4200.0169370419935
energy_ga,23.3919703177265,178.98566712240773,4221.604525321126
energy_ga,23.51254748431272,178.88457389461948,4243.180015154806
energy_ga,23.63312465089894,178.7821296728664,4264.743234004006
energy_ga,23.753701817485158,178.67850636500188,4286.294029333783
energy_ga,23.874278984071378,178.57388750742433,4307.832270038424
energy_ga,23.994856150657597,178.46846796316737,4329.357847825381
energy_ga,24.115433317243816,178.36245373446835,4350.870678569706
energy_ga,24.138194050668442,178.3756672271283,4354.93048920651
energy_ga,24.160954784093068,178.4137242024667,4358.990883320042
energy_ga,24.183715517517694,178.47432467334113,4363.05240019149
energy_ga,24.20647625094232,178.5552679459729,4367.115527882645
energy_ga,24.229236984366946,178.6544512004909,4371.180705479735
energy_ga,24.25199771779157,178.7698679686396,4375.248325303778
energy_ga,24.274758451216197,178.8996065168607,4379.318735085223
energy_ga,24.297519184640823,179.04184814300467,4383.392240100791
energy_ga,24.32027991806545,179.19486539486118,4387.469105270666
energy_ga,24.343040651490075,179.35702021854593,4391.549557214337
energy_ga,24.3658013849147,179.5267620445554,4395.633786263593
energy_ga,24.388562118339326,179.70262581902594,4399.72194843132
energy_ga,24.411322851763952,179.88322998741717,4403.814167334958
energy_ga,24.434083585188578,180.0672744374964,4407.910536073596
energy_ga,24.456844318613204,180.25353840814492,4412.011119057858
energy_ga,24.47960505203783,180.4408783701378,4416.115953791879
energy_ga,24.502365785462455,180.6282258846814,4420.2250526067855
energy_ga,24.52512651888708,180.81458544513305,4424.338404345248
energy_ga,24.547887252311707,180.9990323069686,4428.455975996775
energy_ga,24.570647985736333,181.18071031072193,4432.577714283536
energy_ga,24.59340871916096,181.35882970229562,4436.703547196597
energy_ga,24.616169452585584,181.53266495472255,4440.833385482573
energy_ga,24.63893018601021,181.70155259516633,4444.967124080751
energy_ga,24.661690919434836,181.86488904066667,4449.104643510857
energy_ga,24.68445165285946,182.02212844587183,4453.245811211704
energy_ga,24.707212386284088,182.17278056575347,4457.390482831013
energy_ga,24.729973119708713,182.31640863606964,4461.538503466803
energy_ga,24.75273385313334,182.45262727412083,4465.689708860758
energy_ga,24.775494586557965,182.58110040214711,4469.843926544077
energy_ga,24.79825531998259,182.70153919552018,4474.00097693634
energy_ga,24.821016053407217,182.81370005770987,4478.16067439798
energy_ga,24.843776786831842,182.91738262383657,4482.322828236987
energy_ga,24.86653752025647,183.0124277944679,4486.4872436705145
energy_ga,24.889298253681094,183.09871580116715,4490.653722742097
energy_ga,24.91205898710572,183.17616430516657,4494.822065195215
energy_ga,24.934819720530346,183.2447265304055,4498.992069303977
energy_ga,24.95758045395497,183.3043894320508,4503.163532661703
energy_ga,24.980341187379597,183.35517190149767,4507.336252928255
energy_ga,25.003101920804223,183.39712300873887,4511.510028536915
energy_ga,25.02586265422885,183.4303202828818,4515.684659361714
energy_ga,25.048623387653475,183.45486803149043,4519.859947346047
energy_ga,25.0713841210781,183.4708956993328,4524.035697093499
energy_ga,25.094144854502726,183.47855626701738,4528.211716421758
energy_ga,25.116905587927352,183.47802468991347,4532.387816880544
energy_ga,25.139666321351978,183.4694963776628,4536.563814234467
energy_ga,25.162427054776604,183.4531857145057,4540.739528911741
energy_ga,25.18518778820123,183.42932462056336,4544.914786419688
energy_ga,25.207948521625855,183.39816115414203,4549.089417727961
energy_ga,25.23070925505048,183.35995815504913,4553.263259620418
energy_ga,25.253469988475107,183.31499192883874,4557.436155016591
energy_ga,25.276230721899733,183.26355097183836,4561.607953263667
energy_ga,25.29899145532436,183.20593473673875,4565.778510399903
energy_ga,25.321752188748984,183.1424524384712,4569.947689390421
energy_ga,25.34451292217361,183.07342190003268,4574.115360336264
energy_ga,25.367273655598236,182.99916843786605,4578.2814006576355
energy_ga,25.390034389022862,182.9200237863485,4582.4456952522205
energy_ga,25.412795122447488,182.83632506089157,4586.608136629458
energy_ga,25.43555585587211,182.74841375911,4590.768625021655
energy_ga,25.458316589296736,182.6566347994736,4594.927068472782
energy_ga,25.48107732272136,182.56133559681717,4599.083382905818
energy_ga,25.503838056145987,182.46286517404675,4603.23749216946
energy_ga,25.526598789570613,182.36157330934915,4607.3893280650145
energy_ga,25.54935952299524,182.25780971818114,4611.538830354285
energy_ga,25.572120256419865,182.15192326929082,4615.685946749219
energy_ga,25.59488098984449,182.04426123400057,4619.830632884091
energy_ga,25.617641723269116,181.9351685679635,4623.972852270976
energy_ga,25.640402456693742,181.82498722458993,4628.112576239223
energy_ga,25.663163190118368,181.7140554993282,4632.249783859665
energy_ga,25.685923923542994,181.60270740397706,4636.384461854234
energy_ga,25.70868465696762,181.4912720702022,4640.516604491683
energy_ga,25.731445390392246,181.38007318142556,4644.646213470037
energy_ga,25.75420612381687,181.26942843226018,4648.773297786438
energy_ga,25.776966857241497,181.15964901466577,4652.8978735949895
energy_ga,25.799727590666123,181.05103913000784,4657.0199640531955
energy_ga,25.82248832409075,180.94389552621365,4661.139599157583
energy_ga,25.845249057515375,180.83850705922922,4665.256815569067
energy_ga,25.86800979094,180.73515427799865,4669.371656428598
energy_ga,25.890770524364626,180.6341090322007,4673.484171163626
energy_ga,25.913531257789252,180.535634102001,4677.594415285886
energy_ga,25.936291991213878,180.43998284909492,4681.702450180993
energy_ga,25.959052724638504,180.34739888834258,4685.80834289034
energy_ga,25.98181345806313,180.25811577931927,4689.91216588574
energy_ga,26.004574191487755,180.17235673713157,4694.01399683727
energy_ga,26.02733492491238,180.09033436187693,4698.113918374741
energy_ga,26.050095658337007,180.01225038615115,4702.212017843225
energy_ga,26.072856391761633,179.93829544003975,4706.3083870530245
energy_ga,26.09561712518626,179.86864883305552,4710.403122024489
energy_ga,26.118377858610884,179.80347835252047,4714.496322728059
energy_ga,26.14113859203551,179.7429400779166,4718.588092819896
energy_ga,26.163899325460136,179.6871782107642,4722.678539373471
energy_ga,26.186660058884762,179.63632491961937,4726.767772607447
energy_ga,26.209420792309388,179.5905001998121,4730.855905610206
energy_ga,26.232181525734013,179.54981174758183,4734.943054061341
energy_ga,26.25494225915864,179.51435484829702,4739.029335950453
energy_ga,26.277702992583265,179.48421227848223,4743.114871293551
energy_ga,26.30046372600789,179.45945422140457,4747.199781847382
energy_ga,26.323224459432517,179.44013819600704,4751.284190821992
energy_ga,26.345985192857142,179.42630899900945,4755.3682225918155
energy_ga,26.36874592628177,179.41799866002768,4759.452002405601
energy_ga,26.391506659706394,179.41522640959874,4763.535656095455
energy_ga,26.41426739313102,179.41799866002768,4767.619309785309
energy_ga,26.437028126555646,179.42630899900945,4771.703089599095
energy_ga,26.45978885998027,179.44013819600704,4775.787121368919
energy_ga,26.482549593404897,179.45945422140457,4779.871530343528
energy_ga,26.505310326829523,179.48421227848223,4783.956440897359
energy_ga,26.52807106025415,179.51435484829702,4788.041976240457
energy_ga,26.550831793678775,179.54981174758183,4792.128258129569
energy_ga,26.5735925271034,179.5905001998121,4796.215406580704
energy_ga,26.596353260528026,179.63632491961937,4800.303539583463
energy_ga,26.619113993952652,179.6871782107642,4804.392772817439
energy_ga,26.641874727377278,179.7429400779166,4808.4832193710145
energy_ga,26.664635460801904,179.80347835252047,4812.574989462852
energy_ga,26.68739619422653,179.86864883305552,4816.6681901664215
energy_ga,26.710156927651155,179.93829544003975,4820.762925137886
energy_ga,26.73291766107578,180.01225038615115,4824.859294347685
energy_ga,26.755678394500407,180.09033436187693,4828.957393816169
energy_ga,26.778439127925033,180.17235673713157,4833.057315353641
energy_ga,26.80119986134966,180.25811577931927,4837.15914630517
energy_ga,26.823960594774285,180.34739888834258,4841.26296930057
energy_ga,26.84672132819891,180.43998284909492,4845.368862009917
energy_ga,26.869482061623536,180.535634102001,4849.476896905025
energy_ga,26.892242795048162,180.6341090322007,4853.587141027284
energy_ga,26.915003528472788,180.73515427799865,4857.699655762312
energy_ga,26.937764261897414,180.83850705922924,4861.814496621843
energy_ga,26.96052499532204,180.94389552621365,4865.9317130333275
energy_ga,26.983285728746665,181.05103913000784,4870.051348137715
energy_ga,27.00604646217129,181.15964901466577,4874.173438595921
energy_ga,27.028807195595917,181.26942843226018,4878.298014404472
energy_ga,27.051567929020543,181.38007318142556,4882.425098720873
energy_ga,27.07432866244517,181.4912720702022,4886.554707699227
energy_ga,27.097089395869794,181.60270740397706,4890.686850336676
energy_ga,27.11985012929442,181.7140554993282,4894.821528331246
energy_ga,27.142610862719046,181.82498722458993,4898.958735951687
energy_ga,27.16537159614367,181.9351685679635,4903.098459919935
energy_ga,27.188132329568298,182.04426123400054,4907.240679306819
energy_ga,27.210893062992923,182.15192326929088,4911.385365441692
energy_ga,27.23365379641755,182.25780971818125,4915.532481836625
energy_ga,27.256414529842175,182.36157330934915,4919.681984125896
energy_ga,27.2791752632668,182.46286517404675,4923.83382002145
energy_ga,27.301935996691427,182.56133559681717,4927.987929285092
energy_ga,27.324696730116052,182.6566347994736,4932.144243718129
energy_ga,27.347457463540678,182.74841375911006,4936.3026871692555
energy_ga,27.370218196965304,182.83632506089157,4940.463175561452
energy_ga,27.39297893038993,182.92002378634857,4944.62561693869
energy_ga,27.415739663814556,182.99916843786605,4948.789911533275
energy_ga,27.43850039723918,183.07342190003268,4952.955951854647
energy_ga,27.461261130663807,183.1424524384712,4957.123622800489
energy_ga,27.484021864088433,183.20593473673875,4961.292801791007
energy_ga,27.50678259751306,183.26355097183836,4965.4633589272435
energy_ga,27.529543330937685,183.31499192883874,4969.635157174319
energy_ga,27.55230406436231,183.35995815504913,4973.808052570493
energy_ga,27.575064797786936,183.39816115414203,4977.98189446295
energy_ga,27.597825531211562,183.42932462056336,4982.156525771222
energy_ga,27.620586264636188,183.4531857145057,4986.331783279169
energy_ga,27.643346998060814,183.4694963776628,4990.507497956443
energy_ga,27.66610773148544,183.47802468991347,4994.683495310366
energy_ga,27.688868464910065,183.47855626701738,4998.859595769152
energy_ga,27.71162919833469,183.47089569933286,5003.035615097411
energy_ga,27.734389931759317,183.45486803149043,5007.211364844863
energy_ga,27.757150665183943,183.4303202828818,5011.3866528291965
energy_ga,27.77991139860857,183.39712300873887,5015.561283653995
energy_ga,27.802672132033194,183.35517190149773,5019.735059262655
energy_ga,27.82543286545782,183.3043894320508,5023.907779529207
energy_ga,27.848193598882446,183.2447265304055,5028.079242886934
energy_ga,27.870954332307072,183.1761643051665,5032.249246995695
energy_ga,27.893715065731698,183.0987158011671,5036.4175894488135
energy_ga,27.916475799156323,183.01242779446792,5040.584068520396
energy_ga,27.93923653258095,182.91738262383657,5044.748483953923
energy_ga,27.961997266005575,182.81370005770987,5048.91063779293
energy_ga,27.9847579994302,182.70153919552018,5053.070335254571
energy_ga,28.007518732854827,182.58110040214711,5057.227385646834
energy_ga,28.030279466279453,182.45262727412083,5061.381603330152
energy_ga,28.05304019970408,182.31640863606964,5065.532808724107
energy_ga,28.075800933128704,182.17278056575347,5069.680829359897
energy_ga,28.09856166655333,182.02212844587183,5073.8255009792065
energy_ga,28.121322399977956,181.86488904066667,5077.966668680053
energy_ga,28.14408313340258,181.70155259516633,5082.104188110159
energy_ga,28.166843866827207,181.53266495472255,5086.237926708337
energy_ga,28.189604600251833,181.35882970229557,5090.367764994313
energy_ga,28.21236533367646,181.18071031072188,5094.493597907374
energy_ga,28.235126067101085,180.99903230696853,5098.615336194135
energy_ga,28.25788680052571,180.81458544513305,5102.732907845662
energy_ga,28.280647533950336,180.6282258846814,5106.846259584125
energy_ga,28.303408267374962,180.4408783701378,5110.955358399031
energy_ga,28.326169000799588,180.25353840814503,5115.060193133052
energy_ga,28.348929734224214,180.0672744374964,5119.1607761173145
energy_ga,28.37169046764884,179.88322998741722,5123.257144855952
energy_ga,28.394451201073466,179.70262581902594,5127.34936375959
energy_ga,28.41721193449809,179.5267620445554,5131.437525927317
energy_ga,28.439972667922717,179.35702021854593,5135.521754976573
energy_ga,28.462733401347343,179.19486539486113,5139.6022069202445
energy_ga,28.485494134771965,179.04184814300467,5143.679072090119
energy_ga,28.50825486819659,178.8996065168607,5147.752577105687
energy_ga,28.531015601621217,178.7698679686396,5151.822986887132
energy_ga,28.553776335045843,178.6544512004909,5155.890606711176
energy_ga,28.57653706847047,178.5552679459729,5159.955784308265
energy_ga,28.599297801895094,178.47432467334113,5164.01891199942
energy_ga,28.62205853531972,178.4137242024667,5168.080428870869
energy_ga,28.644819268744346,178.3756672271283,5172.1408229844
energy_ga,28.66758000216897,178.36245373446835,5176.200633621204
energy_ga,28.702044722272714,178.37566722728994,5182.348073365845
energy_ga,28.736509442376455,178.41372421250207,5188.496396621824
energy_ga,28.770974162480197,178.47432478423,5194.646419980345
energy_ga,28.80543888258394,178.55526855028253,5200.7988824818585
energy_ga,28.83990360268768,178.65445343607396,5206.9544490251565
energy_ga,28.874368322791423,178.76987444127283,5213.113713734437
energy_ga,28.908833042895164,178.89962234009332,5219.277203282545
energy_ga,28.943297762998906,179.0418823181533,5225.445380168325
energy_ga,28.977762483102648,179.1949325405878,5231.618645945806
energy_ga,29.012227203206386,179.3571426476647,5237.797344402795
energy_ga,29.046691923310128,179.52697217551983,5243.981764686325
energy_ga,29.08115664341387,179.70296890083358,5250.1721443723645
energy_ga,29.11562136351761,179.8837671093304,5256.368672477169
energy_ga,29.150086083621353,180.06808578891003,5262.571492407649
energy_ga,29.184550803725095,180.25472674903875,5268.780704848206
energy_ga,29.219015523828837,180.44257266873706,5274.996370581511
energy_ga,29.25348024393258,180.6305850761251,5281.218513240836
energy_ga,29.28794496403632,180.81780226303005,5287.447121991632
energy_ga,29.322409684140062,181.0033371386251,5293.68215414018
energy_ga,29.356874404243804,181.18637502647368,5299.923537667292
energy_ga,29.391339124347546,181.36617140969818,5306.171173685203
energy_ga,29.425803844451288,181.5420496292771,5312.424938815931
energy_ga,29.46026856455503,181.71339854071638,5318.6846874896
energy_ga,29.49473328465877,181.87967013453263,5324.9502541613765
energy_ga,29.529198004762513,182.04037712613547,5331.221455445866
energy_ga,29.563662724866255,182.1950905208059,5337.49809216802
energy_ga,29.598127444969997,182.34343715954395,5343.779951329787
energy_ga,29.63259216507374,182.48509725159184,5350.066807991956
energy_ga,29.66705688517748,182.6198018994497,5356.358427070829
energy_ga,29.70152160528122,182.74733062217325,5362.65456504956
energy_ga,29.73598632538496,182.86750888268935,5368.954971604215
energy_ga,29.770451045488702,182.98020562478504,5375.259391144762
energy_ga,29.804915765592444,183.08533082532122,5381.567564271451
energy_ga,29.839380485696186,183.18283306708815,5387.879229147183
energy_ga,29.873845205799928,183.27269713757417,5394.194122786669
energy_ga,29.90830992590367,183.3549416587417,5400.511982263374
energy_ga,29.94277464600741,183.42961675271755,5406.832545835387
energy_ga,29.977239366111153,183.49680174809387,5413.155553991536
energy_ga,30.011704086214895,183.55660293131365,5419.480750419237
energy_ga,30.046168806318637,183.60915134737573,5425.807882895684
energy_ga,30.08063352642238,183.6546006538452,5432.13670410417
energy_ga,30.11509824652612,183.69312503189065,5438.466972377423
energy_ga,30.149562966629862,183.72491715780123,5444.79845236999
energy_ga,30.184027686733604,183.75018623815487,5451.130915661807
energy_ga,30.218492406837345,183.76915611152427,5457.464141295203
energy_ga,30.252957126941087,183.7820634193158,5463.797916247663
energy_ga,30.28742184704483,183.78915584803963,5470.132035842784
energy_ga,30.321886567148567,183.7906904450155,5476.466304101917
energy_ga,30.35635128725231,183.78693200921643,5482.800534039058
energy_ga,30.39081600735605,183.77815155865576,5489.134547901595
energy_ga,30.425280727459793,183.76462487542798,5495.468177359572
energy_ga,30.459745447563535,183.7466311292153,5501.801263646159
energy_ga,30.494210167667276,183.7244515797867,5508.133657652052
energy_ga,30.528674887771018,183.69836835872715,5514.465219976506
energy_ga,30.56313960787476,183.66866333035662,5520.795820937759
energy_ga,30.5976043279785,183.63561703152757,5527.125340545549
energy_ga,30.632069048082244,183.5995076897223,5533.453668438439
energy_ga,30.666533768185985,183.5606103186187,5539.780703788647
energy_ga,30.700998488289727,183.51919589004535,5546.106355177006
energy_ga,30.73546320839347,183.4755305810114,5552.430540440693
energy_ga,30.76992792849721,183.42987509427311,5558.7531864962675
energy_ga,30.804392648600952,183.38248405068364,5565.0742291405295
energy_ga,30.838857368704694,183.33360545137444,5571.393612831643
energy_ga,30.873322088808436,183.28348020762573,5577.711290452886
energy_ga,30.907786808912178,183.23234173611178,5584.027223061327
energy_ga,30.94225152901592,183.18041561703942,5590.3413796236355
energy_ga,30.97671624911966,183.1279193125583,5596.653736741144
energy_ga,31.011180969223403,183.075061942679,5602.964278366203
energy_ga,31.045645689327145,183.02204411582088,5609.272995511751
energy_ga,31.080110409430887,182.96905781100446,5615.579885955935
energy_ga,31.114575129534625,182.91628630861115,5621.884953943507
energy_ga,31.149039849638367,182.86390416655647,5628.188209885617
energy_ga,31.18350456974211,182.8120772386615,5634.489670059513
energy_ga,31.21796928984585,182.7609627319574,5640.789356309543
energy_ga,31.252434009949592,182.7107092996245,5647.087295750751
energy_ga,31.286898730053334,182.66145716624652,5653.383520476223
energy_ga,31.321363450157076,182.61333828205412,5659.678067269261
energy_ga,31.355828170260818,182.5664765028377,5665.97097732131
energy_ga,31.39029289036456,182.52098779223084,5672.262295956467
energy_ga,31.4247576104683,182.4769804430959,5678.552072363299
energy_ga,31.459222330572043,182.43455531478966,5684.84035933456
energy_ga,31.493687050675785,182.39380608314337,5691.127213015304
energy_ga,31.528151770779527,182.35481950005902,5697.412692659778
energy_ga,31.56261649088327,182.31767565970466,5703.6968603973855
energy_ga,31.59708121098701,182.2824482683789,5709.979781007871
energy_ga,31.631545931090752,182.2492049152189,5716.261521705835
energy_ga,31.66601065119449,182.2180073410304,5722.5421519345355
energy_ga,31.700475371298232,182.1889117026434,5728.821743168889
energy_ga,31.734940091401974,182.16196883031927,5735.10036872745
energy_ga,31.769404811505716,182.13722447587298,5741.378103593108
energy_ga,31.803869531609458,182.1147195493181,5747.655024242144
energy_ga,31.8383342517132,182.09449034198877,5753.931208481198
energy_ga,31.87279897181694,182.07656873425353,5760.206735291671
energy_ga,31.907263691920683,182.0609823860932,5766.481684680984
energy_ga,31.941728412024425,182.04775490898783,5772.756137540085
energy_ga,31.976193132128166,182.03690601772462,5779.0301755065375
energy_ga,32.01065785223191,182.02845166091885,5785.303880832469
energy_ga,32.04512257233565,182.0224041292186,5791.577336256636
energy_ga,32.07958729243939,182.01877214034542,5797.850624879819
energy_ga,32.114052012543134,182.01756090031276,5804.1238300427385
energy_ga,32.148516732646875,182.01877214034542,5810.397035205658
energy_ga,32.18298145275062,182.0224041292186,5816.670323828841
energy_ga,32.21744617285436,182.02845166091885,5822.943779253008
energy_ga,32.2519108929581,182.03690601772462,5829.21748457894
energy_ga,32.28637561306184,182.04775490898783,5835.491522545392
energy_ga,32.320840333165584,182.0609823860932,5841.7659754044935
energy_ga,32.355305053269326,182.07656873425353,5848.040924793806
energy_ga,32.38976977337307,182.09449034198877,5854.316451604279
energy_ga,32.42423449347681,182.1147195493181,5860.5926358433335
energy_ga,32.45869921358055,182.13722447587298,5866.869556492369
energy_ga,32.49316393368429,182.16196883031927,5873.147291358027
energy_ga,32.527628653788035,182.1889117026434,5879.425916916588
energy_ga,32.56209337389178,182.2180073410304,5885.705508150942
energy_ga,32.59655809399552,182.2492049152189,5891.986138379643
energy_ga,32.63102281409926,182.2824482683789,5898.267879077607
energy_ga,32.665487534202995,182.31767565970466,5904.5507996880915
energy_ga,32.69995225430674,182.35481950005902,5910.834967425699
energy_ga,32.73441697441048,182.39380608314335,5917.120447070173
energy_ga,32.76888169451422,182.43455531478972,5923.407300750917
energy_ga,32.80334641461796,182.4769804430959,5929.695587722178
energy_ga,32.837811134721704,182.52098779223084,5935.98536412901
energy_ga,32.872275854825446,182.56647650283767,5942.276682764167
energy_ga,32.90674057492919,182.61333828205412,5948.569592816216
energy_ga,32.94120529503293,182.66145716624655,5954.864139609254
energy_ga,32.97567001513667,182.7107092996245,5961.160364334726
energy_ga,33.01013473524041,182.76096273195736,5967.458303775934
energy_ga,33.044599455344155,182.8120772386615,5973.757990025964
energy_ga,33.0790641754479,182.86390416655647,5980.05945019986
energy_ga,33.11352889555164,182.91628630861115,5986.36270614197
energy_ga,33.14799361565538,182.9690578110045,5992.6677741295425
energy_ga,33.18245833575912,183.0220441158209,5998.974664573727
energy_ga,33.216923055862864,183.075061942679,6005.283381719275
energy_ga,33.251387775966606,183.1279193125583,6011.593923344334
energy_ga,33.28585249607035,183.18041561703942,6017.9062804618425
energy_ga,33.32031721617409,183.23234173611178,6024.220437024151
energy_ga,33.35478193627783,183.2834802076258,6030.536369632592
energy_ga,33.38924665638157,183.33360545137444,6036.854047253835
energy_ga,33.423711376485315,183.38248405068364,6043.173430944948
energy_ga,33.45817609658906,183.42987509427311,6049.49447358921
energy_ga,33.4926408166928,183.4755305810114,6055.817119644785
energy_ga,33.52710553679654,183.51919589004535,6062.141304908472
energy_ga,33.56157025690028,183.56061031861879,6068.466956296831
energy_ga,33.596034977004024,183.5995076897223,6074.793991647039
energy_ga,33.630499697107766,183.63561703152766,6081.122319539929
energy_ga,33.66496441721151,183.66866333035662,6087.451839147719
energy_ga,33.69942913731525,183.69836835872715,6093.782440108972
energy_ga,33.73389385741899,183.7244515797867,6100.114002433426
energy_ga,33.76835857752273,183.7466311292153,6106.446396439319
energy_ga,33.802823297626475,183.76462487542798,6112.779482725906
energy_ga,33.837288017730216,183.77815155865576,6119.113112183883
energy_ga,33.87175273783396,183.78693200921646,6125.44712604642
energy_ga,33.9062174579377,183.7906904450155,6131.781355983561
energy_ga,33.94068217804144,183.78915584803963,6138.115624242694
energy_ga,33.975146898145184,183.7820634193158,6144.449743837815
energy_ga,34.009611618248925,183.76915611152427,6150.783518790275
energy_ga,34.04407633835267,183.75018623815487,6157.116744423671
energy_ga,34.07854105845641,183.72491715780123,6163.449207715488
energy_ga,34.11300577856015,183.69312503189073,6169.780687708055
energy_ga,34.14747049866389,183.6546006538452,6176.110955981308
energy_ga,34.181935218767634,183.60915134737573,6182.439777189794
energy_ga,34.21639993887137,183.55660293131356,6188.766909666239
energy_ga,34.25086465897511,183.4968017480939,6195.09210609394
energy_ga,34.28532937907885,183.42961675271755,6201.41511425009
energy_ga,34.319794099182594,183.3549416587417,6207.735677822102
energy_ga,34.354258819286336,183.2726971375741,6214.053537298807
energy_ga,34.38872353939008,183.1828330670881,6220.368430938293
energy_ga,34.42318825949382,183.08533082532125,6226.680095814025
energy_ga,34.45765297959756,182.98020562478504,6232.988268940714
energy_ga,34.4921176997013,182.86750888268935,6239.292688481261
energy_ga,34.526582419805045,182.74733062217325,6245.593095035916
energy_ga,34.56104713990879,182.6198018994497,6251.889233014648
energy_ga,34.59551186001253,182.48509725159184,6258.180852093521
energy_ga,34.62997658011627,182.34343715954395,6264.46770875569
energy_ga,34.66444130022001,182.1950905208059,6270.749567917457
energy_ga,34.698906020323754,182.04037712613547,6277.026204639611
energy_ga,34.733370740427496,181.87967013453263,6283.2974059241005
energy_ga,34.76783546053124,181.71339854071638,6289.562972595877
energy_ga,34.80230018063498,181.5420496292771,6295.8227212695465
energy_ga,34.83676490073872,181.36617140969813,6302.076486400274
energy_ga,34.87122962084246,181.18637502647363,6308.324122418185
energy_ga,34.905694340946205,181.00333713862503,6314.565505945297
energy_ga,34.94015906104995,180.81780226303005,6320.800538093845
energy_ga,34.97462378115369,180.6305850761251,6327.029146844641
energy_ga,35.00908850125743,180.44257266873706,6333.251289503966
energy_ga,35.04355322136117,180.25472674903884,6339.466955237271
energy_ga,35.078017941464914,180.06808578891003,6345.676167677828
energy_ga,35.112482661568656,179.88376710933042,6351.878987608308
energy_ga,35.1469473816724,179.70296890083358,6358.0755157131125
energy_ga,35.18141210177614,179.52697217551983,6364.265895399152
energy_ga,35.21587682187988,179.3571426476647,6370.450315682682
energy_ga,35.25034154198362,179.19493254058773,6376.629014139672
energy_ga,35.28480626208736,179.0418823181533,6382.802279917152
energy_ga,35.3192709821911,178.89962234009332,6388.970456802932
energy_ga,35.35373570229484,178.76987444127283,6395.13394635104
energy_ga,35.38820042239858,178.65445343607396,6401.293211060321
energy_ga,35.422665142502325,178.55526855028253,6407.4487776036185
energy_ga,35.45712986260607,178.47432478423,6413.601240105132
energy_ga,35.49159458270981,178.41372421250207,6419.751263463653
energy_ga,35.52605930281355,178.37566722728994,6425.899586719632
energy_ga,35.56052402291729,178.36245373446835,6432.047026464273
energy_ga,35.58524821136314,179.61863092595303,6436.472422362869
energy_ga,35.609972399808974,180.859099313411,6440.928682029352
energy_ga,35.63469658825482,182.08208559438276,6445.415395154561
energy_ga,35.65942077670066,183.2859307865416,6449.932108999104
energy_ga,35.6841449651465,184.46908593375267,6454.4783311667525
energy_ga,35.708869153592346,185.6301079732498,6459.053532273659
energy_ga,35.73359334203818,186.76765575760027,6463.6571485173035
energy_ga,35.75831753048403,187.88048622471783,6468.2885841489315
energy_ga,35.783041718929866,188.96745070895022,6472.947213853018
energy_ga,35.80776590737571,190.02749138616957,6477.632385037209
energy_ga,35.832490095821555,191.05963784581772,6482.343420035918
energy_ga,35.85721428426739,192.06300378297797,6487.079618230667
energy_ga,35.88193847271324,193.03678380374458,6491.840258090041
energy_ga,35.906662661159075,193.98025033741789,6496.624599131968
energy_ga,35.93138684960492,194.89275064936066,6501.4318838109175
energy_ga,35.956111038050764,195.77370394869249,6506.261339332394
energy_ga,35.9808352264966,196.62259858535762,6511.112179397044
energy_ga,36.00555941494245,197.4389893314855,6515.983605876507
energy_ga,36.030283603388284,198.2224947423432,6520.874810423007
energy_ga,36.05500779183413,198.97279459256225,6525.784976014666
energy_ga,36.07973198027997,199.68962738370328,6530.713278438276
energy_ga,36.10445616872581,200.37278791958883,6535.658887711304
energy_ga,36.129180357171656,201.0221249461899,6540.620969444752
energy_ga,36.15390454561749,201.6375388531906,6545.598686148408
energy_ga,36.17862873406334,202.2189794346788,6550.591198480024
energy_ga,36.20335292250918,202.76644370670863,6555.597666439808
energy_ga,36.22807711095502,203.2799737797643,6560.617250511654
energy_ga,36.252801299400865,203.75965478441324,6565.649112752428
energy_ga,36.2775254878467,204.20561284867446,6570.692417830586
energy_ga,36.30224967629255,204.6180131258446,6575.74633401544
energy_ga,36.32697386473839,204.99705787171814,6580.810034118241
energy_ga,36.35169805318423,205.34298457031394,6585.882696386346
energy_ga,36.376422241630074,205.6560641073723,6590.96350535163
energy_ga,36.40114643007591,205.93659899101917,6596.051652634314
energy_ga,36.425870618521756,206.18492161911354,6601.146337703391
energy_ga,36.4505948069676,206.40139259288404,6606.246768594768
energy_ga,36.47531899541344,206.5863990765479,6611.3521625883
energy_ga,36.50004318385928,206.7403532026608,6616.4617468448305
energy_ga,36.52476737230512,206.8636905230035,6621.5747590043475
energy_ga,36.549491560750965,206.95686850483662,6626.690447746432
energy_ga,36.57421574919681,207.02036507238324,6631.808073314059
energy_ga,36.59893993764265,207.05467719340447,6636.926908001908
energy_ga,36.62366412608849,207.06031951073214,6642.046236610289
energy_ga,36.64838831453433,207.03782301861227,6647.165356865773
energy_ga,36.673112502980175,206.98773378369117,6652.283579809661
energy_ga,36.69783669142602,206.91061171044828,6657.400230155371
energy_ga,36.72256087987186,206.80702935084253,6662.514646615854
energy_ga,36.7472850683177,206.6775707579004,6667.626182202125
energy_ga,36.77200925676354,206.5228303829235,6672.734204493976
energy_ga,36.796733445209384,206.34341201594245,6677.838095883974
energy_ga,36.82145763365523,206.13992776899275,6682.9372537957815
energy_ga,36.846181822101066,205.91299710172365,6688.031090877863
energy_ga,36.87090601054691,205.66324588879615,6693.119035173628
energy_ga,36.89563019899275,205.39130552846362,6698.200530269008
energy_ga,36.92035438743859,205.0978120916651,6703.275035418512
energy_ga,36.94507857588444,204.78340551090034,6708.342025650721
energy_ga,36.969802764330275,204.44872880809365,6713.400991854218
energy_ga,36.99452695277612,204.09442736059245,6718.451440844905
energy_ga,37.01925114122196,203.7211482043883,6723.492895415613
energy_ga,37.0439753296678,203.32953937358943,6728.524894368958
energy_ga,37.06869951811364,202.92024927512287,6733.546992534274
energy_ga,37.093423706559484,202.49392609758803,6738.55876076954
energy_ga,37.11814789500533,202.0512172531389,6743.559785949067
energy_ga,37.14287208345117,201.59276885122733,6748.549670937804
energy_ga,37.16759627189701,201.1192252029975,6753.528034553004
energy_ga,37.192320460342856,200.6312283550873,6758.494511513991
energy_ga,37.21704464878869,200.12941765156063,6763.448752380763
energy_ga,37.24176883723454,199.61442932266672,6768.390423482092
energy_ga,37.266493025680376,199.0868960991025,6773.3192068337585
energy_ga,37.29121721412622,198.54744685043624,6778.23480004757
energy_ga,37.31594140257206,197.99670624633885,6783.1369162317005
energy_ga,37.3406655910179,197.4352944392657,6788.025283882935
energy_ga,37.36538977946375,196.8638267672281,6792.899646771305
energy_ga,37.390113967909585,196.28291347530111,6797.759763817617
energy_ga,37.41483815635543,195.69315945452416,6802.605408964307
energy_ga,37.43956234480127,195.095163996866,6807.436371040029
energy_ga,37.46428653324711,194.48952056494892,6812.25245361839
energy_ga,37.48901072169296,193.87681657525206,6817.053474871129
energy_ga,37.513734910138794,193.25763319354937,6821.839267416109
energy_ga,37.53845909858464,192.6325451413694,6826.609678160386
energy_ga,37.563183287030476,192.00212051231549,6831.364568138597
energy_ga,37.58790747547632,191.36692059712226,6836.103812346943
energy_ga,37.612631663922166,190.72749971638615,6840.827299572912
energy_ga,37.637355852368,190.08440505995924,6845.534932220967
energy_ga,37.66208004081385,189.4381765320576,6850.226626134334
energy_ga,37.686804229259685,188.7893466012023,6854.902310413008
energy_ga,37.71152841770553,188.1384401541802,6859.561927228116
energy_ga,37.736252606151375,187.4859743532825,6864.205431632687
energy_ga,37.76097679459721,186.83245849615807,6868.832791368946
energy_ga,37.78570098304306,186.1783938776958,6873.443986672164
energy_ga,37.810425171488895,185.5242736534311,6878.039010071094
energy_ga,37.83514935993474,184.8705827040594,6882.617866185071
energy_ga,37.859873548380584,184.2177975007193,6887.180571517748
energy_ga,37.88459773682642,183.56638597080288,6891.727154247522
energy_ga,37.909321925272266,182.9168073641326,6896.257654014646
energy_ga,37.934046113718104,182.26951211943847,6900.772121705022
energy_ga,37.95877030216395,181.62494173115675,6905.270619230722
energy_ga,37.98349449060979,180.98352861666294,6909.753219307192
energy_ga,38.00821867905563,180.34569598414063,6914.220005227201
energy_ga,38.032942867501475,179.71185770137808,6918.671070631536
energy_ga,38.05766705594731,179.08241816587056,6923.106519276451
energy_ga,38.08239124439316,178.4577721766961,6927.5264647979475
energy_ga,38.107115432839,177.83830480871444,6931.931030472899
energy_ga,38.13183962128484,177.2243912897241,6936.320348977111
energy_ga,38.156563809730685,176.6163968812896,6940.694562140395
energy_ga,38.18128799817652,176.01467676403306,6945.053820698728
energy_ga,38.20601218662237,175.41957592825437,6949.398284043672
energy_ga,38.23073637506821,174.8314290708165,6953.728119969143
energy_ga,38.25546056351405,174.25056049930197,6958.043504415733
energy_ga,38.280184751959894,173.6772840445057,6962.344621212762
energy_ga,38.30490894040573,173.11190298239185,6966.631661818278
energy_ga,38.329633128851576,172.55470996669507,6970.904825057273
energy_ga,38.35435731729742,172.00598697339618,6975.164316858362
energy_ga,38.37908150574326,171.46600525835095,6979.410349989264
energy_ga,38.4038056941891,170.93502532938268,6983.643143791416
energy_ga,38.42852988263494,170.4132969341947,6987.862923914074
energy_ga,38.453254071080785,169.90105906548,6992.069922048355
energy_ga,38.47797825952663,169.39853998463266,6996.264375661612
energy_ga,38.50270244797247,168.90595726548642,7000.446527732654
energy_ga,38.52742663641831,168.42351785951436,7004.616626488319
energy_ga,38.55215082486415,167.95141818393816,7008.774925141916
energy_ga,38.576875013309994,167.48984423418923,7012.921681634185
energy_ga,38.60159920175584,167.03897172216946,7017.05715837732
energy_ga,38.62632339020168,166.59896624174434,7021.18162200277
energy_ga,38.65104757864752,166.16998346288923,7025.295343113482
energy_ga,38.67577176709336,165.75216935588992,7029.398596041302
energy_ga,38.7004959555392,165.34566044697326,7033.49165861033
energy_ga,38.72522014398505,164.95058410671223,7037.57481190698
energy_ga,38.749944332430886,164.5670588725158,7041.6483400576035
energy_ga,38.77466852087673,164.1951948064688,7045.7125300145235
energy_ga,38.79939270932257,163.8350938897478,7049.767671351357
energy_ga,38.82411689776841,163.48685045477842,7053.814056068574
energy_ga,38.84884108621426,163.1505516562504,7057.851978410202
energy_ga,38.873565274660095,162.82627798204194,7061.881734692679
energy_ga,38.89828946310594,162.5141038050367,7065.903623146853
energy_ga,38.92301365155178,162.2140979767496,7069.917943774118
energy_ga,38.94773783999762,161.9263244635958,7073.9249982177835
energy_ga,38.972462028443466,161.65084302656123,7077.925089650683
energy_ga,38.997186216889304,161.3877099449413,7081.918522680152
energy_ga,39.02191040533515,161.13697878472834,7085.905603271447
energy_ga,39.046634593780986,160.89870121212783,7089.88663869071
energy_ga,39.07135878222683,160.67292785258604,7093.861937468627
energy_ga,39.09608297067267,160.4597091956042,7097.831809385871
energy_ga,39.12080715911851,160.25909654550205,7101.796565481505
energy_ga,39.14553134756436,160.0711430181821,7105.756518085443
energy_ga,39.170255536010195,159.89590458382,7109.711980876128
energy_ga,39.19497972445604,159.73344115528405,7113.663268964566
energy_ga,39.21970391290188,159.58381772195557,7117.610699005811
energy_ga,39.24442810134772,159.4471055284825,7121.554589339058
energy_ga,39.26915228979357,159.32338329786322,7125.495260157417
energy_ga,39.293876478239405,159.21273849810402,7129.433033708462
energy_ga,39.31860066668525,159.1152686515488,7133.368234526642
energy_ga,39.34332485513109,159.0310826858164,7137.301189698552
energy_ga,39.36804904357693,158.96030232512527,7141.232229162135
energy_ga,39.392773232022776,158.9030635206111,7145.161686040735
energy_ga,39.417497420468614,158.85951791807742,7149.089897012997
energy_ga,39.44222160891446,158.82983436143755,7153.017202719496
energy_ga,39.466945797360296,158.81420042992602,7156.943948206935
energy_ga,39.49166998580614,158.81282400697268,7160.87048341077
energy_ga,39.516394174251985,158.8259348784387,7164.7971636769635
energy_ga,39.54111836269782,158.8537863577249,7168.724350323596
energy_ga,39.56584255114367,158.8966569350592,7172.652411242957
energy_ga,39.590566739589505,158.95485194807392,7176.581721544667
energy_ga,39.61529092803535,159.02870527058045,7180.512664240344
energy_ga,39.640015116481194,159.1185810162428,7184.445630970188
energy_ga,39.66473930492703,159.22487525364994,7188.381022771846
energy_ga,39.68946349337288,159.34801772908114,7192.319250891767
energy_ga,39.714187681818714,159.48847359305822,7196.260737639196
energy_ga,39.73891187026456,159.64674512657677,7200.205917282861
energy_ga,39.763636058710404,159.82337346271962,7204.15523699027
energy_ga,39.78836024715624,160.0189402991608,7208.109157809471
energy_ga,39.813084435602086,160.23406959689748,7212.06815569298
energy_ga,39.83780862404792,160.46942926037136,7216.032722563474
energy_ga,39.86253281249377,160.72573279399134,7220.003367420736
energy_ga,39.88725700093961,161.0037409299267,7223.980617489203
energy_ga,39.91198118938545,161.30426322192153,7227.965019405329
energy_ga,39.936705377831295,161.62815959978178,7231.9571404438875
energy_ga,39.96142956627713,161.97634187911524,7235.95756978213
energy_ga,39.98615375472298,162.34977522086103,7239.966919800675
energy_ga,40.01087794316882,162.74947953513666,7243.98582741977
energy_ga,40.03560213161466,163.17653082396177,7248.01495546953
energy_ga,40.060326320060504,163.63206245748597,7252.054994092536
energy_ga,40.08505050850634,164.11726637847363,7256.106662177104
energy_ga,40.109774696952186,164.63339422996677,7260.170708819393
energy_ga,40.13449888539803,165.1817584012809,7264.247914812368
energy_ga,40.15922307384387,165.76373298778506,7268.33909415957
energy_ga,40.18394726228971,166.3807546602751,7272.4450956115
energy_ga,40.20867145073555,167.03432344019686,7276.56680422232
energy_ga,40.233395639181396,167.7260033774845,7280.705142924536
energy_ga,40.25811982762724,168.45742312839093,7284.861074119186
energy_ga,40.28284401607308,169.2302764313755,7289.035601279064
energy_ga,40.30756820451892,170.04632247990364,7293.229770562438
energy_ga,40.33229239296476,170.9073861919032,7297.444672434693
energy_ga,40.357016581410605,171.81535837660385,7301.681443295387
energy_ga,40.38174076985645,172.77219580059196,7305.941267108172
energy_ga,40.40646495830229,173.77992115610445,7310.225377031143
energy_ga,40.43118914674813,174.84062293590486,7314.535057045255
energy_ga,40.45591333519397,175.95645522050035,7318.871643578549
energy_ga,40.480637523639814,177.12963738498934,7323.2365271241415
energy_ga,40.50536171208566,178.36245373446835,7327.631153850064
energy_ga,40.61898671208566,178.71659799605177,7347.917707476504
energy_ga,40.73261171208566,179.06119906270612,7368.243958571905
energy_ga,40.846236712085656,179.3962596541386,7388.608822945255
energy_ga,40.95986171208566,179.72178753188356,7409.0112170010125
energy_ga,41.07348671208566,180.0377955015057,7429.450058312097
energy_ga,41.18711171208566,180.3443014533901,7449.924266195347
energy_ga,41.30073671208566,180.64132843099836,7470.432762293153
energy_ga,41.41436171208566,180.92890471672277,7490.974471163858
energy_ga,41.52798671208566,181.20706392663993,7511.548320882409
energy_ga,41.641611712085655,181.47584510656344,7532.153243651857
energy_ga,41.75523671208566,181.7352928228115,7552.788176425471
energy_ga,41.86886171208566,181.98545724205607,7573.452061538531
energy_ga,41.98248671208566,182.22639419549725,7594.143847348327
energy_ga,42.09611171208566,182.4581652234224,7614.862488880314
energy_ga,42.20973671208566,182.68083759696097,7635.606948478047
energy_ga,42.32336171208566,182.89448431453366,7656.376196454144
energy_ga,42.436986712085655,183.09918407113497,7677.169211739304
energy_ga,42.55061171208566,183.29502119915975,7697.984982526224
energy_ga,42.66423671208566,183.48208558001846,7718.822506905115
energy_ga,42.77786171208566,183.66047252626035,7739.680793487528
energy_ga,42.89148671208566,183.83028263435295,7760.55886201509
energy_ga,43.00511171208566,183.99162160865785,7781.455743949896
energy_ga,43.118736712085656,184.1446000574797,7802.3704830433035
energy_ga,43.232361712085655,184.289333262374,7823.302135880038
energy_ga,43.34598671208566,184.4259409221626,7844.249772394648
energy_ga,43.45961171208566,184.5545468733354,7865.212476357529
energy_ga,43.57323671208566,184.675278788714,7886.189345827955
energy_ga,43.68686171208566,184.78826785641658,7907.179493571731
energy_ga,43.80048671208566,184.89364844129716,7928.182047441394
energy_ga,43.914111712085656,184.9915577311401,7949.196150717065
energy_ga,44.027736712085655,185.08213536997005,7970.220962406372
energy_ga,44.14136171208566,185.16552308089396,7991.255657502113
energy_ga,44.25498671208566,185.2418642809252,8012.299427196605
energy_ga,44.36861171208566,185.3113036902508,8033.3514790519675
energy_ga,44.48223671208566,185.3739869383982,8054.4110371258075
energy_ga,44.59586171208566,185.43006016973018,8075.477342052138
energy_ga,44.709486712085656,185.47966965065686,8096.549651077558
energy_ga,44.82311171208566,185.52296138089574,8117.62723805304
energy_ga,44.93673671208566,185.56008071104242,8138.709393381888
energy_ga,45.05036171208566,185.5911719686313,8159.795423924752
energy_ga,45.16398671208566,185.61637809476954,8180.884652862729
energy_ga,45.27761171208566,185.63584029333055,8201.976419519902
energy_ga,45.39123671208566,185.64969769457463,8223.07007914684
energy_ga,45.504861712085656,185.65808703494855,8244.165002666787
energy_ga,45.618486712085655,185.66114235468902,8265.260576386485
energy_ga,45.73211171208566,185.65899471472423,8286.356201673741
energy_ga,45.84573671208566,185.6517719342305,8307.451294603985
energy_ga,45.95936171208566,185.63959835006298,8328.54528557826
energy_ga,46.07298671208566,185.622594599137,8349.637618915187
energy_ga,46.18661171208566,185.60087742469165,8370.72775241954
energy_ga,46.300236712085656,185.57455950722576,8391.815156930234
energy_ga,46.41386171208566,185.54374932074592,8412.899315850524
energy_ga,46.52748671208566,185.50855101482827,8433.979724663339
energy_ga,46.64111171208566,185.46906432284575,8455.05589043471
energy_ga,46.75473671208566,185.42538449657712,8476.127331308264
energy_ga,46.86836171208566,185.377602267269,8497.193575993784
energy_ga,46.98198671208566,185.32580383309062,8518.254163252861
energy_ga,47.095611712085656,185.27007087278562,8539.308641384589
energy_ga,47.209236712085655,185.21048058519625,8560.356567714294
energy_ga,47.32286171208566,185.1471057542121,8581.397508088203
energy_ga,47.43648671208566,185.08001483857504,8602.43103637688
energy_ga,47.55011171208566,185.00927208585657,8623.456733990273
energy_ga,47.66373671208566,184.9349376698169,8644.474189407018
energy_ga,47.77736171208566,184.8570678502491,8665.482997720626
energy_ga,47.89098671208566,184.77571515431723,8686.482760205074
energy_ga,48.00461171208566,184.6909285783029,8707.473083902132
energy_ga,48.11823671208566,184.6027538085958,8728.453581232738
energy_ga,48.23186171208566,184.51123346067942,8749.423869634473
energy_ga,48.34548671208566,184.41640733479886,8770.383571227167
energy_ga,48.45911171208566,184.31831268692883,8791.3323125084
energy_ga,48.57273671208566,184.21698451360749,8812.269724080606
energy_ga,48.686361712085656,184.11245584914812,8833.195440411215
energy_ga,48.799986712085655,184.0047580737034,8854.109099627207
energy_ga,48.91361171208566,183.89392123061688,8875.010343345184
energy_ga,49.02723671208566,183.7799743514729,8895.898816537941
energy_ga,49.14086171208566,183.66294578723236,8916.774167438321
energy_ga,49.25448671208566,183.54286354383203,8937.636047480943
energy_ga,49.36811171208566,183.41975562061373,8958.484111282223
energy_ga,49.48173671208566,183.29365034995675,8979.318016658928
energy_ga,49.59536171208566,183.16457673648867,9000.137424685277
energy_ga,49.70898671208566,183.03256479426867,9020.941999788494
energy_ga,49.82261171208566,182.89764588035513,9041.731409882446
energy_ga,49.93623671208566,182.75985302319904,9062.505326538905
energy_ga,50.04986171208566,182.6192212443374,9083.26342519573
energy_ga,50.16348671208566,182.4757878719009,9104.005385401146
energy_ga,50.277111712085656,182.32959284449493,9124.730891093095
energy_ga,50.390736712085655,182.18067900406598,9145.439630912491
energy_ga,50.50436171208566,182.02909237642,9166.131298549046
energy_ga,50.61798671208566,181.87488243812228,9186.805593118197
energy_ga,50.73161171208566,181.71810236857405,9207.462219567527
energy_ga,50.84523671208566,181.5588092861328,9228.10088911091
energy_ga,50.958861712085664,181.39706446721812,9248.721319688524
energy_ga,51.07248671208566,181.23293354742327,9269.323236450731
energy_ga,51.18611171208566,181.0664867037375,9289.90637226375
energy_ga,51.29973671208566,180.89779881706798,9310.4704682349
energy_ga,51.41336171208566,180.72694961434044,9331.01527425516
energy_ga,51.52698671208566,180.5540237895504,9351.540549556668
energy_ga,51.64061171208566,180.37911110322725,9372.046063282763
energy_ga,51.75423671208566,180.20230645987476,9392.531595068067
energy_ga,51.867861712085656,180.023709963044,9412.996935626094
energy_ga,51.98148671208566,179.84342694779656,9433.441887341842
energy_ga,52.09511171208566,179.66156799041528,9453.866264866769
energy_ga,52.20873671208566,179.4782488953177,9474.269895713589
energy_ga,52.32236171208566,179.29359065923245,9494.652620848281
energy_ga,52.43598671208566,179.10771941279256,9515.014295276747
energy_ga,52.549611712085664,178.92076633980565,9535.354788623568
energy_ga,52.66323671208566,178.73286757455523,9555.673985700329
energy_ga,52.77686171208566,178.544164077587,9575.971787061066
energy_ga,52.89048671208566,178.35480149052879,9596.248109542405
energy_ga,53.00411171208566,178.16492997058708,9616.502886786038
energy_ga,53.11773671208566,177.97470400545464,9636.736069741302
energy_ga,53.23136171208566,177.7842822094519,9656.947627145637
energy_ga,53.34498671208566,177.59382710181143,9677.137545980882
energy_ga,53.45861171208566,177.40350486809592,9697.305831903424
energy_ga,53.57223671208566,177.21348510582206,9717.452509646317
energy_ga,53.68586171208566,177.02394055543164,9737.577623391697
energy_ga,53.79948671208566,176.83504681782895,9757.68123711184
energy_ga,53.91311171208566,176.64698205976393,9777.763434877448
energy_ga,54.02673671208566,176.45992670840405,9797.82432113184
energy_ga,54.14036171208566,176.27406313649365,9817.864020929903
energy_ga,54.25398671208566,176.08957533954984,9837.882680140825
energy_ga,54.36761171208566,175.90664860658944,9857.880465613765
energy_ga,54.48123671208566,175.72546918591928,9877.857565305852
energy_ga,54.59486171208566,175.54622394755754,9897.814188371998
energy_ga,54.70848671208566,175.36910004387758,9917.750565216262
energy_ga,54.82211171208566,175.19428457008942,9937.666947504642
energy_ga,54.93573671208566,175.02196422618343,9957.56360813938
energy_ga,55.049361712085656,174.85232498197246,9977.440841195019
energy_ga,55.16298671208566,174.6855517468641,9997.298961816678
energy_ga,55.27661171208566,174.52182804599104,10017.138306081159
energy_ga,55.39023671208566,174.36133570431065,10036.959230821722
energy_ga,55.50386171208566,174.204254540266,10056.762113417491
energy_ga,55.617486712085665,174.0507620705683,10076.547351548696
energy_ga,55.731111712085664,173.90103322763053,10096.315362919075
energy_ga,55.84473671208566,173.75524009113056,10116.066584946997
energy_ga,55.95836171208566,173.61355163514023,10135.801474426946
energy_ga,56.07198671208566,173.47613349219358,10155.520507163243
energy_ga,56.18561171208566,173.3431477356028,10175.224177577997
energy_ga,56.29923671208566,173.21475268126244,10194.91299829543
energy_ga,56.41286171208566,173.09110271009897,10214.58749970485
energy_ga,56.52648671208566,172.9723481122403,10234.248229504694
energy_ga,56.640111712085655,172.85863495388585,10253.895752230139
energy_ga,56.753736712085654,172.75010496776184,10273.530648766937
energy_ga,56.86736171208566,172.64689546793733,10293.15351585419
energy_ga,56.98098671208566,172.54913928967176,10312.764965578857
energy_ga,57.09461171208566,172.45696475484394,10332.365624864886
energy_ga,57.208236712085665,172.3704956633933,10351.956134959897
energy_ga,57.32186171208566,172.28985131107873,10371.537150922384
energy_ga,57.43548671208566,172.21514653372898,10391.109341112442
energy_ga,57.54911171208566,172.14649177802303,10410.673386689028
energy_ga,57.66273671208566,172.0839931987049,10430.229981116769
energy_ga,57.77636171208566,172.02775278199087,10449.779829685296
energy_ga,57.88998671208566,171.9778684947895,10469.323649044083
energy_ga,58.00361171208566,171.93443445920514,10488.862166755656
energy_ga,58.117236712085656,171.89754115165198,10508.396120870048
energy_ga,58.230861712085655,171.86727562575896,10527.926259523214
energy_ga,58.34448671208566,171.84372175809685,10547.453340562086
energy_ga,58.45811171208566,171.82696051561626,10566.97813119876
energy_ga,58.57173671208566,171.81707024353932,10586.501407696265
energy_ga,58.685361712085665,171.81412697230755,10606.023955088092
energy_ga,58.798986712085664,171.81820474204994,10625.546566933614
energy_ga,58.91261171208566,171.82937594290263,10645.070045111277
energy_ga,59.02623671208566,171.84771166938341,10664.59519965125
energy_ga,59.13986171208566,171.8732820869015,10684.12284860903
energy_ga,59.25348671208566,171.90615680837246,10703.653817981267
energy_ga,59.36711171208566,171.9464052787965,10723.188941664845
energy_ga,59.48073671208566,171.9940971655711,10742.729061459964
energy_ga,59.59436171208566,172.049302752216,10762.275027117794
energy_ga,59.707986712085656,172.11209333312155,10781.827696432892
energy_ga,59.821611712085655,172.18254160687093,10801.38793538042
energy_ga,59.935236712085654,172.26072206564274,10820.956618297814
energy_ga,60.04886171208566,172.34671137817338,10840.534628110341
energy_ga,60.16248671208566,172.4405887637484,10860.122856599653
energy_ga,60.27611171208566,172.54243635470328,10879.722204714195
energy_ga,60.389736712085664,172.65233954494354,10899.333582919995
energy_ga,60.50336171208566,172.77038732204755,10918.957911590125
energy_ga,60.61698671208566,172.89667258059475,10938.596121430845
energy_ga,60.73061171208566,173.0312924144636,10958.249153942126
energy_ga,60.84423671208566,173.17434838597757,10977.917961910101
energy_ga,60.95786171208566,173.325946769938,10997.603509928647
energy_ga,61.07148671208566,173.4861987707757,11017.30677494718
energy_ga,61.18511171208566,173.65522071128083,11037.028746841503
energy_ga,61.298736712085656,173.83313419163446,11056.770429004424
energy_ga,61.41236171208566,174.02006621776368,11076.532838952684
energy_ga,61.52598671208566,174.21614929838464,11096.317008946695
energy_ga,61.63961171208566,174.42152151048236,11116.123986619523
energy_ga,61.753236712085666,174.63632653340025,11135.954835611517
energy_ga,61.866861712085665,174.86071365219289,11155.810636207061
energy_ga,61.980486712085664,175.09483773141403,11175.692485970043
energy_ga,62.09411171208566,175.3388591610938,11195.601500374749
energy_ga,62.20773671208566,175.59294377728756,11215.538813429186
energy_ga,62.32136171208566,175.85726276026585,11235.5055782881
energy_ga,62.43498671208566,176.13199251416933,11255.50296785338
energy_ga,62.54861171208566,176.41731453275435,11275.532175359982
energy_ga,62.66223671208566,176.7134152567429,11295.594414946148
energy_ga,62.77586171208566,177.02048592922554,11315.690922207275
energy_ga,62.889486712085656,177.338722456592,11335.822954733694
energy_ga,63.003111712085655,177.6683252835481,11355.991792633431
energy_ga,63.11673671208566,178.00949929195477,11376.198739042127
energy_ga,63.23036171208566,178.36245373446835,11396.44512062344
energy_ga,63.3250033002549,178.27974213831394,11413.321712536223
energy_ga,63.419644888424145,178.20377206198268,11430.190795506258
energy_ga,63.514286476593384,178.1341334504535,11447.052988157557
energy_ga,63.60892806476263,178.0704333321728,11463.90887111428
energy_ga,63.70356965293187,178.01229592475897,11480.758988622536
energy_ga,63.79821124110111,177.9593628508443,11497.603850187417
energy_ga,63.89285282927035,177.91129342967994,11514.443932234028
energy_ga,63.98749441743959,177.86776501405328,11531.279679798263
energy_ga,64.08213600560883,177.82847334573503,11548.11150825036
energy_ga,64.17677759377807,177.79313290609377,11564.939805051845
energy_ga,64.27141918194732,177.76147724170423,11581.764931544489
energy_ga,64.36606077011656,177.73325924773872,11598.58722476807
energy_ga,64.4607023582858,177.70825139467595,11615.406999302306
energy_ga,64.55534394645504,177.6862458864035,11632.224549126951
energy_ga,64.64998553462428,177.6670547401346,11649.04014949319
energy_ga,64.74462712279353,177.65050978071216,11665.854058798532
energy_ga,64.83926871096277,177.6364625438515,11682.66652045685
energy_ga,64.93391029913201,177.624784084676,11699.477764754805
energy_ga,65.02855188730125,177.61536468954043,11716.28801068554
energy_ga,65.12319347547049,177.60811349062308,11733.097467750526
energy_ga,65.21783506363974,177.60295798410598,11749.90633772036
energy_ga,65.31247665180898,177.59984345395978,11766.714816345491
energy_ga,65.40711823997822,177.5987323044161,11783.523095008104
energy_ga,65.50175982814746,177.59960330514826,11800.331362306684
energy_ga,65.5964014163167,177.60245075400442,11817.139805565252
energy_ga,65.69104300448595,177.6072835628428,11833.948612259714
energy_ga,65.78568459265519,177.6141242726242,11850.757971354344
energy_ga,65.88032618082443,177.62300800441858,11867.568074542036
energy_ga,65.97496776899366,177.63398135339398,11884.37911738256
energy_ga,66.0696093571629,177.6471012331782,11901.1913003338
energy_ga,66.16425094533216,177.66243367822523,11918.004829671647
energy_ga,66.2588925335014,177.6800526119815,11934.819918294903
energy_ga,66.35353412167063,177.70003858874475,11951.636786412386
energy_ga,66.44817570983987,177.72247751713246,11968.45566211007
energy_ga,66.54281729800911,177.74745937304715,11985.276781796922
energy_ga,66.63745888617835,177.77507690993633,12002.10039052881
energy_ga,66.7321004743476,177.80542437400644,12018.926742210577
energy_ga,66.82674206251684,177.83859623186206,12035.756099677094
energy_ga,66.92138365068608,177.8746859178146,12052.588734654862
energy_ga,67.01602523885532,177.9137846078371,12069.42492760629
energy_ga,67.11066682702456,177.9559800268387,12086.264967459509
energy_ga,67.20530841519381,178.00135529560214,12103.109151227214
energy_ga,67.29995000336305,178.04998782336878,12119.9577835185
energy_ga,67.39459159153229,178.10194825167062,12136.811175948345
energy_ga,67.48923317970153,178.15729945460973,12153.669646449796
energy_ga,67.58387476787077,178.21609560036416,12170.533518494429
energy_ga,67.67851635604002,178.27838127826652,12187.403120227109
energy_ga,67.77315794420926,178.3441906953597,12204.2787835214
energy_ga,67.8677995323785,178.41354694587884,12221.160842962416
energy_ga,67.96244112054774,178.48646135665433,12238.049634764098
energy_ga,68.05708270871698,178.56293291096978,12254.945495628275
energy_ga,68.15172429688623,178.64294775294672,12271.84876155299
energy_ga,68.24636588505547,178.72647877407096,12288.759766597814
energy_ga,68.3410074732247,178.81348528301868,12305.67884161398
energy_ga,68.43564906139395,178.90391275949122,12322.606312947237
energy_ga,68.53029064956318,178.99769269232715,12339.542501121377
energy_ga,68.62493223773244,179.09474250172528,12356.487719510458
energy_ga,68.71957382590168,179.19496554499383,12373.442273007575
energy_ga,68.81421541407092,179.29825120482946,12390.406456698127
energy_ga,68.90885700224015,179.40447505873706,12407.380554545236
energy_ga,69.0034985904094,179.513499127821,12424.364838094987
energy_ga,69.09814017857863,179.62517220281353,12441.359565208848
energy_ga,69.19278176674788,179.73933024486274,12458.3649788305
energy_ga,69.28742335491712,179.85579685827378,12475.381305793979
energy_ga,69.38206494308636,179.97438383208782,12492.408755679859
energy_ga,69.4767065312556,180.09489174709674,12509.44751972574
energy_ga,69.57134811942484,180.21711064462323,12526.497769797135
energy_ga,69.6659897075941,180.34082075314913,12543.559657424388
energy_ga,69.76063129576333,180.46579326865202,12560.633312910883
energy_ga,69.85527288393257,180.59179118430507,12577.71884451747
energy_ga,69.94991447210181,180.7185701650178,12594.816337727521
energy_ga,70.04455606027105,180.84587946213753,12611.925854596646
energy_ga,70.1391976484403,180.97346286349384,12629.047433190672
energy_ga,70.23383923660954,181.10105967386244,12646.181087114948
energy_ga,70.32848082477878,181.22840572083052,12663.32680513768
energy_ga,70.42312241294802,181.35523438098255,12680.48455090939
energy_ga,70.51776400111726,181.4812776212828,12697.654262780232
energy_ga,70.61240558928651,181.6062670505062,12714.835853716339
energy_ga,70.70704717745575,181.72993497557536,12732.029211315903
energy_ga,70.80168876562499,181.85201545767998,12749.23419792524
energy_ga,70.89633035379423,181.9722453631013,12766.45065085453
energy_ga,70.99097194196347,182.09036540372915,12783.678382692535
energy_ga,71.08561353013272,182.2061211623432,12800.91718171908
energy_ga,71.18025511830196,182.31926409783736,12818.166812413594
energy_ga,71.2748967064712,182.42955252568723,12835.427016057645
energy_ga,71.36953829464044,182.53675256910654,12852.69751142886
energy_ga,71.46417988280967,182.64063907649557,12869.97799558328
energy_ga,71.55882147097893,182.74099650096403,12887.268144722744
energy_ga,71.65346305914817,182.83761973790305,12904.567615143524
energy_ga,71.7481046473174,182.93031491678897,12921.876044262075
energy_ga,71.84274623548664,183.01890014362462,12939.193051713377
energy_ga,71.93738782365588,183.10320619066206,12956.518240517049
energy_ga,72.03202941182514,183.1830771302942,12973.851198306103
energy_ga,72.12667099999437,183.25837091026983,12991.191498612901
energy_ga,72.22131258816361,183.3289598676501,13008.538702206673
energy_ga,72.31595417633285,183.39473117921008,13025.892358476653
energy_ga,72.41059576450209,183.45558724627355,13043.252006854742
energy_ga,72.50523735267134,183.51144601226767,13060.617178271415
energy_ga,72.59987894084058,183.56224121158343,13077.987396638417
energy_ga,72.69452052900982,183.6079225486361,13095.36218035173
energy_ga,72.78916211717906,183.64845580633227,13112.74104380813
energy_ga,72.8838037053483,183.68382288345953,13130.123498928644
energy_ga,72.97844529351755,183.71402176083515,13147.509056682193
energy_ga,73.07308688168679,183.73906639636343,13164.897228602636
energy_ga,73.16772846985603,183.7589865494675,13182.287528292585
energy_ga,73.26237005802527,183.77382753567542,13199.679472907248
energy_ga,73.35701164619451,183.78364991245084,13217.072584611833
energy_ga,73.45165323436376,183.78852909766758,13234.466392006008
energy_ga,73.546294822533,183.78855492242613,13251.860431509149
energy_ga,73.64093641070224,183.78383112020947,13269.254248700265
energy_ga,73.73557799887148,183.77447475466263,13286.647399606662
energy_ga,73.83021958704072,183.76061558855906,13304.039451935665
energy_ga,73.92486117520997,183.74239539679232,13321.429986243984
energy_ga,74.01950276337921,183.7199672264874,13338.818597039528
energy_ga,74.11414435154845,183.69349460757806,13356.204893810895
energy_ga,74.20878593971769,183.6631507174311,13373.588501979935
energy_ga,74.30342752788692,183.62911750332543,13390.969063773282
energy_ga,74.39806911605616,183.59158476679698,13408.346239009015
energy_ga,74.4927107042254,183.55074921406091,13425.71970579507
energy_ga,74.58735229239466,183.50681347689465,13443.089161136375
energy_ga,74.6819938805639,183.4599851085304,13460.454321448127
energy_ga,74.77663546873313,183.41047555924638,13477.814922973117
energy_ga,74.87127705690237,183.358499136472,13495.17072210132
energy_ga,74.96591864507161,183.30427195432773,13512.521495590603
energy_ga,75.06056023324086,183.24801087760773,13529.867040687743
energy_ga,75.1552018214101,183.18993246527592,13547.207175149462
energy_ga,75.24984340957934,183.13025191859623,13564.54173716373
energy_ga,75.34448499774858,183.06918203903567,13581.870585171944
energy_ga,75.43912658591782,183.00693220108667,13599.1935975932
energy_ga,75.53376817408707,182.94370734512972,13616.510672452303
energy_ga,75.62840976225631,182.87970699541953,13633.821726913644
energy_ga,75.72305135042555,182.8151243082091,13651.126696723573
energy_ga,75.81769293859479,182.75014515494235,13668.425535564327
energy_ga,75.91233452676403,182.68494724532968,13685.718214323095
energy_ga,76.00697611493328,182.61969929499517,13703.004720280187
energy_ga,76.10161770310252,182.55456024221942,13720.285056220751
energy_ga,76.19625929127176,182.48967851812972,13737.559239474907
energy_ga,76.290900879441,182.42519137448593,13754.827300891511
energy_ga,76.38554246761024,182.36122427298386,13772.089283751231
energy_ga,76.48018405577949,182.2978903397591,13789.345242624902
energy_ga,76.57482564394873,182.23528988850185,13806.595242183495
energy_ga,76.66946723211797,182.17351001531068,13823.839355966367
energy_ga,76.7641088202872,182.11262426810228,13841.077665114675
energy_ga,76.85875040845644,182.05269239307276,13858.310257077159
energy_ga,76.9533919966257,181.99376016035632,13875.537224295678
energy_ga,77.04803358479494,181.9358592706688,13892.758662878068
energy_ga,77.14267517296418,181.87900734434476,13909.97467126608
energy_ga,77.23731676113341,181.82320799378016,13927.185348906216
energy_ga,77.33195834930265,181.76845097989047,13944.390794931394
energy_ga,77.4265999374719,181.71471245276962,13961.59110686142
energy_ga,77.52124152564114,181.66195527630677,13978.786379330184
energy_ga,77.61588311381038,181.61012943607727,13995.976702847549
energy_ga,77.71052470197962,181.55917252937525,14013.16216260371
energy_ga,77.80516629014886,181.5090103358044,14030.342837323751
energy_ga,77.89980787831811,181.4595574663826,14047.51879817991
energy_ga,77.99444946648735,181.41071808865996,14064.69010776888
energy_ga,78.08909105465659,181.36238672489054,14081.8568191612
energy_ga,78.18373264282583,181.31444911984246,14099.018975029468
energy_ga,78.27837423099507,181.26678317438092,14116.17660686181
energy_ga,78.37301581916432,181.21925994051787,14133.329734266603
energy_ga,78.46765740733356,181.1717446731908,14150.478364374047
energy_ga,78.5622989955028,181.1240979336145,14167.622491339756
energy_ga,78.65694058367204,181.07617673865317,14184.762095954915
energy_ga,78.75158217184128,181.02783575027536,14201.897145367118
energy_ga,78.84622376001053,180.97892849880236,14219.02759291539
energy_ga,78.94086534817977,180.92930863332714,14236.153378082248
energy_ga,79.03550693634901,180.87883119238458,14253.27442656508
energy_ga,79.13014852451825,180.8273538876875,14270.390650468387
energy_ga,79.22479011268749,180.7747383935187,14287.501948617793
energy_ga,79.31943170085674,180.72085163418294,14304.608206995996
energy_ga,79.41407328902596,180.66556706178878,14321.709299300082
energy_ga,79.50871487719522,180.60876591654366,14338.80508761901
energy_ga,79.60335646536446,180.55033846171526,14355.89542322908
energy_ga,79.6979980535337,180.4901851854458,14372.98014750479
energy_ga,79.79263964170295,180.42821796170028,14390.059092941468
energy_ga,79.88728122987217,180.36436116280063,14407.132084285475
energy_ga,79.98192281804143,180.2985527162381,14424.198939767106
energy_ga,80.07656440621066,180.2307450987869,14441.259472430484
energy_ga,80.1712059943799,180.16090626135025,14458.313491554312
energy_ga,80.26584758254916,180.0890204784807,14475.36080415657
energy_ga,80.36048917071838,180.0150891171208,14492.401216575765
energy_ga,80.45513075888763,179.93913131982035,14509.434536120954
energy_ga,80.54977234705687,179.86118459851403,14526.460572782107
energy_ga,80.64441393522611,179.78130533588003,14543.479140992373
energy_ga,80.73905552339536,179.69956919237381,14560.490061433286
energy_ga,80.83369711156459,179.6160714182256,14577.493162874
energy_ga,80.92833869973384,179.53092707103693,14594.488284035622
energy_ga,81.02298028790308,179.44427114109143,14611.475275471705
energy_ga,81.11762187607232,179.3562585881453,14628.454001456474
energy_ga,81.21226346424157,179.26706429526078,14645.424341872584
energy_ga,81.3069050524108,179.1768829472281,14662.386194090921
energy_ga,81.40154664058005,179.08592884327092,14679.339474835839
energy_ga,81.49618822874929,178.99443565607814,14696.284122030058
energy_ga,81.59082981691853,178.90265615174167,14713.22009661498
energy_ga,81.68547140508777,178.8108618879244,14730.14738434342
energy_ga,81.780112993257,178.71934291054268,14747.06599754372
energy_ga,81.87475458142626,178.62840747243263,14763.975976856196
energy_ga,81.9693961695955,178.5383818008841,14780.877392945264
energy_ga,82.06403775776474,178.44960994458938,14797.770348193333
energy_ga,82.15867934593398,178.36245373446835,14814.654978385597
energy_ga,82.23442934593398,177.8332786271452,14828.145891748793
energy_ga,82.31017934593397,177.32225835753516,14841.597407712086
energy_ga,82.38592934593397,176.82903677848515,14855.010888015364
energy_ga,82.46167934593397,176.35326573372865,14868.387667723015
energy_ga,82.53742934593397,175.8946050548974,14881.729055829133
energy_ga,82.61317934593397,175.45272258540263,14895.03633586351
energy_ga,82.68892934593397,175.02729422215734,14908.310766500095
energy_ga,82.76467934593397,174.6180039671516,14921.553582169015
energy_ga,82.84042934593397,174.22454398186233,14934.765993672585
energy_ga,82.91617934593397,173.84661463838853,14947.949188805327
energy_ga,82.99192934593398,173.48392456204417,14961.104332977546
energy_ga,83.06767934593398,173.13619066092915,14974.232569841615
energy_ga,83.14342934593398,172.80313813872408,14987.335021919902
energy_ga,83.21917934593398,172.48450048762928,15000.412791232875
energy_ga,83.29492934593398,172.18001945898934,15013.466959925852
energy_ga,83.37067934593398,171.88944500971405,15026.498590892605
energy_ga,83.44642934593398,171.61253522313217,15039.508728393923
energy_ga,83.52217934593398,171.34905620339063,15052.498398669202
energy_ga,83.59792934593398,171.09878194294694,15065.468610538996
energy_ga,83.67367934593398,170.86149416309556,15078.420355996512
energy_ga,83.74942934593398,170.63698212782379,15091.35461078603
energy_ga,83.82517934593398,170.42504243160997,15104.272334966217
energy_ga,83.90092934593397,170.22547876205613,15117.174473456427
energy_ga,83.97667934593397,170.03810163849923,15130.061956564097
energy_ga,84.05242934593397,169.86272812795906,15142.935700491502
energy_ga,84.12817934593397,169.6991815399696,15155.796607820175
energy_ga,84.20392934593397,169.54729110199725,15168.645567971489
energy_ga,84.27967934593397,169.4068916172859,15181.483457641982
energy_ga,84.35542934593397,169.27782310707198,15194.311141212167
energy_ga,84.43117934593397,169.15993043920054,15207.129471127731
energy_ga,84.50692934593397,169.0530629452346,15219.939288252166
energy_ga,84.58267934593398,168.95707402819323,15232.741422190036
energy_ga,84.65842934593398,168.87182076307738,15245.536691580255
energy_ga,84.73417934593398,168.79716349234837,15258.32590435893
energy_ga,84.80992934593398,168.73296541851556,15271.109857991429
energy_ga,84.88567934593398,168.67909219596342,15283.889339673577
energy_ga,84.96142934593398,168.63541152411068,15296.665126501974
energy_ga,85.03717934593398,168.60179274394437,15309.437985613626
energy_ga,85.11292934593398,168.57810643990786,15322.208674295214
energy_ga,85.18867934593398,168.56422404905166,15334.977940062483
energy_ga,85.26442934593398,168.56001747927266,15347.746520710369
energy_ga,85.34017934593398,168.5653587383808,15360.515144334613
energy_ga,85.41592934593398,168.58011957563164,15373.284529325756
energy_ga,85.49167934593397,168.60417113726547,15386.055384336507
energy_ga,85.56742934593397,168.63738363748007,15398.8284082236
energy_ga,85.64317934593397,168.67962604615798,15411.604289965368
energy_ga,85.71892934593397,168.73076579454624,15424.383708556334
energy_ga,85.79467934593397,168.79066849997392,15437.167332880239
energy_ga,85.87042934593397,168.85919771056547,15449.955821562962
energy_ga,85.94617934593397,168.93621467079163,15462.749822806905
energy_ga,86.02192934593397,169.02157810857074,15475.549974208423
energy_ga,86.09767934593398,169.1151440445123,15488.356902559974
energy_ga,86.17342934593398,169.21676562377257,15501.17122363866
energy_ga,86.24917934593398,169.32629297086666,15513.99354198293
energy_ga,86.32492934593398,169.44357306766472,15526.82445065914
energy_ga,86.40067934593398,169.5684496546782,15539.66453101975
energy_ga,86.47642934593398,169.70076315562835,15552.514352454938
energy_ga,86.55217934593398,169.84035062517438,15565.374472139387
energy_ga,86.62792934593398,169.98704571957063,15578.245434775943
energy_ga,86.70367934593398,170.14067868991336,15591.127772337952
energy_ga,86.77942934593398,170.3010763975394,15604.02200381189
energy_ga,86.85517934593398,170.4680623510372,15616.928634941993
energy_ga,86.93092934593398,170.64145676424098,15629.848157978484
energy_ga,87.00667934593397,170.8210766344884,15642.78105143096
energy_ga,87.08242934593397,171.00673584033947,15655.727779828445
energy_ga,87.15817934593397,171.19824525787743,15668.68879348754
energy_ga,87.23392934593397,171.3954128946396,15681.664528290066
energy_ga,87.30967934593397,171.598044040158,15694.655405471472
energy_ga,87.38542934593397,171.80594143203166,15707.661831421232
energy_ga,87.46117934593397,172.01890543639445,15720.684197496374
energy_ga,87.53692934593397,172.23673424159549,15733.722879849178
energy_ga,87.61267934593397,172.4592240638644,15746.778239269997
energy_ga,87.68842934593397,172.68616936369747,15759.850621046065
energy_ga,87.76417934593398,172.91736307167102,15772.940354837057
energy_ga,87.83992934593398,173.15259682235975,15786.047754568044
energy_ga,87.91567934593398,173.39166119502448,15799.173118340452
energy_ga,87.99142934593398,173.63434595971478,15812.316728361437
energy_ga,88.06717934593398,173.88044032743096,15825.478850892063
energy_ga,88.14292934593398,174.12973320298397,15838.659736214528
energy_ga,88.21867934593398,174.38201343920014,15851.8596186186
energy_ga,88.29442934593398,174.63707009112653,15865.078716407312
energy_ga,88.37017934593398,174.89469266890808,15878.317231921848
energy_ga,88.44592934593398,175.15467138803123,15891.575351585505
energy_ga,88.52167934593398,175.4167974156532,15904.853245966444
energy_ga,88.59742934593397,175.68086311176933,15918.151069858919
energy_ga,88.67317934593397,175.94666226400642,15931.468962382527
energy_ga,88.74892934593397,176.2139903148735,15944.807047098951
energy_ga,88.82467934593397,176.4826445803436,15958.165432145608
energy_ga,88.90042934593397,176.75242445869452,15971.544210385462
energy_ga,88.97617934593397,177.02313162858772,15984.943459572267
energy_ga,89.05192934593397,177.2945702354242,15998.363242530366
energy_ga,89.12767934593397,177.56654706507715,16011.803607348122
energy_ga,89.20342934593398,177.83887170416585,16025.26458758401
energy_ga,89.27917934593398,178.1113566861054,16038.746202484292
energy_ga,89.35492934593398,178.38381762223432,16052.24845721122
energy_ga,89.43067934593398,178.65607331739864,16065.77134308056
energy_ga,89.50642934593398,178.92794586944513,16079.314837807262
energy_ga,89.58217934593398,179.19926075215503,16092.878905758054
energy_ga,89.65792934593398,179.4698468812261,16106.463498209669
energy_ga,89.73367934593398,179.73953666299687,16120.068553611405
energy_ga,89.80942934593398,180.00816602568315,16133.693997850738
energy_ga,89.88517934593398,180.2755744329831,16147.33974452061
energy_ga,89.96092934593398,180.54160487998854,16161.005695187088
energy_ga,90.03667934593398,180.80610387142488,16174.691739656048
energy_ga,90.11242934593398,181.06892138232362,16188.397756237533
energy_ga,90.18817934593397,181.32991080131512,16202.123612006488
energy_ga,90.26392934593397,181.58892885681198,16215.86916305854
energy_ga,90.33967934593397,181.84583552643363,16229.634254759556
energy_ga,90.41542934593397,182.10049393010152,16243.418721987722
energy_ga,90.49117934593397,182.3527702073164,16257.222389366927
energy_ga,90.56692934593397,182.6025333791998,16271.045071490265
energy_ga,90.64267934593397,182.84965519596213,16284.88657313255
energy_ga,90.71842934593397,183.09400997052623,16298.74668945073
energy_ga,90.79417934593397,183.3354743991083,16312.625206171231
energy_ga,90.86992934593398,183.57392736962132,16326.521899763224
energy_ga,90.94567934593397,183.80924975883133,16340.436537596961
energy_ga,91.02142934593398,184.0413242192549,16354.368878086383
energy_ga,91.09717934593398,184.27003495683996,16368.318670815177
energy_ga,91.17292934593398,184.49526750053005,16382.28565664575
energy_ga,91.24867934593398,184.7169084648501,16396.26956781044
energy_ga,91.32442934593398,184.93484530670523,16410.270127984535
energy_ga,91.40017934593398,185.14896607761276,16424.287052340715
energy_ga,91.47592934593398,185.35915917262895,16438.320047584566
energy_ga,91.55167934593398,185.56531307725592,16452.36881197103
energy_ga,91.62742934593398,185.76731611363965,16466.433035301638
energy_ga,91.70317934593398,185.96505618738792,16480.512398902538
energy_ga,91.77892934593397,186.1584205363484,16494.60657558345
energy_ga,91.85467934593397,186.3472954826969,16508.715229577672
energy_ga,91.93042934593397,186.53156618968404,16522.838016463513
energy_ga,92.00617934593397,186.71111642438711,16536.97458306752
energy_ga,92.08192934593397,186.8858283278013,16551.12456735001
energy_ga,92.15767934593397,187.0555821935902,16565.287598273506
energy_ga,92.23342934593398,187.22025625679203,16579.463295654816
energy_ga,92.30917934593398,187.37972649375135,16593.651270001494
energy_ga,92.38492934593398,187.5338664345101,16607.85112233365
energy_ga,92.46067934593398,187.6825469888537,16622.06244399206
energy_ga,92.53642934593398,187.82563628716102,16636.28481643364
energy_ga,92.61217934593398,187.96299953715487,16650.517811015485
energy_ga,92.68792934593398,188.09449889759333,16664.7609887687
energy_ga,92.76367934593398,188.21999336987722,16679.01390016333
energy_ga,92.83942934593398,188.33933870848225,16693.276084865796
energy_ga,92.91517934593398,188.45238735104843,16707.547071490302
energy_ga,92.99092934593398,188.55898836888025,16721.826377345693
energy_ga,93.06667934593398,188.65898743852844,16736.1135081794
energy_ga,93.14242934593398,188.75222683503083,16750.407957920008
energy_ga,93.21817934593398,188.83854544730184,16764.7092084202
energy_ga,93.29392934593398,188.91777881605626,16779.016729201678
energy_ga,93.36967934593397,188.98975919455526,16793.32997720383
energy_ga,93.44542934593397,189.05431563235504,16807.648396537897
energy_ga,93.52117934593397,189.11127408213005,16821.971418248333
energy_ga,93.59692934593397,189.16045752953187,16836.298460083126
energy_ga,93.67267934593397,189.20168614592924,16850.628926274832
energy_ga,93.74842934593397,189.23477746376204,16864.96220733405
energy_ga,93.82417934593397,189.25954657411907,16879.297679856983
energy_ga,93.89992934593397,189.2758063460394,16893.634706348836
energy_ga,93.97567934593397,189.2833676669087,16907.972635064576
energy_ga,94.05142934593398,189.28203970321357,16922.310799868723
energy_ga,94.12717934593398,189.27163018079074,16936.64852011558
energy_ga,94.20292934593398,189.25194568359856,16950.985100551443
energy_ga,94.27867934593398,189.22279196992102,16965.31983124007
energy_ga,94.35442934593398,189.1839743048046,16979.651987512727
energy_ga,94.43017934593398,189.1352978074223,16993.98082994398
energy_ga,94.50592934593398,189.07656781195521,17008.305604354315
energy_ga,94.58167934593398,189.00759024048773,17022.625541840553
energy_ga,94.65742934593398,188.92817198631766,17036.939858834892
energy_ga,94.73317934593398,188.83812130600472,17051.247757193338
energy_ga,94.80892934593398,188.73724821840005,17065.548424314075
energy_ga,94.88467934593398,188.62536490883767,17079.84103328627
energy_ga,94.96042934593397,188.5022861366128,17094.124743069617
energy_ga,95.03617934593397,188.36782964382374,17108.3986987048
energy_ga,95.11192934593397,188.22181656362895,17122.662031554908
energy_ga,95.18767934593397,188.06407182594626,17136.913859577664
energy_ga,95.26342934593397,187.89442455862434,17151.15328762823
energy_ga,95.33917934593397,187.71270848212367,17165.37940779215
energy_ga,95.41492934593397,187.51876229578139,17179.591299747863
energy_ga,95.49067934593398,187.31243005377786,17193.788031158103
energy_ga,95.56642934593398,187.09356152899772,17207.9686580893
energy_ga,95.64217934593398,186.86201256306748,17222.132225458037
energy_ga,95.71792934593398,186.61764540096706,17236.277767503427
energy_ga,95.79367934593398,186.3603290087531,17250.404308284196
energy_ga,95.86942934593398,186.0899393730979,17264.51086219916
energy_ga,95.94517934593398,185.80635978154402,17278.59643452964
energy_ga,96.02092934593398,185.50948108259428,17292.660022002372
energy_ga,96.09667934593398,185.19920192501968,17306.700613371286
energy_ga,96.17242934593398,184.87542897605144,17320.717190016665
energy_ga,96.24817934593398,184.5380771184502,17334.708726559995
energy_ga,96.32392934593398,184.1870696268081,17348.67419149297
energy_ga,96.39967934593398,183.82233832383827,17362.6125478191
energy_ga,96.47542934593397,183.44382371785107,17376.522753706427
energy_ga,96.55117934593397,183.0514751230993,17390.40376315003
energy_ga,96.62692934593397,182.64525076520678,17404.25452664305
energy_ga,96.70267934593397,182.22511787447402,17418.07399185528
energy_ga,96.77842934593397,181.7910527704798,17431.861104318457
energy_ga,96.85417934593397,181.3430409420832,17445.61480811782
energy_ga,96.92992934593397,180.8810771276587,17459.334046589713
energy_ga,97.00567934593397,180.40516540119512,17473.01776302549
energy_ga,97.08142934593397,179.91531927073618,17486.66490138244
energy_ga,97.15717934593397,179.4115617965555,17500.274407002864
energy_ga,97.23292934593398,178.8939257374361,17513.845227343216
energy_ga,97.30867934593398,178.36245373446835,17527.376312715714
