planner,time_s,power_w,cumulative_energy_j
astar,0.0,178.36245373446835,0.0
astar,0.03837170212540542,178.3756672273762,6.844324457162373
astar,0.07674340425081085,178.41372421785962,13.689632582183005
astar,0.11511510637621628,178.47432484342937,20.536833537531436
astar,0.1534868085016217,178.5552688729004,27.386750147550195
astar,0.19185851062702713,178.65445462956663,34.24012270081775
astar,0.23023021275243255,178.76987789676528,41.09761271085388
astar,0.268601914877838,178.89963078751472,47.95980663414054
astar,0.3069736170032434,179.04190056296395,54.82721954378655
astar,0.3453453191286488,179.19496838713468,61.70029875663209
astar,0.38371702125405427,179.3572080079097,68.57942741115532
astar,0.4220887233794597,179.52708435644092,75.4649279932012
astar,0.4604604255048651,179.70315205914778,82.35706580629017
astar,0.4988321276302705,179.88405385826883,89.25605238307513
astar,0.537203829755676,180.0685189385374,96.16204883439133
astar,0.5755755318810813,180.25536115899567,103.07516913227772
astar,0.6139472340064868,180.44347719024847,109.9954833233362
astar,0.6523189361318923,180.63184455861025,116.92302066882729
astar,0.6906906382572976,180.81951959962433,123.85777270797789
astar,0.7290623403827031,181.0056353243393,130.7996962410884
astar,0.7674340425081085,181.18939920252853,137.74871622917135
astar,0.8058057446335138,181.37009086774367,144.704728607029
astar,0.8441774467589194,181.5470597496987,151.66760300687574
astar,0.8825491488843248,181.71972264000917,158.6371853898319
astar,0.9209208510097302,181.88756119775505,165.6133005828571
astar,0.9592925531351356,182.05011940170664,172.59575471894385
astar,0.997664255260541,182.20700095635306,179.58433757866257
astar,1.0360359573859466,182.3578666591113,186.57882483142683
astar,1.074407659511352,182.50243173626373,193.57898017513378
astar,1.1127793616367572,182.64046315529353,200.58455737312724
astar,1.1511510637621627,182.77177692134705,207.59530218772625
astar,1.1895227658875682,182.8962353655658,214.6109542098575
astar,1.2278944680129735,183.0137444329951,221.63124858462925
astar,1.266266170138379,183.1242509776986,228.65591763297536
astar,1.3046378722637846,183.2277400725843,235.6846923697907
astar,1.3430095743891899,183.3242323412927,242.71730391926323
astar,1.3813812765145952,183.41378131930074,249.75348482838677
astar,1.4197529786400007,183.49647085117013,256.79297027990816
astar,1.4581246807654062,183.57241253061127,263.83549920622363
astar,1.4964963828908115,183.64174318975122,270.8808153059906
astar,1.534868085016217,183.70462244368605,277.9286679654589
astar,1.5732397871416226,183.7612302960671,284.97881308675284
astar,1.6116114892670277,183.81176481112394,292.0310138255509
astar,1.6499831913924332,183.85643985715825,299.08504124080787
astar,1.6883548935178387,183.8954829261641,306.14067485935124
astar,1.726726595643244,183.92913303383799,313.19770315835564
astar,1.7650982977686496,183.95763870383976,320.25592396885327
astar,1.803469999894055,183.9812560397545,327.31514480357936
astar,1.8418417020194604,184.00024688779388,334.3751831125768
astar,1.8802134041448657,184.01487709285482,341.4358664700916
astar,1.9185851062702712,184.025414850134,348.4970326963834
astar,1.9569568083956768,184.03212915408105,355.5585299181525
astar,1.995328510521082,184.03528834605214,362.62021657134363
astar,2.0337002126464876,184.03515876161953,369.68196135013386
astar,2.072071914771893,184.03200347808223,376.7436431059364
astar,2.1104436168972986,184.02608116232634,383.80515070027093
astar,2.148815319022704,184.01764501879512,390.8663828153441
astar,2.1871870211481093,184.00694183694765,397.927247726171
astar,2.2255587232735143,183.99421113721937,404.9876630380362
astar,2.26393042539892,183.9796844141425,412.04755539304716
astar,2.3023021275243254,183.96358447494447,419.1068601494772
astar,2.340673829649731,183.94612487161606,426.1655210375226
astar,2.3790455317751364,183.92750942413338,433.223489795016
astar,2.417417233900542,183.9079318322221,440.280725786544
astar,2.455788936025947,183.88757537278138,447.33719560931036
astar,2.4941606381513526,183.86661267982333,454.39287268897283
astar,2.532532340276758,183.84520560354952,461.44773686855325
astar,2.5709040424021636,183.82350514496557,468.5017739933902
astar,2.609275744527569,183.80165146223405,475.55497549495874
astar,2.6476474466529747,183.7797739447895,482.60733797623385
astar,2.6860191487783798,183.75799135107738,489.65886280111886
astar,2.724390850903785,183.7364120056415,496.7095556902976
astar,2.7627625530291904,183.71513405116463,503.7594263257033
astar,2.801134255154596,183.69424575096937,510.8084879656271
astar,2.8395059572800014,183.67382583740857,517.856757072314
astar,2.877877659405407,183.65394390151604,524.9042529537198
astar,2.9162493615308125,183.63466081925012,531.9509974209203
astar,2.9546210636562176,183.61602920964646,538.9970144624895
astar,2.992992765781623,183.59809392019326,546.0423299369795
astar,3.0313644679070286,183.5808925347678,553.0869712844585
astar,3.069736170032434,183.5644558995059,560.1309672578826
astar,3.1081078721578397,183.5488086620366,567.174347674903
astar,3.146479574283245,183.53396981958633,574.2171431905344
astar,3.1848512764086507,183.51995327154802,581.2593850909417
astar,3.2232229785340554,183.5067683722191,588.3011051084309
astar,3.261594680659461,183.49442047953286,595.3423352575754
astar,3.2999663827848664,183.48291149574885,602.3831076922412
astar,3.338338084910272,183.47224039621656,609.423454583132
astar,3.3767097870356775,183.4624037424967,616.4634080153231
astar,3.415081489161083,183.45339617629912,623.5029999051176
astar,3.453453191286488,183.44521089088965,630.5422619354217
astar,3.4918248934118936,183.43784007682052,637.5812255087181
astar,3.530196595537299,183.43127533904973,644.6199217165926
astar,3.5685682976627047,183.4255080827389,651.6583813246652
astar,3.60693999978811,183.4205298652494,658.696634771678
astar,3.6453117019135157,183.41633271209653,665.734712181396
astar,3.683683404038921,183.41290939486782,672.7726433859043
astar,3.722055106164326,183.41025366936333,679.8104579588041
astar,3.7604268082897314,183.40836047247706,686.8481852567566
astar,3.798798510415137,183.40722607659796,693.8858544677651
astar,3.8371702125405425,183.40684820058013,700.9234946645502
astar,3.875541914665948,183.40722607659796,707.9611348613353
astar,3.9139136167913535,183.40836047247706,714.9988040723438
astar,3.952285318916759,183.41025366936333,722.0365313702962
astar,3.990657021042164,183.4129093948678,729.074345943196
astar,4.02902872316757,183.41633271209653,736.1122771477044
astar,4.067400425292975,183.4205298652494,743.1503545574225
astar,4.105772127418381,183.4255080827389,750.1886080044352
astar,4.144143829543786,183.43127533904973,757.2270676125079
astar,4.182515531669192,183.43784007682052,764.2657638203823
astar,4.220887233794597,183.44521089088963,771.3047273936787
astar,4.259258935920003,183.45339617629912,778.3439894239829
astar,4.297630638045408,183.46240374249675,785.3835813137773
astar,4.336002340170814,183.47224039621656,792.4235347459685
astar,4.3743740422962185,183.48291149574885,799.463881636859
astar,4.412745744421624,183.49442047953286,806.5046540715248
astar,4.451117446547029,183.5067683722191,813.5458842206692
astar,4.489489148672434,183.51995327154802,820.5876042381586
astar,4.52786085079784,183.53396981958633,827.6298461385659
astar,4.566232552923245,183.5488086620366,834.6726416541974
astar,4.604604255048651,183.5644558995059,841.7160220712177
astar,4.642975957174056,183.5808925347678,848.7600180446418
astar,4.681347659299462,183.59809392019326,855.8046593921208
astar,4.719719361424867,183.61602920964646,862.8499748666109
astar,4.758091063550273,183.63466081925017,869.8959919081801
astar,4.796462765675678,183.65394390151604,876.9427363753806
astar,4.834834467801084,183.67382583740854,883.9902322567864
astar,4.873206169926489,183.69424575096934,891.0385013634732
astar,4.911577872051894,183.71513405116463,898.0875630033969
astar,4.9499495741773,183.7364120056415,905.1374336388027
astar,4.988321276302705,183.75799135107738,912.1881265279815
astar,5.026692978428111,183.7797739447895,919.2396513528665
astar,5.065064680553516,183.80165146223402,926.2920138341417
astar,5.103436382678922,183.82350514496554,933.3452153357102
astar,5.141808084804327,183.84520560354952,940.3992524605472
astar,5.180179786929733,183.86661267982333,947.4541166401276
astar,5.218551489055138,183.88757537278147,954.5097937197901
astar,5.256923191180544,183.9079318322222,961.5662635425565
astar,5.295294893305949,183.92750942413338,968.6234995340845
astar,5.333666595431355,183.94612487161606,975.681468291578
astar,5.3720382975567595,183.96358447494447,982.7401291796232
astar,5.410409999682164,183.97968441414255,989.799433936053
astar,5.44878170180757,183.99421113721945,996.859326291064
astar,5.487153403932975,184.00694183694768,1003.9197416029293
astar,5.525525106058381,184.0176450187952,1010.9806065137564
astar,5.563896808183786,184.02608116232634,1018.0418386288295
astar,5.602268510309192,184.03200347808223,1025.103346223164
astar,5.640640212434597,184.03515876161953,1032.1650279789665
astar,5.679011914560003,184.03528834605214,1039.2267727577566
astar,5.717383616685408,184.03212915408105,1046.2884594109478
astar,5.755755318810814,184.025414850134,1053.3499566327168
astar,5.7941270209362195,184.01487709285482,1060.4111228590086
astar,5.832498723061625,184.00024688779388,1067.4718062165234
astar,5.8708704251870305,183.9812560397545,1074.531844525521
astar,5.909242127312435,183.95763870383976,1081.5910653602468
astar,5.947613829437841,183.92913303383799,1088.6492861707445
astar,5.985985531563246,183.8954829261641,1095.706314469749
astar,6.024357233688652,183.85643985715825,1102.7619480882925
astar,6.062728935814057,183.81176481112402,1109.8159755035495
astar,6.101100637939463,183.7612302960671,1116.8681762423475
astar,6.139472340064868,183.70462244368605,1123.9183213636416
astar,6.177844042190274,183.64174318975122,1130.96617402311
astar,6.216215744315679,183.5724125306113,1138.011490122877
astar,6.254587446441085,183.49647085117013,1145.0540190491924
astar,6.29295914856649,183.41378131930074,1152.0935045007138
astar,6.331330850691896,183.32423234129266,1159.1296854098375
astar,6.3697025528173015,183.22774007258425,1166.1622969593102
astar,6.408074254942705,183.12425097769864,1173.1910716961252
astar,6.446445957068111,183.0137444329951,1180.2157407444713
astar,6.484817659193516,182.8962353655658,1187.236035119243
astar,6.523189361318922,182.77177692134705,1194.2516871413743
astar,6.561561063444327,182.64046315529353,1201.2624319559734
astar,6.599932765569733,182.50243173626373,1208.268009153967
astar,6.638304467695138,182.35786665911132,1215.2681644976738
astar,6.676676169820544,182.20700095635306,1222.262651750438
astar,6.715047871945949,182.05011940170664,1229.2512346101566
astar,6.753419574071355,181.88756119775505,1236.2336887462434
astar,6.7917912761967605,181.71972264000917,1243.2098039392686
astar,6.830162978322166,181.5470597496987,1250.1793863222247
astar,6.8685346804475715,181.37009086774358,1257.1422607220713
astar,6.906906382572976,181.18939920252845,1264.098273099929
astar,6.945278084698382,181.00563532433924,1271.0472930880119
astar,6.983649786823787,180.81951959962433,1277.9892166211223
astar,7.022021488949193,180.63184455861025,1284.923968660273
astar,7.060393191074598,180.44347719024847,1291.8515060057641
astar,7.098764893200004,180.25536115899578,1298.7718201968225
astar,7.137136595325409,180.0685189385374,1305.684940494709
astar,7.175508297450815,179.88405385826886,1312.5909369460253
astar,7.21387999957622,179.70315205914778,1319.4899235228104
astar,7.252251701701626,179.52708435644092,1326.3820613358994
astar,7.2906234038270314,179.3572080079097,1333.2675619179454
astar,7.328995105952437,179.19496838713462,1340.1466905724687
astar,7.367366808077842,179.04190056296395,1347.019769785314
astar,7.405738510203247,178.89963078751472,1353.88718269496
astar,7.444110212328652,178.76987789676528,1360.7493766182465
astar,7.482481914454057,178.65445462956663,1367.6068666282827
astar,7.520853616579463,178.5552688729004,1374.4602391815502
astar,7.559225318704868,178.47432484342937,1381.3101557915688
astar,7.597597020830274,178.41372421785962,1388.1573567469172
astar,7.635968722955679,178.3756672273762,1395.002664871938
astar,7.674340425081085,178.36245373446835,1401.8469893291003
astar,7.7222489316326355,178.37115401570082,1410.392276521129
astar,7.770157438184187,178.39621266998287,1418.9383723832493
astar,7.8180659447357375,178.4361165910764,1427.4860243753535
astar,7.865974451287289,178.4894189223168,1436.0359090536333
astar,7.913882957838839,178.55473831398857,1444.5886352267075
astar,7.961791464390391,178.63075824399263,1453.1447470776911
astar,8.009699970941941,178.71622637366963,1461.7047272545572
astar,8.057608477493492,178.80995391420328,1470.2689999298934
astar,8.105516984045044,178.91081498231912,1478.837933830046
astar,8.153425490596595,179.01774592704385,1487.4118452327027
astar,8.201333997148145,179.12974461210072,1495.9910009311607
astar,8.249242503699696,179.24586964111558,1504.5756211628438
astar,8.297151010251246,179.3652395151896,1513.1658824990807
astar,8.345059516802799,179.48703171459366,1521.7619206927063
astar,8.39296802335435,179.61048169834396,1530.363833479701
astar,8.4408765299059,179.73488181725347,1538.9716833308291
astar,8.48878503645745,179.85958013772967,1547.585500149065
astar,8.536693543009003,179.98397917510073,1556.2052839085013
astar,8.584602049560553,180.10753453662608,1564.8310072304093
astar,8.632510556112104,180.22975347557977,1573.4626178921596
astar,8.680419062663654,180.35019335889768,1582.1000412647984
astar,8.728327569215207,180.46846005185836,1590.743182675224
astar,8.776236075766757,180.58420622413263,1599.391929689093
astar,8.824144582318308,180.69712958229047,1608.0461543108106
astar,8.872053088869858,180.80697103450257,1616.7057150972166
astar,8.919961595421409,180.9135127937315,1625.3704591818741
astar,8.967870101972961,181.01657642616635,1634.0402242071718
astar,9.015778608524512,181.1160208520309,1642.714840161788
astar,9.063687115076062,181.21174030619372,1651.3941311214169
astar,9.111595621627613,181.30366226622436,1660.0779168910062
astar,9.159504128179165,181.39174535569313,1668.7660145471425
astar,9.207412634730716,181.4759772305916,1677.458239879578
astar,9.255321141282266,181.55637245677715,1686.154408731289
astar,9.303229647833817,181.63297038630645,1694.8543382368148
astar,9.351138154385367,181.70583304043876,1703.5578479590163
astar,9.39904666093692,181.7750430069524,1712.2647609247565
astar,9.44695516748847,181.8407013592393,1720.9749045603637
astar,9.49486367404002,181.90292560442282,1729.6881115281003
astar,9.542772180591571,181.9618476674846,1738.404220465188
astar,9.590680687143124,182.01761191810004,1747.1230766272813
astar,9.638589193694674,182.07037324656,1755.8445324385823
astar,9.686497700246225,182.1202951948119,1764.5684479511008
astar,9.734406206797775,182.16754814828394,1773.2946912158272
astar,9.782314713349326,182.21230759377008,1782.0231385688628
astar,9.830223219900878,182.2547524482455,1790.7536748357868
astar,9.878131726452429,182.29506346306547,1799.4861934577636
astar,9.92604023300398,182.33342170756976,1808.2205965431033
astar,9.97394873955553,182.37000713567602,1816.956794848158
astar,10.021857246107082,182.40499723860052,1825.694707691612
astar,10.069765752658633,182.43856578639853,1834.4342628063491
astar,10.117674259210183,182.47088166056392,1843.175396133217
astar,10.165582765761734,182.50210777948132,1851.9180515610806
astar,10.213491272313284,182.53240011807893,1860.6621806176568
astar,10.261399778864837,182.56190682258642,1869.4077421156574
astar,10.309308285416387,182.59076742087174,1878.1547017588118
astar,10.357216791967938,182.61911212840226,1886.9030317123504
astar,10.40512529851949,182.64706124946147,1895.6527101425174
astar,10.45303380507104,182.6747246728479,1904.403720729659
astar,10.500942311622591,182.70220146089156,1913.1560521593908
astar,10.548850818174142,182.7295795302453,1921.9096975962702
astar,10.596759324725692,182.7569354225497,1930.66465414433
astar,10.644667831277243,182.78433416271974,1939.420922298724
astar,10.692576337828795,182.81182920227874,1948.1785053926212
astar,10.740484844380346,182.83946244485134,1956.937409043351
astar,10.788393350931896,182.8672643506397,1965.697640601665
astar,10.836301857483448,182.89525411643362,1974.459208607811
astar,10.884210364034999,182.92343992745603,1983.2221222579517
astar,10.93211887058655,182.95181927711639,1991.9863908842779
astar,10.9800273771381,182.98037935053284,2000.752023451966
astar,11.02793588368965,183.00909746750088,2009.5190280759336
astar,11.075844390241201,183.0379415804175,2018.287411560135
astar,11.123752896792753,183.0668708225296,2027.0571789619157
astar,11.171661403344304,183.09583610175073,2035.8283331837233
astar,11.219569909895855,183.12478073519608,2044.600874594246
astar,11.267478416447407,183.1536411195014,2053.374800680805
astar,11.315386922998957,183.18234743194418,2062.1501057345977
astar,11.363295429550508,183.2108243573446,2070.926780570153
astar,11.411203936102059,183.2389918357173,2079.704812280103
astar,11.459112442653609,183.26676582564838,2088.4841840261533
astar,11.50702094920516,183.2940590784076,2097.264874866882
astar,11.554929455756712,183.32078191784927,2106.0468596227647
astar,11.602837962308262,183.34684302122972,2114.8301087785826
astar,11.650746468859813,183.37215019615545,2123.614588423149
astar,11.698654975411365,183.3966111489841,2132.4002602260534
astar,11.746563481962916,183.4201342401255,2141.1870814508998
astar,11.794471988514466,183.44262922183276,2149.9750050043185
astar,11.842380495066017,183.46400795423338,2158.763979519797
astar,11.890289001617568,183.4841850955238,2167.553949475199
astar,11.938197508169118,183.50307876244227,2176.3448553426365
astar,11.98610601472067,183.52061115733852,2185.1366337691848
astar,12.034014521272221,183.5367091583772,2193.9292177867546
astar,12.081923027823773,183.55130486964055,2202.7225370492833
astar,12.129831534375324,183.56433612813967,2211.5165180952426
astar,12.177740040926874,183.575746964994,2220.3110846333448
astar,12.225648547478425,183.5854880183024,2229.1061578491813
astar,12.273557054029975,183.5935168954982,2237.9016567304334
astar,12.321465560581526,183.59979848326105,2246.697498408188
astar,12.369374067133077,183.60430520334165,2255.493598511801
astar,12.417282573684629,183.60701721294805,2264.2898715346932
astar,12.46519108023618,183.6079225486361,2273.086231208391
astar,12.51309958678773,183.60701721294805,2281.8825908820886
astar,12.561008093339282,183.60430520334165,2290.678863904981
astar,12.608916599890833,183.59979848326105,2299.474964008594
astar,12.656825106442383,183.5935168954982,2308.2708056863485
astar,12.704733612993934,183.5854880183024,2317.0663045676006
astar,12.752642119545484,183.575746964994,2325.861377783437
astar,12.800550626097035,183.56433612813964,2334.655944321539
astar,12.848459132648587,183.55130486964055,2343.449925367499
astar,12.896367639200138,183.5367091583772,2352.243244630027
astar,12.94427614575169,183.5206111573385,2361.0358286475976
astar,12.99218465230324,183.50307876244227,2369.827607074146
astar,13.040093158854791,183.4841850955238,2378.6185129415835
astar,13.088001665406342,183.46400795423338,2387.4084828969853
astar,13.135910171957892,183.44262922183276,2396.197457412464
astar,13.183818678509443,183.4201342401255,2404.9853809658825
astar,13.231727185060993,183.3966111489841,2413.772202190729
astar,13.279635691612544,183.37215019615545,2422.5578739936327
astar,13.327544198164096,183.34684302122966,2431.3423536381997
astar,13.375452704715647,183.32078191784927,2440.1256027940176
astar,13.4233612112672,183.2940590784076,2448.9075875499
astar,13.47126971781875,183.26676582564838,2457.688278390629
astar,13.5191782243703,183.2389918357173,2466.4676501366794
astar,13.56708673092185,183.21082435734462,2475.2456818466294
astar,13.614995237473401,183.18234743194418,2484.0223566821846
astar,13.662903744024952,183.1536411195014,2492.7976617359773
astar,13.710812250576504,183.12478073519605,2501.5715878225365
astar,13.758720757128055,183.09583610175073,2510.3441292330594
astar,13.806629263679607,183.0668708225296,2519.1152834548675
astar,13.854537770231158,183.0379415804175,2527.885050856648
astar,13.902446276782708,183.00909746750094,2536.6534343408493
astar,13.950354783334259,182.98037935053287,2545.420438964817
astar,13.99826328988581,182.95181927711633,2554.186071532505
astar,14.04617179643736,182.92343992745603,2562.9503401588313
astar,14.094080302988912,182.89525411643368,2571.7132538089722
astar,14.141988809540463,182.86726435063974,2580.474821815118
astar,14.189897316092015,182.83946244485134,2589.2350533734325
astar,14.237805822643566,182.81182920227872,2597.9939570241622
astar,14.285714329195116,182.78433416271974,2606.751540118059
astar,14.333622835746667,182.7569354225497,2615.507808272453
astar,14.381531342298217,182.7295795302453,2624.2627648205125
astar,14.429439848849768,182.70220146089156,2633.0164102573917
astar,14.477348355401318,182.67472467284804,2641.7687416871236
astar,14.525256861952869,182.64706124946147,2650.519752274265
astar,14.573165368504421,182.61911212840226,2659.269430704432
astar,14.621073875055972,182.59076742087174,2668.017760657971
astar,14.668982381607524,182.5619068225864,2676.7647203011256
astar,14.716890888159075,182.53240011807893,2685.510281799126
astar,14.764799394710625,182.50210777948132,2694.254410855702
astar,14.812707901262176,182.47088166056392,2702.997066283566
astar,14.860616407813726,182.43856578639853,2711.7381996104336
astar,14.908524914365277,182.40499723860052,2720.4777547251706
astar,14.956433420916827,182.37000713567602,2729.215667568624
astar,15.00434192746838,182.3334217075698,2737.9518658736793
astar,15.05225043401993,182.29506346306547,2746.686268959019
astar,15.100158940571482,182.2547524482455,2755.418787580996
astar,15.148067447123033,182.21230759377008,2764.1493238479197
astar,15.195975953674584,182.16754814828394,2772.8777712009555
astar,15.243884460226134,182.12029519481192,2781.6040144656818
astar,15.291792966777685,182.07037324656,2790.3279299782002
astar,15.339701473329235,182.01761191810004,2799.0493857895012
astar,15.387609979880787,181.9618476674846,2807.7682419515945
astar,15.435518486432338,181.90292560442282,2816.4843508886825
astar,15.48342699298389,181.84070135923938,2825.1975578564193
astar,15.531335499535441,181.7750430069524,2833.9077014920267
astar,15.579244006086991,181.70583304043876,2842.6146144577665
astar,15.627152512638542,181.63297038630645,2851.318124179968
astar,15.675061019190093,181.55637245677715,2860.0180536854937
astar,15.722969525741643,181.4759772305916,2868.714222537205
astar,15.770878032293194,181.39174535569313,2877.4064478696405
astar,15.818786538844744,181.30366226622436,2886.0945455257765
astar,15.866695045396295,181.21174030619372,2894.7783312953657
astar,15.914603551947849,181.1160208520309,2903.457622254995
astar,15.9625120584994,181.01657642616635,2912.1322382096114
astar,16.01042056505095,180.9135127937315,2920.8020032349086
astar,16.0583290716025,180.80697103450257,2929.466747319566
astar,16.10623757815405,180.69712958229047,2938.126308105972
astar,16.1541460847056,180.58420622413263,2946.780532727689
astar,16.202054591257152,180.46846005185836,2955.4292797415583
astar,16.249963097808703,180.35019335889766,2964.0724211519837
astar,16.297871604360257,180.22975347557977,2972.709844524623
astar,16.345780110911807,180.10753453662602,2981.3414551863734
astar,16.393688617463358,179.98397917510073,2989.9671785082814
astar,16.44159712401491,179.85958013772967,2998.5869622677174
astar,16.48950563056646,179.73488181725347,3007.200779085953
astar,16.53741413711801,179.61048169834396,3015.8086289370813
astar,16.58532264366956,179.48703171459366,3024.4105417240758
astar,16.63323115022111,179.3652395151896,3033.0065799177014
astar,16.681139656772665,179.24586964111558,3041.5968412539387
astar,16.729048163324215,179.12974461210072,3050.1814614856216
astar,16.776956669875766,179.0177459270438,3058.76061718408
astar,16.824865176427316,178.91081498231912,3067.3345285867363
astar,16.872773682978867,178.80995391420328,3075.9034624868887
astar,16.920682189530417,178.71622637366963,3084.467735162225
astar,16.968590696081968,178.63075824399263,3093.027715339091
astar,17.01649920263352,178.55473831398857,3101.5838271900748
astar,17.06440770918507,178.4894189223168,3110.136553363149
astar,17.11231621573662,178.4361165910764,3118.686438041428
astar,17.160224722288174,178.39621266998287,3127.234090033533
astar,17.208133228839724,178.37115401570082,3135.780185895653
astar,17.256041735391275,178.36245373446835,3144.325473087682
astar,17.290362429137186,178.3756672272871,3150.447222986192
astar,17.324683122883098,178.41372421232612,3156.5698527038867
astar,17.35900381662901,178.47432478228555,3162.6941754194468
astar,17.39332451037492,178.55526853968587,3168.820927084762
astar,17.427645204120836,178.6544533968727,3174.950769819586
astar,17.461965897866747,178.7698743277743,3181.084295264174
astar,17.49628659161266,178.89962206263064,3187.222027888109
astar,17.53060728535857,179.04188171888717,3193.3644282532273
astar,17.564927979104482,179.19493136317791,3199.5118962283777
astar,17.599248672850393,179.35714050085258,3205.6647741535817
astar,17.633569366596305,179.52696849084327,3211.8233499510707
astar,17.667890060342216,179.70296288484496,3217.9878601806254
astar,17.702210754088128,179.88375769082077,3224.1584930366125
astar,17.73653144783404,180.06807156174688,3230.3353912841417
astar,17.770852141579955,180.25470591131108,3236.518655131807
astar,17.805172835325866,180.44254295896863,3242.7083450385417
astar,17.839493529071778,180.63054370736546,3248.9044844522246
astar,17.87381422281769,180.81774585566782,3255.1070624777626
astar,17.9081349165636,181.00326165278588,3261.31603647253
astar,17.942455610309512,181.18627569487225,3267.531334567171
astar,17.976776304055424,181.36604267180812,3273.7528581099377
astar,18.011096997801335,181.5418850676656,3279.9804840328925
astar,18.045417691547247,181.71319082036572,3286.214067138493
astar,18.079738385293158,181.8794109459362,3292.4534423052432
astar,18.114059079039073,182.04005713291522,3298.6984266112986
astar,18.148379772784985,182.19469931255097,3304.948821375089
astar,18.182700466530896,182.34296321051642,3311.2044141122415
astar,18.217021160276808,182.48452788588966,3317.464980408246
astar,18.25134185402272,182.61912326315544,3323.730285706546
astar,18.28566254776863,182.7465276629531,3330.0000870119015
astar,18.319983241514542,182.86656533724206,3336.274134509079
astar,18.354303935260454,182.97910401447203,3342.552173097123
astar,18.388624629006365,183.0840524602411,3348.8339438396383
astar,18.422945322752277,183.18135805879115,3355.1191853317105
astar,18.457266016498192,183.27100442054183,3361.4076349842708
astar,18.491586710244103,183.35300902069199,3367.6990302268773
astar,18.525907403990015,183.42742087372676,3373.9931096300775
astar,18.560228097735926,183.49431824846334,3380.2896139486425
astar,18.594548791481838,183.553806428046,3386.588287087159
astar,18.62886948522775,183.60601551906498,3392.8888769895843
astar,18.66319017897366,183.6510983137259,3399.191136454516
astar,18.697510872719572,183.68922820873811,3405.494823878066
astar,18.731831566465484,183.72059718432143,3411.799703926343
astar,18.7661522602114,183.74541384645389,3418.1055481396534
astar,18.80047295395731,183.7639015352028,3424.412135470645
astar,18.834793647703222,183.77629650169197,3430.719252758713
astar,18.869114341449134,183.7828461559657,3437.026695143045
astar,18.903435035195045,183.7838073877201,3443.3342664167862
astar,18.937755728940957,183.77944496157383,3449.641779324852
astar,18.972076422686868,183.77002998825816,3455.9490558079638
astar,19.00639711643278,183.75583847281334,3462.25592719554
astar,19.04071781017869,183.73714994058713,3468.562234350093
astar,19.075038503924603,183.71424614154628,3474.8678277658146
astar,19.109359197670518,183.68740983312972,3481.172567624039
astar,19.14367989141643,183.6569236415967,3487.47632380828
astar,19.17800058516234,183.62306900155554,3493.7789758815334
astar,19.212321278908252,183.5861251730968,3500.080413028509
astar,19.246641972654164,183.54636833570373,3506.380533965453
astar,19.280962666400075,183.50407075786984,3512.6792468201697
astar,19.315283360145987,183.45950004112126,3518.976468984819
astar,19.3496040538919,183.41291843692062,3525.272126944022
astar,19.38392474763781,183.36458223471857,3531.5661560807434
astar,19.418245441383725,183.3147412192217,3537.8585004623546
astar,19.452566135129636,183.26363819476023,3544.1491126092246
astar,19.486886828875548,183.21150857446563,3550.437953248102
astar,19.52120752262146,183.15858003181043,3556.7249910524615
astar,19.55552821636737,183.10507221191628,3563.0102023719196
astar,19.589848910113282,183.0511964999036,3569.2935709527214
astar,19.624169603859194,182.997155843439,3575.575087651207
astar,19.658490297605105,182.9431446265344,3581.8547501420653
astar,19.692810991351017,182.8893485915586,3588.132562623086
astar,19.72713168509693,182.8359448063495,3594.4085355180077
astar,19.76145237884284,182.7831016732533,3600.682685178957
astar,19.795773072588755,182.73097897686787,3606.955033589863
astar,19.830093766334667,182.67972796723612,3613.225608072116
astar,19.864414460080578,182.62949147521394,3619.494440993637
astar,19.89873515382649,182.58040405673174,3625.7615694824012
astar,19.9330558475724,182.5325921626739,3632.0270351453505
astar,19.967376541318313,182.48617433112295,3638.2908837935224
astar,20.001697235064224,182.44126139874396,3644.5531651741053
astar,20.036017928810136,182.39795672813187,3650.8139327100203
astar,20.07033862255605,182.35635644799947,3657.07324324753
astar,20.104659316301962,182.31654970315057,3663.3311568122526
astar,20.138980010047874,182.27861891126352,3669.5877363738796
astar,20.173300703793785,182.24264002359655,3675.843047619768
astar,20.207621397539697,182.2086827868274,3682.0971587375025
astar,20.24194209128561,182.1768110033459,3688.3501402064153
astar,20.27626278503152,182.1470827874387,3694.602064597971
astar,20.31058347877743,182.11955081492727,3700.8530063848316
astar,20.344904172523343,182.09426256395642,3707.103041758335
astar,20.379224866269254,182.07126054477115,3713.352248454052
astar,20.413545560015166,182.0505825164672,3719.600705585003
astar,20.44786625376108,182.03226168885524,3725.8484934820594
astar,20.482186947506992,182.01632690773704,3732.0956935409868
astar,20.516507641252904,182.0028028220601,3738.3423880755417
astar,20.550828334998815,181.9917100315836,3744.588660175963
astar,20.585149028744727,181.9830652138645,3750.834593572181
astar,20.61946972249064,181.97688122954952,3757.080272501012
astar,20.65379041623655,181.97316720513766,3763.3257815765805
astar,20.68811110998246,181.97192859256424,3769.57120566318
astar,20.722431803728373,181.97316720513766,3775.8166297497796
astar,20.756752497474288,181.97688122954952,3782.0621388253485
astar,20.7910731912202,181.9830652138645,3788.3078177541797
astar,20.82539388496611,181.99171003158355,3794.5537511503976
astar,20.859714578712023,182.0028028220601,3800.800023250819
astar,20.894035272457934,182.01632690773704,3807.046717785374
astar,20.928355966203846,182.03226168885524,3813.293917844301
astar,20.962676659949757,182.0505825164672,3819.541705741357
astar,20.99699735369567,182.07126054477115,3825.790162872308
astar,21.03131804744158,182.09426256395642,3832.039369568025
astar,21.06563874118749,182.11955081492732,3838.2894049415286
astar,21.099959434933407,182.1470827874387,3844.5403467283895
astar,21.13428012867932,182.1768110033459,3850.7922711199453
astar,21.16860082242523,182.2086827868274,3857.045252588858
astar,21.20292151617114,182.24264002359655,3863.2993637065924
astar,21.237242209917053,182.27861891126355,3869.554674952481
astar,21.271562903662964,182.31654970315057,3875.811254514108
astar,21.305883597408876,182.35635644799947,3882.0691680788304
astar,21.340204291154787,182.39795672813187,3888.3284786163395
astar,21.3745249849007,182.44126139874396,3894.5892461522544
astar,21.40884567864661,182.48617433112295,3900.8515275328373
astar,21.443166372392525,182.5325921626739,3907.11537618101
astar,21.477487066138437,182.58040405673174,3913.3808418439594
astar,21.51180775988435,182.62949147521397,3919.6479703327236
astar,21.54612845363026,182.67972796723612,3925.9168032542448
astar,21.58044914737617,182.73097897686787,3932.1873777364976
astar,21.614769841122083,182.7831016732533,3938.459726147403
astar,21.649090534867995,182.8359448063495,3944.7338758083524
astar,21.683411228613906,182.88934859155856,3951.009848703274
astar,21.717731922359818,182.94314462653443,3957.287661184295
astar,21.75205261610573,182.99715584343906,3963.567323675153
astar,21.78637330985164,183.0511964999036,3969.8488403736387
astar,21.820694003597556,183.10507221191628,3976.1322089544415
astar,21.855014697343467,183.15858003181043,3982.4174202738996
astar,21.88933539108938,183.21150857446563,3988.704458078259
astar,21.92365608483529,183.26363819476032,3994.9932987171364
astar,21.9579767785812,183.3147412192218,4001.2839108640064
astar,21.992297472327113,183.36458223471857,4007.5762552456167
astar,22.026618166073025,183.41291843692062,4013.870284382338
astar,22.06093885981894,183.45950004112126,4020.165942341542
astar,22.09525955356485,183.50407075786984,4026.4631645061913
astar,22.129580247310763,183.54636833570382,4032.761877360908
astar,22.163900941056674,183.5861251730968,4039.061998297852
astar,22.198221634802586,183.6230690015556,4045.3634354448277
astar,22.232542328548497,183.6569236415967,4051.666087518081
astar,22.26686302229441,183.68740983312972,4057.969843702322
astar,22.30118371604032,183.71424614154628,4064.274583560546
astar,22.335504409786232,183.73714994058713,4070.5801769762675
astar,22.369825103532143,183.75583847281334,4076.8864841308205
astar,22.404145797278055,183.77002998825816,4083.193355518397
astar,22.438466491023966,183.7794449615739,4089.5006320015086
astar,22.472787184769878,183.7838073877201,4095.8081449095744
astar,22.507107878515793,183.7828461559657,4102.115716183316
astar,22.541428572261704,183.77629650169197,4108.423158567648
astar,22.575749266007616,183.7639015352028,4114.730275855716
astar,22.610069959753528,183.74541384645389,4121.036863186708
astar,22.64439065349944,183.72059718432143,4127.342707400017
astar,22.67871134724535,183.68922820873817,4133.647587448294
astar,22.713032040991262,183.65109831372587,4139.951274871844
astar,22.747352734737177,183.60601551906498,4146.253534336776
astar,22.78167342848309,183.553806428046,4152.554124239201
astar,22.815994122229,183.49431824846337,4158.852797377718
astar,22.85031481597491,183.42742087372676,4165.149301696283
astar,22.884635509720823,183.35300902069199,4171.443381099483
astar,22.918956203466735,183.27100442054174,4177.73477634209
astar,22.953276897212646,183.1813580587911,4184.02322599465
astar,22.987597590958558,183.08405246024117,4190.308467486721
astar,23.02191828470447,182.97910401447203,4196.590238229236
astar,23.05623897845038,182.86656533724204,4202.86827681728
astar,23.090559672196292,182.7465276629531,4209.142324314458
astar,23.124880365942204,182.61912326315544,4215.412125619813
astar,23.159201059688115,182.48452788588966,4221.677430918114
astar,23.19352175343403,182.34296321051642,4227.937997214119
astar,23.227842447179942,182.19469931255097,4234.193589951271
astar,23.262163140925853,182.04005713291522,4240.443984715062
astar,23.296483834671765,181.8794109459362,4246.6889690211165
astar,23.330804528417676,181.71319082036572,4252.928344187867
astar,23.365125222163588,181.5418850676656,4259.161927293468
astar,23.399445915909503,181.36604267180806,4265.389553216423
astar,23.433766609655414,181.18627569487217,4271.61107675919
astar,23.468087303401326,181.00326165278582,4277.826374853831
astar,23.502407997147237,180.81774585566782,4284.035348848599
astar,23.53672869089315,180.63054370736546,4290.237926874137
astar,23.57104938463906,180.44254295896863,4296.43406628782
astar,23.605370078384972,180.2547059113112,4302.623756194555
astar,23.639690772130884,180.06807156174688,4308.80702004222
astar,23.674011465876795,179.8837576908208,4314.9839182897485
astar,23.708332159622707,179.70296288484496,4321.154551145735
astar,23.742652853368618,179.52696849084327,4327.31906137529
astar,23.77697354711453,179.35714050085258,4333.477637172779
astar,23.811294240860445,179.19493136317783,4339.630515097983
astar,23.845614934606353,179.04188171888717,4345.777983073133
astar,23.879935628352268,178.89962206263064,4351.920383438252
astar,23.91425632209818,178.7698743277743,4358.058116062187
astar,23.94857701584409,178.6544533968727,4364.191641506774
astar,23.982897709590002,178.55526853968587,4370.321484241598
astar,24.017218403335914,178.47432478228555,4376.448235906913
astar,24.051539097081825,178.41372421232612,4382.5725586224735
astar,24.08585979082774,178.3756672272871,4388.695188340169
astar,24.120180484573652,178.36245373446835,4394.816938238679
astar,24.22124358985941,178.66225508006497,4412.857951106948
astar,24.322306695145166,178.95657845575363,4430.928986019849
astar,24.423369800430923,179.2451853736508,4449.029477305567
astar,24.52443290571668,179.52785308627548,4467.1588359853495
astar,24.625496011002436,179.80437461495168,4485.316451365717
astar,24.726559116288193,180.0745588972127,4503.501692639549
astar,24.82762222157395,180.33823101840125,4521.713910506337
astar,24.928685326859707,180.59523249659134,4539.952438818521
astar,25.029748432145464,180.84542159363215,4558.2165962579575
astar,25.13081153743122,181.08867362854312,4576.50568804393
astar,25.231874642716978,181.3248812726895,4594.819007671914
astar,25.332937748002735,181.55395480914038,4613.155838680369
astar,25.43400085328849,181.77582234136796,4631.515456441175
astar,25.53506395857425,181.99042993900096,4649.897129967983
astar,25.636127063860005,182.1977417107012,4668.300123735614
astar,25.737190169145762,182.39773979639855,4686.723699502745
astar,25.83825327443152,182.59042427311076,4705.167118129451
astar,25.939316379717276,182.77581297038705,4723.629641380651
astar,26.040379485003033,182.95394119307397,4742.110533706229
astar,26.14144259028879,183.1248613505953,4760.609063988406
astar,26.242505695574547,183.28864249329118,4779.124507246955
astar,26.343568800860304,183.44536975757222,4797.656146292943
astar,26.444631906146064,183.59514372271914,4816.203273321942
astar,26.545695011431818,183.73807968311422,4834.765191437951
astar,26.646758116717578,183.87430684051898,4853.341216099745
astar,26.74782122200333,184.00396742173407,4871.930676481798
astar,26.848884327289092,184.1272157275914,4890.532916742594
astar,26.94994743257485,184.24421711974222,4909.147297193652
astar,27.051010537860606,184.35514695212427,4927.773195363381
astar,27.152073643146363,184.46018945432357,4946.410006950505
astar,27.25313674843212,184.55953657429984,4965.057146662581
astar,27.354199853717876,184.65338678811221,4983.714048935899
astar,27.455262959003633,184.74194388439034,5002.38016853381
astar,27.55632606428939,184.82541573132903,5021.0549810213215
astar,27.657389169575147,184.90401303396035,5039.737983114596
astar,27.758452274860904,184.97794808937712,5058.428692904751
astar,27.85951538014666,185.0474335474479,5077.126649956133
astar,27.960578485432418,185.11268118438406,5095.8314152799985
astar,28.061641590718175,185.17390069629846,5114.542571185254
astar,28.16270469600393,185.23129851963074,5133.25972100863
astar,28.26376780128969,185.28507668502257,5151.982488727332
astar,28.364830906575445,185.3354317108943,5170.71051845787
astar,28.465894011861202,185.3825535426261,5189.44347384537
astar,28.56695711714696,185.4266245428632,5208.181037348259
astar,28.668020222432716,185.46781853807235,5226.922909423754
astar,28.769083327718473,185.50629992605724,5245.66880762007
astar,28.87014643300423,185.54222284871423,5264.418465581725
astar,28.971209538289987,185.57573043386822,5283.171631974741
astar,29.072272643575744,185.60695410958206,5301.928069338874
astar,29.1733357488615,185.63601299387656,5320.68755287436
astar,29.274398854147258,185.6630133623427,5339.44986917093
astar,29.375461959433014,185.68804819566992,5358.214814887037
astar,29.47652506471877,185.711196808658,5376.982195387499
astar,29.577588170004528,185.73252456182615,5395.751823347799
astar,29.678651275290285,185.75208265628996,5414.5235173334595
astar,29.779714380576042,185.76990801213208,5433.297100362908
astar,29.8807774858618,185.7860232300679,5452.072398462247
astar,29.981840591147556,185.8004366357843,5470.84923922034
astar,30.082903696433313,185.81314240592576,5489.627450352495
astar,30.18396680171907,185.82412077430703,5508.406858280942
astar,30.285029907004827,185.83333831655673,5527.187286740111
astar,30.386093012290583,185.8407483110302,5545.968555414526
astar,30.48715611757634,185.84629117349226,5564.750478616914
astar,30.588219222862097,185.84989496273866,5583.532864013814
astar,30.689282328147854,185.85147595402316,5602.3155114057245
astar,30.790345433433615,185.85093927686725,5621.09821156845
astar,30.891408538719368,185.84817961356762,5639.880745161973
astar,30.99247164400513,185.84308195446667,5658.662881712797
astar,31.093534749290882,185.83552240583404,5677.44437867526
astar,31.194597854576642,185.82536904600227,5696.224980576958
astar,31.295660959862396,185.81248282522333,5715.0044182528745
astar,31.396724065148153,185.7967185045565,5733.782408172448
astar,31.49778717043391,185.77792562896505,5752.55865186324
astar,31.59885027571967,185.75594952968956,5771.332835434433
astar,31.699913381005423,185.73063235087872,5790.104629202853
astar,31.800976486291184,185.70181409539174,5808.873687423727
astar,31.902039591576937,185.66933368464876,5827.639648127819
astar,32.0031026968627,185.63303002738263,5846.402133066159
astar,32.10416580214845,185.59274309214894,5865.160747762941
astar,32.20522890743421,185.54831497847724,5883.9150816767715
astar,32.306292012719965,185.49959098158845,5902.664708469822
astar,32.407355118005725,185.44642064567498,5921.409186384031
astar,32.508418223291486,185.38865880082142,5940.148058722909
astar,32.60948132857724,185.32616657875369,5958.880854437071
astar,32.71054443386299,185.25881240273011,5977.6070888111335
astar,32.81160753914875,185.18647294702885,5996.326264249092
astar,32.912670644434506,185.10903406165127,6015.037871154922
astar,33.01373374972027,185.02639165803677,6033.741388904671
astar,33.11479685500602,184.9384525517808,6052.436286905873
astar,33.21585996029178,184.84513525855562,6071.1220257397845
astar,33.31692306557754,184.74637073965897,6089.798058381494
astar,33.417986170863294,184.64210309385393,6108.463831492684
astar,33.51904927614905,184.532290192408,6127.118786781431
astar,33.62011238143481,184.41690425450938,6145.762362423173
astar,33.72117548672057,184.29593236050053,6164.39399453669
astar,33.82223859200632,184.16937690065686,6183.0131187086945
astar,33.923301697292075,184.0372559575253,6201.619171560424
astar,34.024364802577836,183.89960362013255,6220.211592349428
astar,34.125427907863596,183.75647022867867,6238.789824599594
astar,34.22649101314935,183.6079225486361,6257.3533177523395
astar,34.3275541184351,183.45404387348907,6275.901528831797
astar,34.42861722372086,183.29493405565842,6294.433924116746
astar,34.529680329006624,183.13070946547774,6312.949980812036
astar,34.63074343429238,182.96150287839976,6331.4491887122385
astar,34.73180653957813,182.78746329092837,6349.931051850302
astar,34.83286964486389,182.60875566608814,6368.395090124038
astar,34.93393275014965,182.4255606095502,6386.840840893378
astar,35.034995855435405,182.23807397784486,6405.267860541474
astar,35.136058960721165,182.0465064203906,6423.675725992857
astar,35.23712206600692,181.85108285736564,6442.064036182062
astar,35.33818517129268,181.65204189573686,6460.432413466376
astar,35.43924827657843,181.44963518604106,6478.78050497655
astar,35.54031138186419,181.24412672278368,6497.10798389969
astar,35.641374487149946,181.03579209157945,6515.414550688715
astar,35.74243759243571,180.82491766641027,6533.6999341932415
astar,35.84350069772146,180.61179976060774,6551.963892706974
astar,35.94456380300721,180.39674373539563,6570.206214927171
astar,36.045626908292974,180.1800630700291,6588.426720822061
astar,36.146690013578734,179.9620783977658,6606.62526240256
astar,36.24775311886449,179.74311651207864,6624.8017243950635
astar,36.34881622415025,179.52350934767836,6642.956024812525
astar,36.449879329436,179.3035929410579,6661.088115421519
astar,36.55094243472176,179.0837063753938,6679.197982103468
astar,36.652005540007515,178.86419071474216,6697.2856451086855
astar,36.753068645293276,178.64538793255517,6715.351159202435
astar,36.85413175057903,178.4276398396027,6733.394613702655
astar,36.95519485586479,178.21128701643303,6751.416132409581
astar,37.05625796115054,177.99666775552316,6769.415873427952
astar,37.1573210664363,177.7841170182729,6787.3940288830745
astar,37.25838417172206,177.5739654119724,6805.35082453247
astar,37.35944727700782,177.36653819182942,6823.286519275416
astar,37.46051038229358,177.16215429307547,6841.201404563129
astar,37.56157348757933,176.9611253980791,6859.09580371291
astar,37.662636592865084,176.76375504328234,6876.970071130028
astar,37.763699698150845,176.57033777063896,6894.824591441579
astar,37.864762803436605,176.38115832807736,6912.659778547075
astar,37.96582590872236,176.19649092332568,6930.476074590924
astar,38.06688901400811,176.01659853523572,6948.27394886241
astar,38.16795211929387,175.84173228651312,6966.053896629165
astar,38.26901522457963,175.6721308815183,6983.816437910543
astar,38.370078329865386,175.50802011252568,7001.562116197631
astar,38.47114143515114,175.34961243754654,7019.29149712699
astar,38.5722045404369,175.19710663250558,7037.005167115468
astar,38.67326764572265,175.050687520234,7054.703731963748
astar,38.774330751008414,174.91052577839315,7072.387815436514
astar,38.87539385629417,174.77677782807882,7090.05805782725
astar,38.97645696157993,174.6495858044726,7107.715114515959
astar,39.07752006686569,174.52907761051193,7125.359654528083
astar,39.17858317215144,174.41536705413773,7142.992359103095
astar,39.279646277437195,174.30855406925645,7160.613920281172
astar,39.380709382722955,174.2087250201185,7178.22503951643
astar,39.481772488008716,174.11595308837013,7195.826426325084
astar,39.58283559329447,174.0302987415864,7213.41879697685
astar,39.68389869858022,173.95181028163407,7231.002873237736
astar,39.78496180386598,173.88052447075174,7248.579381172172
astar,39.88602490915174,173.81646723277385,7266.14905001221
astar,39.9870880144375,173.75965442645975,7283.71261110124
astar,40.08815111972326,173.7100926874329,7301.270796919334
astar,40.18921422500901,173.66778033478,7318.824340196927
astar,40.29027733029477,173.6327083379117,7336.373973123189
astar,40.391340435580524,173.60486133885746,7353.920426654895
astar,40.492403540866285,173.58421872473915,7371.464429931162
astar,40.59346664615204,173.57075574476937,7389.006709798805
astar,40.6945297514378,173.56444466573214,7406.547990452545
astar,40.79559285672356,173.56525595954633,7424.088993193598
astar,40.89665596200931,173.57315951617647,7441.630436309574
astar,40.997719067295066,173.58812587485195,7459.17303507788
astar,41.098782172580826,173.610127466291,7476.717501894103
astar,41.19984527786658,173.63913985838974,7494.264546526121
astar,41.30090838315233,173.67514299765534,7511.814876493884
astar,41.40197148843809,173.7181224385183,7529.369197574054
astar,41.503034593723854,173.7680705525702,7546.928214427857
astar,41.60409769900961,173.82498770974266,7564.492631349737
astar,41.70516080429536,173.88888342346897,7582.063153133564
astar,41.80622390958112,173.959777451965,7599.640486052346
astar,41.90728701486688,174.03770084793274,7617.225338946647
astar,42.00835012015264,174.12269694922819,7634.8184244161
astar,42.109413225438395,174.2148223033632,7652.420460107702
astar,42.21047633072415,174.31414751911996,7670.032170093854
astar,42.31153943600991,174.42075803906275,7687.654286332477
astar,42.41260254129567,174.53475482733836,7705.287550200908
astar,42.51366564658142,174.65625496786546,7722.9327140947935
astar,42.614728751867176,174.78539216884135,7740.590543082695
astar,42.71579185715294,174.9223171704324,7758.261816606794
astar,42.8168549624387,175.06719805359143,7775.947330219793
astar,42.91791806772445,175.22022044914186,7793.647897348002
astar,43.018981173010204,175.38158764761795,7811.364351070531
astar,43.120044278295964,175.55152061183932,7829.097545904673
astar,43.221107383581725,175.73025789584833,7846.848359587819
astar,43.32217048886748,175.91805547565053,7864.617694846729
astar,43.42323359415323,176.11518649918352,7882.406481145623
astar,43.52429669943899,176.3219409651051,7900.21567640539
astar,43.62535980472475,176.5386253423455,7918.046268687352
astar,43.726422910010506,176.76556214492092,7935.899277836314
astar,43.82748601529626,177.00308947926862,7953.775757079261
astar,43.92854912058202,177.25156058433467,7971.676794577935
astar,44.02961222586778,177.51134338785386,7989.603514935747
astar,44.13067533115353,177.78282010569623,8007.557080662028
astar,44.23173843643929,178.06638691483934,8025.538693599512
astar,44.33280154172505,178.36245373446835,8043.549596324223
astar,44.39752237009583,178.54880468669802,8055.099392474161
astar,44.46224319846661,178.73857252214097,8066.66135998385
astar,44.52696402683739,178.93098181865315,8078.235694903822
astar,44.591684855208165,179.12529524798904,8089.822544331377
astar,44.656405683578946,179.32081312532955,8101.422008861478
astar,44.72112651194973,179.5168730694316,8113.034145012068
astar,44.78584734032051,179.71284974040964,8124.658967629897
astar,44.85056816869129,179.90815462594526,8136.296452280959
astar,44.91528899706207,180.10223585024886,8147.946537627813
astar,44.98000982543285,180.2945779833902,8159.609127794564
astar,45.04473065380363,180.48470183168712,8171.284094718887
astar,45.10945148217441,180.67216419268897,8182.9712804893325
astar,45.17417231054519,180.85655756093675,8194.670499665195
astar,45.23889313891597,181.03750977312728,8206.381541575362
astar,45.30361396728675,181.2146835835648,8218.10417259195
astar,45.36833479565753,181.387776162857,8229.838138373985
astar,45.43305562402831,181.55651851471544,8241.583166075976
astar,45.497776452399094,181.72067480745795,8253.338966515988
astar,45.562497280769875,181.88004161838964,8265.105236297633
astar,45.62721810914066,182.03444709067074,8276.881659880322
astar,45.69193893751143,182.18375000356878,8288.667911592147
astar,45.75665976588221,182.32783875814596,8300.46365757985
astar,45.82138059425299,182.46663028145892,8312.268557690511
astar,45.886101422623774,182.6000688532522,8324.082267279804
astar,45.950822250994555,182.72812485991872,8335.904438941963
astar,46.01554307936534,182.8507934811796,8347.734724156928
astar,46.08026390773612,182.96809331551756,8359.572774850507
astar,46.14498473610689,183.08006495088122,8371.418244863806
astar,46.20970556447767,183.1867694875692,8383.270791328607
astar,46.274426392848454,183.28828702051356,8395.130075945823
astar,46.339147221219235,183.38471508841047,8406.995766164668
astar,46.40386804959002,183.47616709729925,8418.867536260615
astar,46.4685888779608,183.56277072628185,8430.745068310753
astar,46.53330970633158,183.6446663230924,8442.628053065626
astar,46.59803053470236,183.72200529719316,8454.516190717166
astar,46.662751363073134,183.79494851798273,8466.409191562776
astar,46.727472191443916,183.8636647255578,8478.306776566164
astar,46.7921930198147,183.9283289612886,8490.208677815941
astar,46.85691384818548,183.98912102523641,8502.114638883537
astar,46.92163467655626,184.046223967178,8514.024415082355
astar,46.98635550492704,184.09982261770332,8525.937773630556
astar,47.05107633329782,184.15010216552355,8537.85449372028
astar,47.1157971616686,184.19724678677304,8549.774366496467
astar,47.18051799003938,184.2414383317091,8561.697194948822
astar,47.24523881841016,184.28285507382046,8573.622793720802
astar,47.30995964678094,184.32167052593644,8585.55098883982
astar,47.37468047515172,184.35805232750732,8597.481617373112
astar,47.4394013035225,184.3921612067866,8609.414527014033
astar,47.50412213189328,184.4241500211995,8621.349575603697
astar,47.568842960264064,184.45416287873627,8633.286630593147
astar,47.633563788634845,184.48233434275105,8645.225568451342
astar,47.69828461700562,184.50878872209657,8657.166274024452
astar,47.7630054453764,184.53363944807347,8669.10863985202
astar,47.82772627374718,184.55698853922345,8681.052565445634
astar,47.89244710211796,184.5789261545569,8692.997956535828
astar,47.957167930488744,184.59953023536835,8704.94472429293
astar,48.021888758859525,184.61886623537066,8716.892784527588
astar,48.086609587230306,184.6369869384641,8728.842056876674
astar,48.15133041560108,184.6539323630577,8740.792463980173
astar,48.21605124397186,184.6697297514673,8752.743930654664
astar,48.28077207234264,184.6843936425511,8764.696383068776
astar,48.345492900713424,184.69792602537984,8776.64974792599
astar,48.410213729084205,184.71031657140423,8788.60395165992
astar,48.474934557454986,184.72154294226237,8800.558919647061
astar,48.53965538582577,184.7315711700664,8812.514575441819
astar,48.60437621419655,184.74035610672843,8824.470840038372
astar,48.66909704256733,184.74784193862453,8836.427631163733
astar,48.73381787093811,184.75396276265576,8848.384862606115
astar,48.798538699308885,184.75864321954734,8860.342443582422
astar,48.863259527679666,184.7617991800316,8872.300278148441
astar,48.92798035605045,184.76333847938457,8884.258264655013
astar,48.99270118442123,184.76316169563862,8896.216295253154
astar,49.05742201279201,184.76116296665938,8908.174255450804
astar,49.12214284116279,184.75723084117405,8920.132023723545
astar,49.186863669533565,184.75124915875125,8932.089471181356
astar,49.25158449790435,184.74309795367364,8944.046461293075
astar,49.31630532627513,184.73265437760415,8956.002849669974
astar,49.38102615464591,184.71979363593167,8967.958483909499
astar,49.44574698301669,184.70438993268635,8979.913203499878
astar,49.51046781138747,184.68631741894134,8991.866839786011
astar,49.57518863975825,184.6654511396659,9003.819215996675
astar,49.639909468129034,184.64166797406327,9015.770147332809
astar,49.704630296499815,184.61484756451432,9027.71944111629
astar,49.76935112487059,184.58487322935613,9039.66689699831
astar,49.83407195324137,184.55163285485082,9051.612307226142
astar,49.89879278161215,184.51501976184593,9063.555456966833
astar,49.96351360998293,184.47493354278606,9075.496124686018
astar,50.028234438353714,184.43128086491924,9087.434082579817
astar,50.092955266724495,184.38397623573053,9099.369097057486
astar,50.157676095095276,184.33294272684864,9111.300929272276
astar,50.22239692346605,184.27811265289128,9123.229335697677
astar,50.28711775183683,184.21942820195454,9135.154068746038
astar,50.35183858020761,184.1568420146974,9147.07487742632
astar,50.416559408578394,184.09031770923298,9158.99150803758
astar,50.481280236949175,184.0198303493096,9170.9037048946
astar,50.546001065319956,183.94536685354072,9182.811211081893
astar,50.61072189369074,183.8669263437325,9194.713769232236
astar,50.67544272206152,183.78452043065008,9206.611122325712
astar,50.7401635504323,183.698173435866,9218.503014505195
astar,50.804884378803074,183.6079225486361,9230.38919190407
astar,50.869605207173855,183.51381791706004,9242.269403482002
astar,50.934326035544636,183.4159226730923,9254.143401864436
astar,50.99904686391542,183.31431289128463,9266.010944181606
astar,51.0637676922862,183.20907748145393,9277.8717929027
astar,51.12848852065698,183.1003180157798,9289.72571666099
astar,51.19320934902776,182.98814849115132,9301.57249106565
astar,51.257930177398535,182.87269502788578,9313.41189949614
astar,51.322651005769316,182.75409550625022,9325.2437338751
astar,51.3873718341401,182.63249914251253,9337.067795415724
astar,51.45209266251088,182.50806600654266,9348.883895339835
astar,51.51681349088166,182.38096648327033,9360.691855562913
astar,51.58153431925244,182.25138068058132,9372.491509342526
astar,51.64625514762322,182.1194977865033,9384.282701886816
astar,51.710975975994,181.98551537878845,9396.065290919822
astar,51.775696804364784,181.84963869024745,9407.8391472007
astar,51.84041763273556,181.71207983342038,9419.604154994078
astar,51.90513846110634,181.57305698839386,9431.360212489028
astar,51.96985928947712,181.43279355777588,9443.107232164422
astar,52.0345801178479,181.29151729303487,9454.845141098665
astar,52.09930094621868,181.14945939658028,9466.573881222099
astar,52.164021774589465,181.0068536041247,9478.293409510656
astar,52.228742602960246,180.86393525200458,9490.003698119634
astar,52.29346343133102,180.72094033426254,9501.704734456776
astar,52.3581842597018,180.57810455439423,9513.39652119416
astar,52.42290508807258,180.43566237675273,9525.079076218679
astar,52.48762591644336,180.29384608266042,9536.752432521318
astar,52.552346744814145,180.1528848363284,9548.416638025627
astar,52.617067573184926,180.01300376570268,9560.071755356237
astar,52.68178840155571,179.87442306335626,9571.71786154854
astar,52.74650922992649,179.73735711253082,9583.355047700978
astar,52.81123005829727,179.60201364338022,9594.983418571757
astar,52.87595088666805,179.46859292441178,9606.60309212209
astar,52.940671715038825,179.33728699402633,9618.214199008404
astar,53.005392543409606,179.2082789369502,9629.816882026265
astar,53.07011337178039,179.08174221022063,9641.41129550908
astar,53.13483420015117,178.9578400232265,9652.997604684919
astar,53.19955502852195,178.8367247761311,9664.575984995108
astar,53.26427585689273,178.71853756080128,9676.146621378497
astar,53.328996685263505,178.60340772814513,9687.709707525575
astar,53.393717513634286,178.49145252551733,9699.265445106857
astar,53.45843834200507,178.38277680758281,9710.814042980168
astar,53.52315917037585,178.27747282374682,9722.355716381702
astar,53.58787999874663,178.17562008495153,9733.890686105891
astar,53.65260082711741,178.07728531231442,9745.419177679296
astar,53.71732165548819,177.98252246974067,9756.941420533894
astar,53.78204248385897,177.89137288227946,9768.457647185254
astar,53.846763312229754,177.80386544161843,9779.968092421186
astar,53.91148414060053,177.72001689971626,9791.47299250655
astar,53.97620496897131,177.63983225116633,9802.97258440993
astar,54.04092579734209,177.563305204467,9814.467105057945
astar,54.10564662571287,177.49041874194026,9825.956790622917
astar,54.17036745408365,177.4211457676019,9837.44187584963
astar,54.235088282454434,177.35544984183872,9848.922593426834
astar,54.29980911082521,177.2932860012905,9860.399173409041
astar,54.36452993919599,177.23460166187922,9871.871842694094
astar,54.42925076756677,177.17933760246495,9883.340824561765
astar,54.49397159593755,177.12742902614724,9894.806338278553
astar,54.55869242430833,177.07880669577264,9906.268598773562
astar,54.623413252679114,177.03339813975404,9917.727816390141
astar,54.688134081049895,176.9911289238617,9929.184196717706
astar,54.75285490942068,176.9519239842103,9940.637940507853
astar,54.81757573779146,176.91570901623922,9952.089243678553
astar,54.88229656616224,176.88241191407954,9963.53829740987
astar,54.94701739453302,176.85196425430956,9974.98528833429
astar,55.011738222903794,176.8243028177353,9986.430398824283
astar,55.076459051274576,176.7993711424903,9997.873807379396
astar,55.14117987964536,176.7771211014402,10009.315689114626
astar,55.20590070801614,176.75751449659393,10020.75621635146
astar,55.27062153638691,176.7405246629876,10032.195559312386
astar,55.33534236475769,176.7261380743008,10043.633886919291
astar,55.400063193128474,176.71435594231184,10055.071367695558
astar,55.464784021499256,176.7051958021933,10066.508170771225
astar,55.52950484987004,176.69869307559208,10077.944466990039
astar,55.59422567824082,176.69490260345145,10089.380430116677
astar,55.6589465066116,176.693900140595,10100.816238141953
astar,55.72366733498238,176.69578380423712,10112.252074683252
astar,55.78838816335316,176.70067546879292,10123.688130476978
astar,55.85310899172394,176.70872209965603,10135.124604959303
astar,55.917829820094724,176.72009701898423,10146.561707931036
astar,55.9825506484655,176.7350010970065,10157.999661302007
astar,56.04727147683628,176.75366386292552,10169.43870090995
astar,56.11199230520706,176.77634453015662,10180.879078408514
astar,56.17671313357784,176.80333293142476,10192.321063218707
astar,56.24143396194862,176.83495036013002,10203.764944537832
astar,56.306154790319404,176.87155031541107,10215.211033399757
astar,56.37087561869018,176.91351914948058,10226.659664780247
astar,56.43559644706096,176.96127661709068,10238.111199741024
astar,56.50031727543174,177.01527632841737,10249.566027606257
astar,56.56503810380252,177.0760061082307,10261.024568165343
astar,56.6297589321733,177.1439882659645,10272.487273896038
astar,56.694479760544084,177.21977978321067,10283.954632202405
astar,56.759200588914865,177.30397242725095,10295.427167662494
astar,56.823921417285646,177.39719280152292,10306.905444281338
astar,56.88864224565643,177.50010234638407,10318.390067745599
astar,56.9533630740272,177.61339730622385,10329.88168767718
astar,57.01808390239798,177.73780868186586,10341.380999884232
astar,57.082804730768764,177.87410219032574,10352.888748609314
astar,57.147525559139545,178.02307825734783,10364.405728776013
astar,57.212246387510326,178.18557207174976,10375.932788237082
astar,57.27696721588111,178.36245373446835,10387.470830029155
astar,57.31981788682101,178.3733290625122,10395.114013849716
astar,57.36266855776092,178.40465204631133,10402.758101783265
astar,57.405519228700825,178.45453057141927,10410.403929486383
astar,57.448369899640724,178.52115493148548,10418.052253302898
astar,57.49122057058063,178.6027969070122,10425.703753775393
astar,57.534071241520536,178.69780887487912,10433.359039117888
astar,57.57692191246044,178.80462292418542,10441.018648650506
astar,57.61977258340035,178.92174995734507,10448.683056195943
astar,57.662623254340254,179.04777875848046,10456.3526734367
astar,57.70547392528015,179.1813750140038,10464.027853231391
astar,57.74832459622006,179.32128027288434,10471.708892887782
astar,57.791175267159964,179.46631083648123,10479.396037389757
astar,57.83402593809987,179.61535656999897,10487.089482575051
astar,57.876876609039776,179.76737962960465,10494.789378260237
astar,57.91972727997968,179.92141310105222,10502.495831309274
astar,57.96257795091958,180.07655954729628,10510.208908641767
astar,58.00542862185949,180.23198946406126,10517.928640177028
astar,58.04827929279939,180.3869396436679,10525.655021709976
astar,58.0911299637393,180.54071144862226,10533.38801771501
astar,58.133980634679205,180.69266899754376,10541.127564074013
astar,58.17683130561911,180.8422372669666,10548.873570724829
astar,58.219681976559016,180.98890011338835,10556.625924226677
astar,58.262532647498915,181.13219822067882,10564.38449023923
astar,58.30538331843882,181.27172697859896,10572.149115912252
astar,58.34823398937873,181.40713429872508,10579.91963218298
astar,58.39108466031863,181.53811837453173,10587.695855978733
astar,58.43393533125854,181.66442539275985,10595.477592322488
astar,58.476786002198445,181.78584720349687,10603.264636339509
astar,58.51963667313834,181.90221895662006,10611.056775163406
astar,58.56248734407825,182.01341671241147,10618.853789740377
astar,58.605338015018155,182.1193550342479,10626.655456530652
astar,58.64818868595806,182.2199845713027,10634.461549106602
astar,58.69103935689797,182.3152896391788,10642.271839647192
astar,58.73389002783787,182.40528580631644,10650.086100328906
astar,58.77674069877777,182.4900174939043,10657.904104613523
astar,58.81959136971768,182.56955559685724,10665.72562843351
astar,58.862442040657584,182.64399513322275,10673.550451276076
astar,58.90529271159749,182.71345292913733,10681.378357167257
astar,58.948143382537395,182.7780653461833,10689.209135557729
astar,58.9909940534773,182.83798605769218,10697.042582112255
astar,59.03384472441721,182.89338388021244,10704.87849940506
astar,59.076695395357106,182.9444406660065,10712.71669752356
astar,59.11954606629701,182.99134926206835,10720.55699458323
astar,59.16239673723692,183.03431154076029,10728.399217156542
astar,59.205247408176824,183.07353650676333,10736.243200619143
astar,59.24809807911673,183.1092384846158,10744.088789416652
astar,59.290948750056636,183.14163539068366,10751.935837255593
astar,59.333799420996534,183.17094709297706,10759.784207222168
astar,59.37665009193644,183.19739386177815,10767.633771832694
astar,59.419500762876346,183.22119491360974,10775.484413019634
astar,59.46235143381625,183.242567050626,10783.3360220573
astar,59.50520210475616,183.261723397065,10791.188499431319
astar,59.548052775696064,183.2788722339671,10799.04175465607
astar,59.59090344663596,183.29421593292517,10806.8957060443
astar,59.63375411757587,183.3079499892122,10814.750280433194
astar,59.676604788515775,183.3202621542096,10822.605412871117
astar,59.71945545945568,183.3313316666565,10830.461046269322
astar,59.76230613039559,183.34132858184313,10838.317131022806
astar,59.80515680133549,183.35041319749064,10846.17362460449
astar,59.84800747227539,183.35873557469048,10854.030491136833
astar,59.8908581432153,183.36643515192688,10861.887700944926
astar,59.9337088141552,183.373640449868,10869.74523009497
astar,59.97655948509511,183.3804688642932,10877.60305992201
astar,60.019410156035015,183.38702654422636,10885.461176550612
astar,60.06226082697492,183.3934083520605,10893.31957041208
astar,60.10511149791483,183.39969790220042,10901.178235761645
astar,60.147962168854725,183.40596767450725,10909.037170198904
astar,60.19081283979463,183.41227919860856,10916.89637419466
astar,60.23366351073454,183.41868330493904,10924.755850627065
astar,60.27651418167444,183.42522043819528,10932.615604329869
astar,60.31936485261435,183.43192102873667,10940.475641655346
astar,60.362215523554255,183.43880591732267,10948.335970054271
astar,60.405066194494154,183.445886828469,10956.19659767514
astar,60.44791686543406,183.45316688760948,10964.057532984614
astar,60.490767536373966,183.46064117718169,10971.91878441096
astar,60.53361820731387,183.46829732670489,10979.78036001204
astar,60.57646887825378,183.4761161318913,10987.642267169216
astar,60.61931954919368,183.48407219782453,10995.504512308298
astar,60.66217022013359,183.49213460125185,11003.36710064846
astar,60.70502089107349,183.5002675670725,11011.23003597984
astar,60.747871562013394,183.50843115415535,11019.093320470332
astar,60.7907222329533,183.51658194569282,11026.95695450186
astar,60.833572903893206,183.5246737393879,11034.820936536225
astar,60.87642357483311,183.53265823288288,11042.685263010437
astar,60.91927424577301,183.54048569995913,11050.549928261207
astar,60.962124916712916,183.54810565318732,11058.41492447814
astar,61.00497558765282,183.5554674888588,11066.280241684926
astar,61.04782625859273,183.56252111020868,11074.145867747715
astar,61.090676929532634,183.5692175251271,11082.011788409643
astar,61.13352760047254,183.57550941475571,11089.877987350355
astar,61.176378271412446,183.58135166958388,11097.744446269182
astar,61.219228942352345,183.5867018898832,11105.611144990542
astar,61.26207961329225,183.59152084755814,11113.478061589953
astar,61.30493028423216,183.59577290673667,11121.345172538942
astar,61.34778095517206,183.59942640068226,11129.21245286706
astar,61.39063162611197,183.602453962874,11137.079876339047
astar,61.433482297051874,183.60483281037332,11144.947415645174
astar,61.47633296799177,183.60654497787357,11152.81504260267
astar,61.51918363893168,183.60757750111546,11160.682728366086
astar,61.562034309871585,183.6079225486361,11168.550443644419
astar,61.60488498081149,183.60757750111546,11176.418158922752
astar,61.6477356517514,183.60654497787357,11184.285844686168
astar,61.6905863226913,183.60483281037332,11192.153471643665
astar,61.7334369936312,183.602453962874,11200.021010949793
astar,61.77628766457111,183.59942640068226,11207.88843442178
astar,61.81913833551101,183.59577290673667,11215.755714749897
astar,61.86198900645092,183.59152084755814,11223.622825698887
astar,61.904839677390825,183.5867018898832,11231.489742298298
astar,61.94769034833073,183.58135166958388,11239.35644101966
astar,61.99054101927064,183.5755094147557,11247.222899938486
astar,62.033391690210536,183.5692175251271,11255.089098879196
astar,62.07624236115044,183.56252111020868,11262.955019541125
astar,62.11909303209035,183.5554674888588,11270.820645603913
astar,62.16194370303025,183.54810565318732,11278.6859628107
astar,62.20479437397016,183.54048569995913,11286.550959027632
astar,62.24764504491006,183.53265823288282,11294.415624278403
astar,62.290495715849964,183.5246737393879,11302.279950752614
astar,62.33334638678987,183.5165819456928,11310.14393278698
astar,62.376197057729776,183.5084311541554,11318.007566818507
astar,62.41904772866968,183.5002675670725,11325.870851309
astar,62.46189839960959,183.49213460125185,11333.733786640381
astar,62.504749070549494,183.48407219782453,11341.596374980543
astar,62.54759974148939,183.47611613189136,11349.458620119623
astar,62.5904504124293,183.4682973267049,11357.3205272768
astar,62.633301083369204,183.46064117718169,11365.18210287788
astar,62.67615175430911,183.45316688760948,11373.043354304225
astar,62.719002425249016,183.44588682846899,11380.9042896137
astar,62.76185309618892,183.43880591732275,11388.764917234568
astar,62.80470376712883,183.43192102873667,11396.625245633493
astar,62.84755443806873,183.42522043819528,11404.485282958969
astar,62.89040510900863,183.41868330493907,11412.345036661773
astar,62.93325577994854,183.41227919860856,11420.204513094177
astar,62.976106450888444,183.40596767450725,11428.063717089934
astar,63.01895712182835,183.39969790220042,11435.922651527193
astar,63.061807792768256,183.3934083520605,11443.781316876757
astar,63.10465846370816,183.38702654422636,11451.639710738225
astar,63.14750913464806,183.3804688642932,11459.497827366826
astar,63.19035980558797,183.373640449868,11467.355657193866
astar,63.23321047652787,183.36643515192688,11475.21318634391
astar,63.27606114746778,183.35873557469048,11483.070396152003
astar,63.318911818407685,183.35041319749064,11490.927262684349
astar,63.36176248934758,183.3413285818432,11498.783756266032
astar,63.40461316028749,183.3313316666565,11506.639841019516
astar,63.447463831227395,183.32026215420962,11514.495474417721
astar,63.4903145021673,183.3079499892122,11522.350606855643
astar,63.53316517310721,183.29421593292517,11530.205181244537
astar,63.57601584404711,183.2788722339671,11538.059132632769
astar,63.61886651498702,183.261723397065,11545.91238785752
astar,63.66171718592692,183.242567050626,11553.764865231537
astar,63.704567856866824,183.22119491360974,11561.616474269202
astar,63.74741852780673,183.19739386177815,11569.467115456142
astar,63.790269198746635,183.17094709297706,11577.316680066668
astar,63.83311986968654,183.14163539068372,11585.165050033245
astar,63.87597054062645,183.1092384846157,11593.012097872186
astar,63.918821211566346,183.07353650676333,11600.857686669693
astar,63.96167188250625,183.03431154076029,11608.701670132294
astar,64.00452255344617,182.99134926206835,11616.543892705608
astar,64.04737322438606,182.94444066600659,11624.384189765278
astar,64.09022389532596,182.89338388021244,11632.222387883778
astar,64.13307456626588,182.83798605769218,11640.058305176584
astar,64.17592523720577,182.7780653461833,11647.891751731111
astar,64.21877590814569,182.7134529291374,11655.722530121584
astar,64.26162657908559,182.64399513322275,11663.550436012765
astar,64.30447725002549,182.5695555968573,11671.375258855329
astar,64.3473279209654,182.4900174939043,11679.196782675317
astar,64.3901785919053,182.40528580631644,11687.014786959933
astar,64.43302926284521,182.3152896391788,11694.829047641648
astar,64.47587993378511,182.2199845713027,11702.639338182238
astar,64.51873060472502,182.11935503424783,11710.44543075819
astar,64.56158127566492,182.01341671241147,11718.247097548463
astar,64.60443194660482,181.90221895662006,11726.044112125432
astar,64.64728261754473,181.78584720349687,11733.836250949333
astar,64.69013328848463,181.66442539275985,11741.623294966352
astar,64.73298395942454,181.53811837453173,11749.405031310107
astar,64.77583463036444,181.40713429872508,11757.181255105857
astar,64.81868530130436,181.27172697859896,11764.951771376585
astar,64.86153597224425,181.13219822067882,11772.716397049606
astar,64.90438664318415,180.98890011338835,11780.474963062159
astar,64.94723731412407,180.84223726696655,11788.227316564009
astar,64.99008798506397,180.69266899754376,11795.973323214823
astar,65.03293865600388,180.54071144862226,11803.712869573828
astar,65.07578932694378,180.3869396436679,11811.445865578862
astar,65.11863999788369,180.23198946406126,11819.172247111812
astar,65.16149066882359,180.07655954729628,11826.89197864707
astar,65.20434133976349,179.92141310105222,11834.605055979564
astar,65.2471920107034,179.76737962960462,11842.311509028603
astar,65.2900426816433,179.61535656999897,11850.011404713787
astar,65.33289335258321,179.46631083648123,11857.704849899083
astar,65.37574402352311,179.32128027288434,11865.391994401056
astar,65.41859469446302,179.1813750140038,11873.073034057448
astar,65.46144536540292,179.04777875848046,11880.748213852139
astar,65.50429603634282,178.92174995734507,11888.417831092895
astar,65.54714670728274,178.80462292418542,11896.082238638332
astar,65.58999737822263,178.69780887487912,11903.74184817095
astar,65.63284804916253,178.6027969070122,11911.397133513443
astar,65.67569872010245,178.52115493148548,11919.04863398594
astar,65.71854939104234,178.45453057141927,11926.696957802455
astar,65.76140006198226,178.40465204631133,11934.342785505574
astar,65.80425073292216,178.3733290625122,11941.986873439122
astar,65.84710140386207,178.36245373446835,11949.630057259685
astar,65.87835314609546,177.59615527824508,11955.192220606996
astar,65.90960488832884,176.87716351265533,11960.731175000728
astar,65.94085663056224,176.20313629044495,11966.248362259297
astar,65.97210837279563,175.57180943800313,11971.745152223333
astar,66.00336011502903,174.98099687454592,11977.22284519437
astar,66.0346118572624,174.42859065335873,11982.682674376018
astar,66.0658635994958,173.91256091247112,11988.125808315028
astar,66.0971153417292,173.43095572469375,11993.55335333922
astar,66.12836708396257,172.98190083926946,11998.966355989054
astar,66.15961882619597,172.56359930949478,12004.365805439333
astar,66.19087056842936,172.17433100255408,12009.752635907425
astar,66.22212231066274,171.81245198949705,12015.127729044303
astar,66.25337405289613,171.47639381479004,12020.49191630464
astar,66.28462579512953,171.16466264619442,12025.845981292188
astar,66.31587753736292,170.87583830688172,12031.190662076771
astar,66.3471292795963,170.60857319270556,12036.526653479223
astar,66.3783810218297,170.3615910784141,12041.854609320762
astar,66.40963276406309,170.13368581732655,12047.17514463338
astar,66.44088450629647,169.92371993961945,12052.488837828014
astar,66.47213624852986,169.73062315488008,12057.796232817434
astar,66.50338799076326,169.55339076500536,12063.097841090903
astar,66.53463973299665,169.39108199385348,12068.394143737949
astar,66.56589147523003,169.24281824030683,12073.68559341875
astar,66.59714321746343,169.1077812615869,12078.972616278823
astar,66.62839495969682,168.9852112937804,12084.255613805952
astar,66.6596467019302,168.87440511659457,12089.534964627515
astar,66.6908984441636,168.7747140693763,12094.811026246582
astar,66.72215018639699,168.6855420253918,12100.084136715326
astar,66.75340192863037,168.6063433312956,12105.354616244615
astar,66.78465367086376,168.53662071860904,12110.622768748759
astar,66.81590541309716,168.47592319389383,12115.888883324646
astar,66.84715715533055,168.42384391414004,12121.15323566472
astar,66.87840889756393,168.38001805370695,12126.416089403434
astar,66.90966063979732,168.34412066894475,12131.677697396995
astar,66.94091238203072,168.315864566405,12136.938302936433
astar,66.9721641242641,168.29499818030988,12142.19814089419
astar,67.00341586649749,168.28130346470226,12147.45743880463
astar,67.03466760873089,168.27459380543732,12152.716417878937
astar,67.06591935096428,168.27471195691052,12157.975293955193
astar,67.09717109319766,168.28152800814198,12163.234278384405
astar,67.12842283543105,168.29493738256048,12168.493578853513
astar,67.15967457766445,168.314858875544,12173.75340014646
astar,67.19092631989783,168.34123273349473,12179.01394484459
astar,67.22217806213122,168.37401877793508,12184.275413967734
astar,67.25342980436461,168.41319457783163,12189.538007557383
astar,67.284681546598,168.4587536730646,12194.80192520358
astar,67.31593328883139,168.51070385168225,12200.067366517123
astar,67.34718503106478,168.56906548329687,12205.334531548799
astar,67.37843677329818,168.6338699107062,12210.603621157437
astar,67.40968851553156,168.70515790154934,12215.874837328662
astar,67.44094025776495,168.78297816154392,12221.148383446198
astar,67.47219199999834,168.86738591058543,12226.424464517695
astar,67.50344374223172,168.95844152274069,12231.703287357057
astar,67.53469548446512,169.05620923091374,12236.985060725288
astar,67.56594722669851,169.16075589672627,12242.269995431854
astar,67.5971989689319,169.2721498459184,12247.558304398637
astar,67.62845071116529,169.39045976935182,12252.850202688527
astar,67.65970245339868,169.51575368948096,12258.145907500682
astar,67.69095419563207,169.64809799194674,12263.445638134499
astar,67.72220593786545,169.78755652175087,12268.74961592434
astar,67.75345768009885,169.93418974327778,12274.058064147017
astar,67.78470942233224,170.08805396324803,12279.371207903985
astar,67.81596116456562,170.24920061551876,12284.68927398024
astar,67.84721290679902,170.41767560648196,12290.012490681813
astar,67.87846464903241,170.59351871966118,12295.341087653704
astar,67.9097163912658,170.77676307796423,12300.675295680145
astar,67.94096813349918,170.9674346619166,12306.015346468905
astar,67.97221987573258,171.16555188207826,12311.361472421411
astar,68.00347161796597,171.3711252037359,12316.713906390296
astar,68.03472336019935,171.58415682185495,12322.072881426016
astar,68.06597510243274,171.80464038419058,12327.438630514076
astar,68.09722684466614,172.03256076036777,12332.811386304287
astar,68.12847858689952,172.2678938546708,12338.19138083352
astar,68.15973032913291,172.51060646022083,12343.578845243248
astar,68.1909820713663,172.76065615216325,12348.974009493128
astar,68.2222338135997,173.01799121744742,12354.37710207183
astar,68.25348555583308,173.2825506187432,12359.788349706203
astar,68.28473729806647,173.55426399001914,12365.207977069806
astar,68.31598904029987,173.83305166128568,12370.636206491748
astar,68.34724078253325,174.11882471000783,12376.073257666736
astar,68.37849252476664,174.4114850366894,12381.5193473671
astar,68.40974426700004,174.71092546214587,12386.974689157507
astar,68.44099600923343,175.01702984400245,12392.439493113026
astar,68.47224775146681,175.32967320998526,12397.913965541105
astar,68.5034994937002,175.6487219056091,12403.398308707927
astar,68.5347512359336,175.97403375391332,12408.89272056956
astar,68.56600297816698,176.30545822495102,12414.397394508274
astar,68.59725472040037,176.64283661279967,12419.912519074267
astar,68.62850646263377,176.98600221792975,12425.438277732983
astar,68.65975820486715,177.3347805328476,12430.97484861821
astar,68.69100994710054,177.68898942901114,12436.522404290998
astar,68.72226168933393,178.04843934310975,12442.081111504376
astar,68.75351343156733,178.41293346089876,12447.651130973893
astar,68.78476517380071,178.78226789688128,12453.23261715381
astar,68.8160169160341,179.15623186824396,12458.825718018843
astar,68.8472686582675,179.53460786156685,12464.430574851202
astar,68.87852040050088,179.91717179095136,12470.047322032717
astar,68.90977214273427,180.30369314633785,12475.676086841771
astar,68.94102388496766,180.69393513091336,12481.316989254665
astar,68.97227562720106,181.08765478664992,12486.97014175111
astar,69.00352736943444,181.4846031071498,12492.635649123446
astar,69.03477911166783,181.88452513712102,12498.313608289178
astar,69.06603085390122,182.28716005794894,12504.004108106386
astar,69.0972825961346,182.69224125898236,12509.707229191612
astar,69.128534338368,183.09949639430025,12515.423043739735
astar,69.15978608060139,183.50864742487738,12521.151615345385
astar,69.19103782283477,183.9194106462235,12526.89299882546
astar,69.22228956506817,184.33149670171926,12532.647240042286
astar,69.25354130730156,184.74461058202908,12538.414375726954
astar,69.28479304953495,185.15845161112205,12544.194433302455
astar,69.31604479176833,185.57271341958173,12549.987430706165
astar,69.34729653400173,185.98708390603983,12555.793376211323
astar,69.37854827623512,186.40124518770747,12561.612268247103
astar,69.4098000184685,186.81487354113,12567.444095217032
astar,69.4410517607019,187.2276393344242,12573.28883531539
astar,69.47230350293529,187.63920695239733,12579.14645634139
astar,69.50355524516868,188.04923471607512,12585.016915510934
astar,69.53480698740206,188.45737479829322,12590.900159265788
astar,69.56605872963546,188.86327313712607,12596.796123080096
astar,69.59731047186885,189.2665693490376,12602.70473126416
astar,69.62856221410223,189.66689664374923,12608.625896765565
astar,69.65981395633563,190.06388174291422,12614.559520967678
astar,69.69106569856902,190.45714480478108,12620.505493485705
astar,69.7223174408024,190.84629935711004,12626.46369196053
astar,69.7535691830358,191.2309522406791,12632.433981850618
astar,69.78482092526919,191.61070356578347,12638.416216222353
astar,69.81607266750258,191.9851466841802,12644.410235539259
astar,69.84732440973596,192.35386817898325,12650.415867450627
astar,69.87857615196936,192.71644787503945,12656.432926580153
astar,69.90982789420275,193.07245887234726,12662.461214315239
astar,69.94107963643613,193.42146760508686,12668.500518597759
astar,69.97233137866952,193.76303392883833,12674.55061371711
astar,70.00358312090292,194.09671123854986,12680.61126010645
astar,70.0348348631363,194.42204661980216,12686.682204143162
astar,70.06608660536969,194.73858103588339,12692.763177954603
astar,70.09733834760308,195.04584955314425,12698.853899230282
astar,70.12859008983648,195.34338160705198,12704.954071041737
astar,70.15984183206986,195.63070131129675,12711.063381671385
astar,70.19109357430325,195.90732781222735,12717.181504451755
astar,70.22234531653665,196.17277569080946,12723.308097616515
astar,70.25359705877003,196.4265554142008,12729.44280416486
astar,70.28484880100342,196.6681738389334,12735.585251740824
astar,70.31610054323681,196.8971347675742,12741.735052529113
astar,70.34735228547021,197.11293956061328,12747.891803169245
astar,70.37860402770359,197.31508780519016,12754.055084689673
astar,70.40985576993698,197.5030780421306,12760.224462463733
astar,70.44110751217038,197.67640855261286,12766.399486189226
astar,70.47235925440376,197.83457820562415,12772.579689893546
astar,70.50361099663715,197.9770873672098,12778.764591966272
astar,70.53486273887054,198.10343887233947,12784.953695221124
astar,70.56611448110394,198.2131390600493,12791.146486989306
astar,70.59736622333732,198.3056988723351,12797.342439246177
astar,70.62861796557071,198.38063501709254,12803.541008773287
astar,70.6598697078041,198.4374711952167,12809.741637357733
astar,70.69112145003749,198.47573939179264,12815.943752030877
astar,70.72237319227088,198.49498123111718,12822.146765348432
astar,70.75362493450427,198.49474939511876,12828.35007571385
astar,70.78487667673765,198.47460910455607,12834.553067747041
astar,70.81612841897105,198.43413966220103,12840.75511270036
astar,70.84738016120444,198.37293605704303,12846.955568923742
astar,70.87863190343784,198.2906106283821,12853.153782380941
astar,70.90988364567121,198.1867947885265,12859.349087218665
astar,70.94113538790461,198.06114080265692,12865.54080639047
astar,70.972387130138,197.91332362428804,12871.728252337109
astar,71.00363887237138,197.74304278462526,12877.910727725111
astar,71.03489061460478,197.5500243340107,12884.087526245232
astar,71.06614235683817,197.33402283354758,12890.257933472312
astar,71.09739409907155,197.09482339491643,12896.421227788183
astar,71.12864584130494,196.83224376633342,12902.576681369024
astar,71.15989758353834,196.54613646255106,12908.723561238576
astar,71.19114932577173,196.23639093678887,12914.861130388608
astar,71.22240106800511,195.90293579246804,12920.988648967865
astar,71.2536528102385,195.54574103265597,12927.105375540736
astar,71.2849045524719,195.16482034516494,12933.210568416758
astar,71.31615629470528,194.76023342132368,12939.303487052082
astar,71.34740803693867,194.33208830653533,12945.383393523898
astar,71.37865977917207,193.88054378086,12951.44955407877
astar,71.40991152140546,193.4058117680089,12957.501240755832
astar,71.44116326363884,192.90815977131635,12963.53773308568
astar,71.47241500587224,192.38791333545834,12969.558319865817
astar,71.50366674810563,191.84545853291976,12975.562301013366
astar,71.53491849033901,191.28124447447334,12981.548989495921
astar,71.5661702325724,190.69578584320627,12987.517713341203
astar,71.5974219748058,190.08966545195275,12993.467817726256
astar,71.62867371703919,189.4635368243046,12999.398667146954
astar,71.65992545927257,188.81812679972853,13005.30964766855
astar,71.69117720150597,188.1542381636825,13011.200169258025
astar,71.72242894373936,187.47275230399862,13017.069668199027
astar,71.75368068597274,186.77463189518974,13022.917609590282
astar,71.78493242820613,186.06092361272766,13028.74348992837
astar,71.81618417043953,185.33276087973258,13034.546839775805
astar,71.8474359126729,184.59136664890175,13040.327226515521
astar,71.8786876549063,183.83805622287662,13046.084257192915
astar,71.9099393971397,183.07424011661348,13051.817581446647
astar,71.94119113937307,182.3014269656483,13057.526894529648
astar,71.97244288160647,181.52122648446408,13063.211940421794
astar,72.00369462383986,180.7353524794315,13068.872515035859
astar,72.03494636607326,179.94562592103821,13074.508469518589
astar,72.06619810830664,179.1539780803086,13080.119713648768
astar,72.09744985054003,178.36245373446835,13085.706219334406
astar,72.14414528661253,177.67334600763562,13094.018842797595
astar,72.19084072268501,177.02165594740123,13102.300161692106
astar,72.23753615875751,176.4057173536839,13110.551884350232
astar,72.28423159482999,175.82391963547195,13118.775642598663
astar,72.33092703090249,175.27470793140586,13126.972994358008
astar,72.37762246697497,174.7565832710933,13135.145426248866
astar,72.42431790304747,174.26810274555496,13143.294356205673
astar,72.47101333911995,173.80787965930685,13151.42113609805
astar,72.51770877519245,173.37458364040043,13159.527054358301
astar,72.56440421126493,172.96694068827284,13167.61333861257
astar,72.61109964733743,172.5837331425249,13175.681158312407
astar,72.65779508340991,172.22379955874905,13183.73162736269
astar,72.7044905194824,171.88603448029235,13191.765806741334
astar,72.75118595555489,171.56938809736843,13199.784707105695
astar,72.79788139162739,171.27286578724366,13207.789291380304
astar,72.84457682769987,170.99552753131888,13215.780477320224
astar,72.89127226377236,170.73648720683698,13223.75914004429
astar,72.93796769984485,170.49491175265638,13231.72611453231
astar,72.98466313591734,170.27002021007775,13239.682198080418
astar,73.03135857198983,170.06108264108076,13247.62815270875
astar,73.07805400806232,169.86741892755202,13255.56470751586
astar,73.1247494441348,169.6883974561558,13263.492560974351
astar,73.1714448802073,169.5234336944361,13271.412383162615
astar,73.21814031627979,169.37198866455003,13279.324817927625
astar,73.26483575235228,169.23356732171519,13287.2304849743
astar,73.31153118842477,169.10771684503692,13295.129981877044
astar,73.35822662449726,168.9940248488479,13303.023886009678
astar,73.40492206056975,168.89211752307162,13310.912756390131
astar,73.45161749664224,168.80165771140443,13318.797135436902
astar,73.49831293271473,168.72234293631288,13326.67755063449
astar,73.54500836878722,168.65390337996874,13334.554516105609
astar,73.5917038048597,168.59609983029395,13342.428534088283
astar,73.6383992409322,168.5487216012801,13350.300096316449
astar,73.68509467700468,168.51158443666878,13358.169685303032
astar,73.73179011307718,168.48452840595627,13366.037775524994
astar,73.77848554914966,168.4674158015054,13373.904834510113
astar,73.82518098522216,168.460129045325,13381.771323825842
astar,73.87187642129464,168.46256861381258,13389.637699970797
astar,73.91857185736714,168.4746509884555,13397.50441516999
astar,73.96526729343962,168.49630664015194,13405.371918075105
astar,74.01196272951212,168.52747805444784,13413.240654371664
astar,74.0586581655846,168.56811780460194,13421.11106729504
astar,74.1053536016571,168.6181866789765,13428.983598057806
astar,74.1520490377296,168.6776518688254,13436.85868619102
astar,74.19874447380208,168.7464852221067,13444.736769802443
astar,74.24543990987458,168.82466156848793,13452.618285754883
astar,74.29213534594706,168.91215712024822,13460.503669768084
astar,74.33883078201956,169.00894795330726,13468.39335644784
astar,74.38552621809204,169.1150085721315,13476.287779246093
astar,74.43222165416454,169.23031056178877,13484.187370356116
astar,74.47891709023702,169.35482132994213,13492.092560546787
astar,74.52561252630952,169.48850294109454,13500.003778940332
astar,74.572307962382,169.6313110449229,13507.92145273778
astar,74.6190033984545,169.78319390007078,13515.846006896649
astar,74.66569883452698,169.94409149430967,13523.777863765254
astar,74.71239427059948,170.11393476152588,13531.717442678239
astar,74.75908970667196,170.29264489555234,13539.665159517754
astar,74.80578514274445,170.48013276043315,13547.621426244894
astar,74.85248057881694,170.67629839629862,13555.586650405792
astar,74.89917601488943,170.88103061962246,13563.561234616871
astar,74.94587145096192,171.0942067162572,13571.545576033566
astar,74.99256688703441,171.31569222526775,13579.540065806874
astar,75.0392623231069,171.5453408112407,13587.545088531824
astar,75.0859577591794,171.7829942224129,13595.561021692045
astar,75.13265319525188,172.0284823316514,13603.588235104253
astar,75.17934863132437,172.28162325702496,13611.627090366568
astar,75.22604406739686,172.5422235584388,13619.677940314188
astar,75.27273950346935,172.81007850654908,13627.74112848597
astar,75.31943493954184,173.0849724199495,13635.816988605133
astar,75.36613037561433,173.3666790664119,13643.90584407723
astar,75.41282581168682,173.65496212377755,13652.008007508211
astar,75.45952124775931,173.9495756959351,13660.123780245347
astar,75.5062166838318,174.25026487917495,13668.25345194336
astar,75.55291211990429,174.55676637409562,13676.397300158122
astar,75.59960755597677,174.8688091381369,13684.555589969832
astar,75.64630299204927,175.18611507374226,13692.72857363753
astar,75.69299842812175,175.50839974709714,13700.916490286425
astar,75.73969386419425,175.83537313236215,13709.119565629406
astar,75.78638930026673,176.16674037630494,13717.338011723767
astar,75.83308473633923,176.50220257825217,13725.572026764012
astar,75.87978017241171,176.84145758030712,13733.821794911288
astar,75.92647560848421,177.18420076283857,13742.08748615988
astar,75.9731710445567,177.53012584031137,13750.369256240827
astar,76.01986648062919,177.87892565262555,13758.667246562614
astar,76.06656191670167,178.23029294723707,13766.98158418859
astar,76.11325735277417,178.5839211474643,13775.3123818506
astar,76.15995278884665,178.9395051025275,13783.659737998036
astar,76.20664822491915,179.29674181503134,13792.02373688143
astar,76.25334366099165,179.65533114178044,13800.404448669353
astar,76.30003909706413,180.01497646400907,13808.80192959734
astar,76.34673453313663,180.37538532331575,13817.216222147334
astar,76.39342996920911,180.73627001981467,13825.647355255885
astar,76.4401254052816,181.0973481692501,13834.0953445494
astar,76.48682084135409,181.45834321606702,13842.560192604298
astar,76.53351627742659,181.81898489968714,13851.041889230106
astar,76.58021171349907,182.17900967150817,13859.540411773112
astar,76.62690714957157,182.53816106041893,13868.05572543834
astar,76.67360258564405,182.89618998490818,13876.587783627303
astar,76.72029802171654,183.25285501013656,13885.13652828909
astar,76.76699345778903,183.6079225486361,13893.701890282087
astar,76.81368889386152,183.96116700360625,13902.283789743793
astar,76.860384329934,184.31237085407963,13910.882136465903
astar,76.9070797660065,184.66132468154,13919.49683027206
astar,76.95377520207899,185.0078271378843,13928.127761395437
astar,77.00047063815148,185.35168485493216,13936.774810853489
astar,77.04716607422397,185.6927122959955,13945.437850817096
astar,77.09386151029646,186.03073155033016,13954.116744971483
astar,77.14055694636895,186.36557207159626,13962.811348866186
astar,77.18725238244144,186.69707036175538,13971.521510251578
astar,77.23394781851393,187.02506960213077,13980.247069399355
astar,77.28064325458642,187.34941923364562,13988.987859404657
astar,77.3273386906589,187.6699744885381,13997.743706467405
astar,77.3740341267314,187.98659587612798,14006.514430150743
astar,77.42072956280388,188.29914862547338,14015.299843614423
astar,77.46742499887638,188.6075020880141,14024.099753821269
astar,77.51412043494886,188.91152910353833,14032.913961714845
astar,77.56081587102136,189.21110533304528,14041.742262366794
astar,77.60751130709384,189.50610856229076,14050.584445092292
astar,77.65420674316634,189.79641798001015,14059.440293532438
astar,77.70090217923882,190.08191343499797,14068.309585702393
astar,77.74759761531132,190.362474676401,14077.192094004491
astar,77.7942930513838,190.63798058173364,14086.087585205538
astar,77.8409884874563,190.9083083772658,14094.99582037793
astar,77.88768392352878,191.17333285555085,14103.916554804258
astar,77.93437935960128,191.4329255949665,14112.849537845465
astar,77.98107479567376,191.686954186218,14121.794512772674
astar,78.02777023174626,191.93528147081898,14130.75121656323
astar,78.07446566781874,192.1777647966036,14139.719379661525
astar,78.12116110389124,192.41425529534249,14148.698725705623
astar,78.16785653996374,192.6445971875381,14157.688971220754
astar,78.21455197603622,192.86862711944292,14166.689825281115
astar,78.2612474121087,193.0861735373069,14175.700989141582
astar,78.3079428481812,193.29705610378662,14184.722155841177
astar,78.3546382842537,193.50108516135978,14193.753009780381
astar,78.40133372032618,193.69806124747814,14202.793226274607
astar,78.44802915639868,193.8877746660521,14211.84247108636
astar,78.49472459247116,194.07000511970764,14220.900399938764
astar,78.54142002854366,194.24452140707305,14229.96665801349
astar,78.58811546461614,194.41108118915463,14239.040879436114
astar,78.63481090068863,194.5694308286355,14248.1226867523
astar,78.68150633676112,194.71930530569142,14257.21169039825
astar,78.72820177283361,194.86042821365083,14266.307488169095
astar,78.7748972089061,194.99251183754544,14275.40966468901
astar,78.8215926449786,195.11525731829593,14284.51779088701
astar,78.86828808105108,195.22835490495567,14293.631423482446
astar,78.91498351712357,195.33148429710016,14302.750104484418
astar,78.96167895319606,195.42431507909876,14311.87336070928
astar,79.00837438926855,195.5065072476328,14321.000703320644
astar,79.05506982534104,195.5777118334519,14330.131627396173
astar,79.10176526141353,195.63757161795803,14339.265611525667
astar,79.14846069748602,195.68572194481402,14348.402117444784
astar,79.19515613355851,195.7217916263515,14357.540589708913
astar,79.241851569631,195.74540394414413,14366.680455411532
astar,79.28854700570349,195.75617774267897,14375.8211239515
astar,79.33524244177597,195.75372861464092,14384.961986853526
astar,79.38193787784847,195.73767017588693,14394.102417646105
astar,79.42863331392095,195.7076154277706,14403.241771800995
astar,79.47532874999345,195.66317820404507,14412.379386738334
astar,79.52202418606593,195.60397469916097,14421.514581901161
astar,79.56871962213843,195.5296250743644,14430.646658903177
astar,79.61541505821091,195.43975513760378,14439.77490175317
astar,79.66211049428341,195.33399809287263,14448.898577159562
astar,79.7088059303559,195.21199635424583,14458.016934918096
astar,79.75550136642839,195.07340341952712,14467.129208385679
astar,79.80219680250087,194.9178857980981,14476.234615042922
astar,79.84889223857337,194.74512498726895,14485.332357147894
astar,79.89558767464585,194.55481949116395,14494.421622483102
astar,79.94228311071835,194.34668687594495,14503.501585197633
astar,79.98897854679083,194.12046585498638,14512.571406745936
astar,80.03567398286333,193.87591839745872,14521.630236924546
astar,80.08236941893581,193.61283185367796,14530.677215007625
astar,80.12906485500831,193.33102109052044,14539.711470982025
astar,80.17576029108079,193.03033063019996,14548.732126882102
astar,80.22245572715329,192.71063678575996,14557.73829822436
astar,80.26915116322579,192.37184978675685,14566.729095541552
astar,80.31584659929827,192.01391588878602,14575.70362601569
astar,80.36254203537075,191.6368194607719,14584.660995209028
astar,80.40923747144325,191.24058504426247,14593.600308891862
astar,80.45593290751575,190.82527937939196,14602.5206749657
astar,80.50262834358823,190.39101339266858,14611.421205480165
astar,80.54932377966071,189.93794414233057,14620.30101874171
astar,80.59601921573321,189.4662767177031,14629.159241512112
astar,80.6427146518057,188.9762660897613,14637.995011294503
astar,80.68941008787819,188.4682189109979,14646.807478704635
astar,80.73610552395068,187.94249526368353,14655.59580992501
astar,80.78280096002317,187.39951035671632,14664.359189239392
astar,80.82949639609566,186.83973617248643,14673.096821645455
astar,80.87619183216815,186.26370306652134,14681.807935543158
astar,80.92288726824064,185.67200132416278,14690.491785496886
astar,80.96958270431313,185.0652826801227,14699.14765506934
astar,81.01627814038562,184.44426180851494,14707.774859725763
astar,81.0629735764581,183.8097177928373,14716.372749807218
astar,81.1096690125306,183.16249558740537,14724.940713572358
astar,81.15636444860309,182.50350748391966,14733.478180307506
astar,81.20305988467558,181.8337345991622,14741.984623505767
astar,81.24975532074806,181.15422840231923,14750.459564116474
astar,81.29645075682056,180.46611230305808,14758.902573867435
astar,81.34314619289304,179.77058332430545,14767.31327866325
astar,81.38984162896554,179.06891388665218,14775.6913620644
astar,81.43653706503802,178.36245373446835,14784.036568852927
astar,81.4937270608852,177.90315330103758,14794.223983146354
astar,81.55091705673237,177.46898589918237,14804.385848728884
astar,81.60810705257956,177.05881101038045,14814.523570345367
astar,81.66529704842672,176.67152847348137,14824.638488668417
astar,81.7224870442739,176.30607846469871,14834.731882605889
astar,81.77967704012109,175.96144155478302,14844.804971609394
astar,81.83686703596825,175.63663881082786,14854.858917987385
astar,81.89405703181544,175.33073191409864,14864.894829224513
astar,81.9512470276626,175.04282326894906,14874.91376030745
astar,82.00843702350979,174.7720560812985,14884.916716056112
astar,82.06562701935695,174.51761438831363,14894.90465345792
astar,82.12281701520413,174.27872302386925,14904.878484001976
astar,82.18000701105132,174.05464750707156,14914.839076009026
astar,82.23719700689848,173.84469384362188,14924.787256952566
astar,82.29438700274567,173.64820823209044,14934.723815765883
astar,82.35157699859283,173.46457666926722,14944.649505129386
astar,82.40876699444001,173.29322445067325,14954.5650437324
astar,82.4659569902872,173.1336155640531,14964.471118503297
astar,82.52314698613436,172.9852519752457,14974.368386801896
astar,82.58033698198155,172.84767280724807,14984.25747856796
astar,82.63752697782871,172.72045341455603,14994.13899841973
astar,82.6947169736759,172.60320435599476,15004.013527696647
astar,82.75190696952308,172.49557027025057,15013.881626440518
astar,82.80909696537024,172.39722865918606,15023.743835309764
astar,82.86628696121743,172.30788858477658,15033.600677421606
astar,82.9234769570646,172.22728928614993,15043.452660117426
astar,82.98066695291178,172.15519872375162,15053.300276646989
astar,83.03785694875896,172.09141205810207,15063.1440077675
astar,83.09504694460612,172.03575007096418,15072.98432325403
astar,83.1522369404533,171.9880575370077,15082.821683318245
astar,83.20942693630047,171.9482015542447,15092.656539932805
astar,83.26661693214766,171.91606984162672,15102.489338059368
astar,83.32380692799482,171.8915690122407,15112.320516778505
astar,83.380996923842,171.8746228305247,15122.15051032045
astar,83.43818691968919,171.8651704618505,15131.979748995902
astar,83.49537691553635,171.86316472269448,15141.808660026782
astar,83.55256691138354,171.86857033944145,15151.637668277155
astar,83.6097569072307,171.88136222364594,15161.467196885029
astar,83.66694690307789,171.90152377131798,15171.297667796222
astar,83.72413689892507,171.92904519350213,15181.129502201838
astar,83.78132689477223,171.9639218850934,15190.963120881386
astar,83.83851689061942,172.00615283847569,15200.798944453883
astar,83.89570688646658,172.05573910818936,15210.637393539682
astar,83.95289688231377,172.11268233243166,15220.478888836142
astar,84.01008687816095,172.17698331677406,15230.323851110494
astar,84.06727687400812,172.24864068504502,15240.172701113655
astar,84.1244668698553,172.32764960187848,15250.025859418929
astar,84.18165686570246,172.41400057097636,15259.883746189795
astar,84.23884686154965,172.50767831266177,15269.746780881274
astar,84.29603685739681,172.60866072384246,15279.615381879417
astar,84.353226853244,172.71691792302647,15289.489966083787
astar,84.41041684909118,172.83241138256946,15299.37094843778
astar,84.46760684493835,172.95509314986322,15309.258741411886
astar,84.52479684078553,173.08490515871847,15319.153754445
astar,84.5819868366327,173.22177863173573,15329.056393348912
astar,84.63917683247988,173.36563357401508,15338.967059681278
astar,84.69636682832706,173.5163783581206,15348.886150092208
astar,84.75355682417423,173.673909399786,15358.814055649735
astar,84.81074682002141,173.83811092344226,15368.751161149301
astar,84.86793681586857,174.00885481624636,15378.697844412352
astar,84.92512681171576,174.18600056891137,15388.654475579096
astar,84.98231680756294,174.3693953012704,15398.621416400261
astar,85.0395068034101,174.5588738701619,15408.599019532698
astar,85.09669679925729,174.75425905689218,15418.58762784343
astar,85.15388679510446,174.95536183122368,15428.587573726583
astar,85.21107679095164,175.1619816885448,15438.599178437544
astar,85.26826678679882,175.37390705661133,15448.622751448356
astar,85.32545678264599,175.59091576799773,15458.658589828277
astar,85.38264677849317,175.81277559417327,15468.70697765312
astar,85.43983677434034,176.03924483691185,15478.768185446756
astar,85.49702677018752,176.27007297256165,15488.842469657979
astar,85.55421676603468,176.50500134454342,15498.930072175568
astar,85.61140676188187,176.74376389930487,15509.031219884228
astar,85.66859675772905,176.98608796084892,15519.146124263681
astar,85.72578675357622,177.2316950388564,15529.274981033055
astar,85.7829767494234,177.480301665359,15539.417969842285
astar,85.84016674527057,177.73162025486766,15549.575254012027
astar,85.89735674111775,177.9853599828369,15559.746980323309
astar,85.95454673696493,178.24122767734477,15569.93327885778
astar,86.0117367328121,178.49892871888343,15580.134262889189
astar,86.06892672865928,178.75816794319553,15590.35002882643
astar,86.12611672450645,179.0186505421523,15600.580656208125
astar,86.18330672035363,179.28008295774757,15610.82620774858
astar,86.2404967162008,179.542173764384,15621.086729434484
astar,86.29768671204798,179.80463453474198,15631.362250671647
astar,86.35487670789516,180.0671806846641,15641.652784480606
astar,86.41206670374233,180.32953229263623,15651.958327739858
astar,86.46925669958951,180.59141488962197,15662.278861475115
astar,86.52644669543668,180.8525602151919,15672.61435119273
astar,86.58363669128386,181.11270693609208,15682.964747255332
astar,86.64082668713104,181.37160132361217,15693.329985297352
astar,86.6980166829782,181.62899788634448,15703.70998667802
astar,86.75520667882539,181.88465995516796,15714.104658969196
astar,86.81239667467256,182.13836021754298,15724.513896475171
astar,86.86958667051974,182.3898811984715,15734.937580781552
astar,86.92677666636692,182.63901568574698,15745.375581330007
astar,86.98396666221409,182.88556709740564,15755.82775601571
astar,87.04115665806127,183.1293497895774,15766.293951804097
astar,87.09834665390844,183.37018930323453,15776.77400536345
astar,87.15553664975562,183.6079225486361,15787.267743709857
astar,87.2127266456028,183.8423979265749,15797.77498486087
astar,87.26991664144997,184.07347538584168,15808.29553849429
astar,87.32710663729715,184.30102641663413,15818.829206608436
astar,87.38429663314432,184.52493397995153,15829.37578418014
astar,87.4414866289915,184.74509237332663,15839.935059816957
astar,87.49867662483868,184.96140703356068,15850.506816399835
astar,87.55586662068585,185.1737942774342,15861.090831712769
astar,87.61305661653303,185.38218098167314,15871.686879055876
astar,87.6702466123802,185.5865042037499,15882.294727838469
astar,87.72743660822738,185.78671074539645,15892.914144148817
astar,87.78462660407455,185.98275666099107,15903.544891297355
astar,87.84181659992173,186.17460671326705,15914.186730330292
astar,87.89900659576891,186.36223377905682,15924.83942051063
astar,87.95619659161608,186.54561820805299,15935.50271976389
astar,88.01338658746326,186.7247471378149,15946.176385085893
astar,88.07057658331043,186.89961376848964,15956.86017291021
astar,88.12776657915761,187.07021660094296,15967.55383943311
astar,88.18495657500478,187.2365586422081,15978.257140893971
astar,88.24214657085196,187.39864658235712,15988.969833809471
astar,88.29933656669914,187.55648994708233,15999.691675159971
astar,88.3565265625463,187.710100230442,16010.422422526888
astar,88.41371655839349,187.85949001236972,16021.161834180046
astar,88.47090655424066,188.00467206568197,16031.909669114217
astar,88.52809655008784,188.14565845742703,16042.665687034483
astar,88.58528654593502,188.28245964951162,16053.429648290132
astar,88.64247654178219,188.4150836036161,16064.201313757274
astar,88.69966653762937,188.54353489545858,16074.980444670535
astar,88.75685653347654,188.66781384350296,16085.766802404478
astar,88.81404652932372,188.78791565721218,16096.5601482058
astar,88.8712365251709,188.90382960994165,16107.36024287747
astar,88.92842652101807,189.0155382415264,16118.166846416465
astar,88.98561651686525,189.1230165955689,16128.97971760686
astar,89.04280651271242,189.2262314963477,16139.798613570438
astar,89.0999965085596,189.3251408701706,16150.623289277231
astar,89.15718650440678,189.4196931158724,16161.453497018632
astar,89.21437650025395,189.50982652901038,16172.288985846062
astar,89.27156649610113,189.59546878414113,16183.129500978364
astar,89.3287564919483,189.67653647937456,16193.974783181347
astar,89.38594648779548,189.7529347471864,16204.82456812322
astar,89.44313648364266,189.8245569352375,16215.67858570972
astar,89.50032647948983,189.8912843606938,16226.53655940313
astar,89.55751647533701,189.95298614126338,16237.398205529422
astar,89.61470647118418,190.0095191058757,16248.263232578003
astar,89.67189646703136,190.06072778761063,16259.131340498741
astar,89.72908646287854,190.10644450115393,16270.002220000955
astar,89.78627645872571,190.14648950670752,16280.875551859346
astar,89.84346645457289,190.18067126191576,16291.75100623181
astar,89.90065645042006,190.20878676298835,16302.628241994185
astar,89.95784644626724,190.23062197580936,16313.506906097124
astar,90.01503644211441,190.24595235741023,16324.386632950154
astar,90.07222643796159,190.25454346777292,16335.267043838201
astar,90.12941643380877,190.25615167149843,16346.147746375613
astar,90.18660642965594,190.25052492844586,16357.028334002898
astar,90.24379642550312,190.23740367200344,16367.90838553118
astar,90.30098642135029,190.2165217732158,16378.787464739306
astar,90.35817641719747,190.1876075885401,16389.66512002853
astar,90.41536641304464,190.15038508856642,16400.54088413939
astar,90.47255640889182,190.1045750645931,16411.414273935407
astar,90.529746404739,190.0498964095123,16422.28479025785
astar,90.58693640058617,189.98606746903783,16433.151917855845
astar,90.64412639643335,189.91280745888562,16444.015125395585
astar,90.70131639228052,189.82983794311917,16454.873865552352
astar,90.7585063881277,189.73688436848386,16465.727575188717
astar,90.81569638397488,189.6336776491911,16476.575675621883
astar,90.87288637982205,189.51995579626586,16487.417572982977
astar,90.93007637566923,189.39546558526138,16498.252658670597
astar,90.9872663715164,189.2599642558529,16509.08030990066
astar,91.04445636736358,189.11322123657501,16519.899890354158
astar,91.10164636321076,188.95501988775115,16530.710750924085
astar,91.15883635905793,188.7851592554887,16541.51223056234
astar,91.21602635490511,188.60345582949319,16552.303657227083
astar,91.27321635075228,188.4097452973689,16563.084348930468
astar,91.33040634659946,188.20388428806157,16573.85361488646
astar,91.38759634244664,187.9857520971261,16584.61075675777
astar,91.44478633829381,187.7552523866101,16595.355070000787
astar,91.50197633414099,187.5123148525083,16606.08584530678
astar,91.55916632998816,187.25689685298957,16616.802370137324
astar,91.61635632583534,186.98898499091686,16627.503930351562
astar,91.67354632168252,186.7085966445862,16638.18981192248
astar,91.73073631752969,186.41578144110792,16648.859302739078
astar,91.78792631337687,186.11062266743878,16659.511694491044
astar,91.84511630922404,185.79323861476794,16670.14628463218
astar,91.90230630507122,185.46378385275258,16680.76237841876
astar,91.9594963009184,185.1224504310101,16691.359291018616
astar,92.01668629676557,184.76946900629977,16701.936349686875
astar,92.07387629261275,184.4051098949774,16712.492896004
astar,92.13106628845992,184.02968405159137,16723.02828817188
astar,92.1882562843071,183.64354397590566,16733.541903363886
astar,92.24544628015428,183.24708455220158,16744.033140124833
astar,92.30263627600145,182.84074382642282,16754.50142081717
astar,92.35982627184863,182.4250037286013,16764.946194110067
astar,92.4170162676958,182.00039075003966,16775.366937508486
astar,92.47420626354298,181.56747658693268,16785.763159920072
astar,92.53139625939015,181.12687876450275,16796.134404258242
astar,92.58858625523733,180.6792612582939,16806.48025008094
astar,92.6457762510845,180.22533513204655,16816.800316265333
astar,92.70296624693168,179.76585921454193,16827.094263720184
astar,92.76015624277886,179.30164084099502,16837.3617981387
astar,92.81734623862603,178.83353668797494,16847.602672796504
astar,92.87453623447321,178.36245373446835,16857.81669140095
energy_ga,0.0,178.36245373446835,0.0
energy_ga,0.03837170212540542,178.3756672273762,6.844324457162373
energy_ga,0.07674340425081085,178.41372421785962,13.689632582183005
energy_ga,0.11511510637621628,178.47432484342937,20.536833537531436
energy_ga,0.1534868085016217,178.5552688729004,27.386750147550195
energy_ga,0.19185851062702713,178.65445462956663,34.24012270081775
energy_ga,0.23023021275243255,178.76987789676528,41.09761271085388
energy_ga,0.268601914877838,178.89963078751472,47.95980663414054
energy_ga,0.3069736170032434,179.04190056296395,54.82721954378655
energy_ga,0.3453453191286488,179.19496838713468,61.70029875663209
energy_ga,0.38371702125405427,179.3572080079097,68.57942741115532
energy_ga,0.4220887233794597,179.52708435644092,75.4649279932012
energy_ga,0.4604604255048651,179.70315205914778,82.35706580629017
energy_ga,0.4988321276302705,179.88405385826883,89.25605238307513
energy_ga,0.537203829755676,180.0685189385374,96.16204883439133
energy_ga,0.5755755318810813,180.25536115899567,103.07516913227772
energy_ga,0.6139472340064868,180.44347719024847,109.9954833233362
energy_ga,0.6523189361318923,180.63184455861025,116.92302066882729
energy_ga,0.6906906382572976,180.81951959962433,123.85777270797789
energy_ga,0.7290623403827031,181.0056353243393,130.7996962410884
energy_ga,0.7674340425081085,181.18939920252853,137.74871622917135
energy_ga,0.8058057446335138,181.37009086774367,144.704728607029
energy_ga,0.8441774467589194,181.5470597496987,151.66760300687574
energy_ga,0.8825491488843248,181.71972264000917,158.6371853898319
energy_ga,0.9209208510097302,181.88756119775505,165.6133005828571
energy_ga,0.9592925531351356,182.05011940170664,172.59575471894385
energy_ga,0.997664255260541,182.20700095635306,179.58433757866257
energy_ga,1.0360359573859466,182.3578666591113,186.57882483142683
energy_ga,1.074407659511352,182.50243173626373,193.57898017513378
energy_ga,1.1127793616367572,182.64046315529353,200.58455737312724
energy_ga,1.1511510637621627,182.77177692134705,207.59530218772625
energy_ga,1.1895227658875682,182.8962353655658,214.6109542098575
energy_ga,1.2278944680129735,183.0137444329951,221.63124858462925
energy_ga,1.266266170138379,183.1242509776986,228.65591763297536
energy_ga,1.3046378722637846,183.2277400725843,235.6846923697907
energy_ga,1.3430095743891899,183.3242323412927,242.71730391926323
energy_ga,1.3813812765145952,183.41378131930074,249.75348482838677
energy_ga,1.4197529786400007,183.49647085117013,256.79297027990816
energy_ga,1.4581246807654062,183.57241253061127,263.83549920622363
energy_ga,1.4964963828908115,183.64174318975122,270.8808153059906
energy_ga,1.534868085016217,183.70462244368605,277.9286679654589
energy_ga,1.5732397871416226,183.7612302960671,284.97881308675284
energy_ga,1.6116114892670277,183.81176481112394,292.0310138255509
energy_ga,1.6499831913924332,183.85643985715825,299.08504124080787
energy_ga,1.6883548935178387,183.8954829261641,306.14067485935124
energy_ga,1.726726595643244,183.92913303383799,313.19770315835564
energy_ga,1.7650982977686496,183.95763870383976,320.25592396885327
energy_ga,1.803469999894055,183.9812560397545,327.31514480357936
energy_ga,1.8418417020194604,184.00024688779388,334.3751831125768
energy_ga,1.8802134041448657,184.01487709285482,341.4358664700916
energy_ga,1.9185851062702712,184.025414850134,348.4970326963834
energy_ga,1.9569568083956768,184.03212915408105,355.5585299181525
energy_ga,1.995328510521082,184.03528834605214,362.62021657134363
energy_ga,2.0337002126464876,184.03515876161953,369.68196135013386
energy_ga,2.072071914771893,184.03200347808223,376.7436431059364
energy_ga,2.1104436168972986,184.02608116232634,383.80515070027093
energy_ga,2.148815319022704,184.01764501879512,390.8663828153441
energy_ga,2.1871870211481093,184.00694183694765,397.927247726171
energy_ga,2.2255587232735143,183.99421113721937,404.9876630380362
energy_ga,2.26393042539892,183.9796844141425,412.04755539304716
energy_ga,2.3023021275243254,183.96358447494447,419.1068601494772
energy_ga,2.340673829649731,183.94612487161606,426.1655210375226
energy_ga,2.3790455317751364,183.92750942413338,433.223489795016
energy_ga,2.417417233900542,183.9079318322221,440.280725786544
energy_ga,2.455788936025947,183.88757537278138,447.33719560931036
energy_ga,2.4941606381513526,183.86661267982333,454.39287268897283
energy_ga,2.532532340276758,183.84520560354952,461.44773686855325
energy_ga,2.5709040424021636,183.82350514496557,468.5017739933902
energy_ga,2.609275744527569,183.80165146223405,475.55497549495874
energy_ga,2.6476474466529747,183.7797739447895,482.60733797623385
energy_ga,2.6860191487783798,183.75799135107738,489.65886280111886
energy_ga,2.724390850903785,183.7364120056415,496.7095556902976
energy_ga,2.7627625530291904,183.71513405116463,503.7594263257033
energy_ga,2.801134255154596,183.69424575096937,510.8084879656271
energy_ga,2.8395059572800014,183.67382583740857,517.856757072314
energy_ga,2.877877659405407,183.65394390151604,524.9042529537198
energy_ga,2.9162493615308125,183.63466081925012,531.9509974209203
energy_ga,2.9546210636562176,183.61602920964646,538.9970144624895
energy_ga,2.992992765781623,183.59809392019326,546.0423299369795
energy_ga,3.0313644679070286,183.5808925347678,553.0869712844585
energy_ga,3.069736170032434,183.5644558995059,560.1309672578826
energy_ga,3.1081078721578397,183.5488086620366,567.174347674903
energy_ga,3.146479574283245,183.53396981958633,574.2171431905344
energy_ga,3.1848512764086507,183.51995327154802,581.2593850909417
energy_ga,3.2232229785340554,183.5067683722191,588.3011051084309
energy_ga,3.261594680659461,183.49442047953286,595.3423352575754
energy_ga,3.2999663827848664,183.48291149574885,602.3831076922412
energy_ga,3.338338084910272,183.47224039621656,609.423454583132
energy_ga,3.3767097870356775,183.4624037424967,616.4634080153231
energy_ga,3.415081489161083,183.45339617629912,623.5029999051176
energy_ga,3.453453191286488,183.44521089088965,630.5422619354217
energy_ga,3.4918248934118936,183.43784007682052,637.5812255087181
energy_ga,3.530196595537299,183.43127533904973,644.6199217165926
energy_ga,3.5685682976627047,183.4255080827389,651.6583813246652
energy_ga,3.60693999978811,183.4205298652494,658.696634771678
energy_ga,3.6453117019135157,183.41633271209653,665.734712181396
energy_ga,3.683683404038921,183.41290939486782,672.7726433859043
energy_ga,3.722055106164326,183.41025366936333,679.8104579588041
energy_ga,3.7604268082897314,183.40836047247706,686.8481852567566
energy_ga,3.798798510415137,183.40722607659796,693.8858544677651
energy_ga,3.8371702125405425,183.40684820058013,700.9234946645502
energy_ga,3.875541914665948,183.40722607659796,707.9611348613353
energy_ga,3.9139136167913535,183.40836047247706,714.9988040723438
energy_ga,3.952285318916759,183.41025366936333,722.0365313702962
energy_ga,3.990657021042164,183.4129093948678,729.074345943196
energy_ga,4.02902872316757,183.41633271209653,736.1122771477044
energy_ga,4.067400425292975,183.4205298652494,743.1503545574225
energy_ga,4.105772127418381,183.4255080827389,750.1886080044352
energy_ga,4.144143829543786,183.43127533904973,757.2270676125079
energy_ga,4.182515531669192,183.43784007682052,764.2657638203823
energy_ga,4.220887233794597,183.44521089088963,771.3047273936787
energy_ga,4.259258935920003,183.45339617629912,778.3439894239829
energy_ga,4.297630638045408,183.46240374249675,785.3835813137773
energy_ga,4.336002340170814,183.47224039621656,792.4235347459685
energy_ga,4.3743740422962185,183.48291149574885,799.463881636859
energy_ga,4.412745744421624,183.49442047953286,806.5046540715248
energy_ga,4.451117446547029,183.5067683722191,813.5458842206692
energy_ga,4.489489148672434,183.51995327154802,820.5876042381586
energy_ga,4.52786085079784,183.53396981958633,827.6298461385659
energy_ga,4.566232552923245,183.5488086620366,834.6726416541974
energy_ga,4.604604255048651,183.5644558995059,841.7160220712177
energy_ga,4.642975957174056,183.5808925347678,848.7600180446418
energy_ga,4.681347659299462,183.59809392019326,855.8046593921208
energy_ga,4.719719361424867,183.61602920964646,862.8499748666109
energy_ga,4.758091063550273,183.63466081925017,869.8959919081801
energy_ga,4.796462765675678,183.65394390151604,876.9427363753806
energy_ga,4.834834467801084,183.67382583740854,883.9902322567864
energy_ga,4.873206169926489,183.69424575096934,891.0385013634732
energy_ga,4.911577872051894,183.71513405116463,898.0875630033969
energy_ga,4.9499495741773,183.7364120056415,905.1374336388027
energy_ga,4.988321276302705,183.75799135107738,912.1881265279815
energy_ga,5.026692978428111,183.7797739447895,919.2396513528665
energy_ga,5.065064680553516,183.80165146223402,926.2920138341417
energy_ga,5.103436382678922,183.82350514496554,933.3452153357102
energy_ga,5.141808084804327,183.84520560354952,940.3992524605472
energy_ga,5.180179786929733,183.86661267982333,947.4541166401276
energy_ga,5.218551489055138,183.88757537278147,954.5097937197901
energy_ga,5.256923191180544,183.9079318322222,961.5662635425565
energy_ga,5.295294893305949,183.92750942413338,968.6234995340845
energy_ga,5.333666595431355,183.94612487161606,975.681468291578
energy_ga,5.3720382975567595,183.96358447494447,982.7401291796232
energy_ga,5.410409999682164,183.97968441414255,989.799433936053
energy_ga,5.44878170180757,183.99421113721945,996.859326291064
energy_ga,5.487153403932975,184.00694183694768,1003.9197416029293
energy_ga,5.525525106058381,184.0176450187952,1010.9806065137564
energy_ga,5.563896808183786,184.02608116232634,1018.0418386288295
energy_ga,5.602268510309192,184.03200347808223,1025.103346223164
energy_ga,5.640640212434597,184.03515876161953,1032.1650279789665
energy_ga,5.679011914560003,184.03528834605214,1039.2267727577566
energy_ga,5.717383616685408,184.03212915408105,1046.2884594109478
energy_ga,5.755755318810814,184.025414850134,1053.3499566327168
energy_ga,5.7941270209362195,184.01487709285482,1060.4111228590086
energy_ga,5.832498723061625,184.00024688779388,1067.4718062165234
energy_ga,5.8708704251870305,183.9812560397545,1074.531844525521
energy_ga,5.909242127312435,183.95763870383976,1081.5910653602468
energy_ga,5.947613829437841,183.92913303383799,1088.6492861707445
energy_ga,5.985985531563246,183.8954829261641,1095.706314469749
energy_ga,6.024357233688652,183.85643985715825,1102.7619480882925
energy_ga,6.062728935814057,183.81176481112402,1109.8159755035495
energy_ga,6.101100637939463,183.7612302960671,1116.8681762423475
energy_ga,6.139472340064868,183.70462244368605,1123.9183213636416
energy_ga,6.177844042190274,183.64174318975122,1130.96617402311
energy_ga,6.216215744315679,183.5724125306113,1138.011490122877
energy_ga,6.254587446441085,183.49647085117013,1145.0540190491924
energy_ga,6.29295914856649,183.41378131930074,1152.0935045007138
energy_ga,6.331330850691896,183.32423234129266,1159.1296854098375
energy_ga,6.3697025528173015,183.22774007258425,1166.1622969593102
energy_ga,6.408074254942705,183.12425097769864,1173.1910716961252
energy_ga,6.446445957068111,183.0137444329951,1180.2157407444713
energy_ga,6.484817659193516,182.8962353655658,1187.236035119243
energy_ga,6.523189361318922,182.77177692134705,1194.2516871413743
energy_ga,6.561561063444327,182.64046315529353,1201.2624319559734
energy_ga,6.599932765569733,182.50243173626373,1208.268009153967
energy_ga,6.638304467695138,182.35786665911132,1215.2681644976738
energy_ga,6.676676169820544,182.20700095635306,1222.262651750438
energy_ga,6.715047871945949,182.05011940170664,1229.2512346101566
energy_ga,6.753419574071355,181.88756119775505,1236.2336887462434
energy_ga,6.7917912761967605,181.71972264000917,1243.2098039392686
energy_ga,6.830162978322166,181.5470597496987,1250.1793863222247
energy_ga,6.8685346804475715,181.37009086774358,1257.1422607220713
energy_ga,6.906906382572976,181.18939920252845,1264.098273099929
energy_ga,6.945278084698382,181.00563532433924,1271.0472930880119
energy_ga,6.983649786823787,180.81951959962433,1277.9892166211223
energy_ga,7.022021488949193,180.63184455861025,1284.923968660273
energy_ga,7.060393191074598,180.44347719024847,1291.8515060057641
energy_ga,7.098764893200004,180.25536115899578,1298.7718201968225
energy_ga,7.137136595325409,180.0685189385374,1305.684940494709
energy_ga,7.175508297450815,179.88405385826886,1312.5909369460253
energy_ga,7.21387999957622,179.70315205914778,1319.4899235228104
energy_ga,7.252251701701626,179.52708435644092,1326.3820613358994
energy_ga,7.2906234038270314,179.3572080079097,1333.2675619179454
energy_ga,7.328995105952437,179.19496838713462,1340.1466905724687
energy_ga,7.367366808077842,179.04190056296395,1347.019769785314
energy_ga,7.405738510203247,178.89963078751472,1353.88718269496
energy_ga,7.444110212328652,178.76987789676528,1360.7493766182465
energy_ga,7.482481914454057,178.65445462956663,1367.6068666282827
energy_ga,7.520853616579463,178.5552688729004,1374.4602391815502
energy_ga,7.559225318704868,178.47432484342937,1381.3101557915688
energy_ga,7.597597020830274,178.41372421785962,1388.1573567469172
energy_ga,7.635968722955679,178.3756672273762,1395.002664871938
energy_ga,7.674340425081085,178.36245373446835,1401.8469893291003
energy_ga,7.718306540556174,178.34602009820992,1409.6885323048355
energy_ga,7.762272656031264,178.34981852639498,1417.5297975200622
energy_ga,7.8062387715063535,178.37204641466394,1425.371634873306
energy_ga,7.850204886981444,178.4109790094908,1433.2148167209812
energy_ga,7.894171002456533,178.46496857525713,1441.0600412818776
energy_ga,7.938137117931623,178.53244359891175,1448.9079360058565
energy_ga,7.982103233406712,178.61190800665773,1456.7590609078397
energy_ga,8.026069348881801,178.70194037057752,1464.6139118671408
energy_ga,8.070035464356891,178.8011930862909,1472.4729238912764
energy_ga,8.114001579831982,178.90839150566816,1480.3364743426348
energy_ga,8.157967695307072,179.0223330113046,1488.2048861257329
energy_ga,8.20193381078216,179.14188602192436,1496.0784308322627
energy_ga,8.24589992625725,179.26598892012842,1503.9573318407047
energy_ga,8.28986604173234,179.3936488959599,1511.8417673669428
energy_ga,8.33383215720743,179.523940701628,1519.7318734620872
energy_ga,8.377798272682519,179.65600531443482,1527.6277469535262
energy_ga,8.421764388157609,179.78904850649104,1535.5294483251466
energy_ga,8.465730503632699,179.9223393211951,1543.4370045326152
energy_ga,8.509696619107789,180.05520845770627,1551.3504117496586
energy_ga,8.553662734582877,180.18704656575676,1559.2696380413424
energy_ga,8.597628850057967,180.31730245414812,1567.194625960483
energy_ga,8.641594965533058,180.4454812171549,1575.1252950634869
energy_ga,8.685561081008146,180.5711422838296,1583.0615443421223
energy_ga,8.729527196483236,180.6938973958713,1591.0032545679576
energy_ga,8.773493311958326,180.8134085202922,1598.950290546457
energy_ga,8.817459427433416,180.9293857035963,1606.9025032780216
energy_ga,8.861425542908506,181.04158487458142,1614.859732023557
energy_ga,8.905391658383595,181.14980560319066,1622.8218062724711
energy_ga,8.949357773858685,181.25388882308096,1630.7885476113436
energy_ga,8.993323889333775,181.35371452574773,1638.7597714918338
energy_ga,9.037290004808863,181.44919943414789,1646.7352888967634
energy_ga,9.081256120283953,181.54029466381087,1654.7149079036412
energy_ga,9.125222235759043,181.62698337941248,1662.6984351452525
energy_ga,9.169188351234133,181.70927845472292,1670.685677167296
energy_ga,9.213154466709224,181.78722014372389,1678.6764416833812
energy_ga,9.257120582184312,181.86087377053371,1686.6705387280463
energy_ga,9.301086697659402,181.9303274455802,1694.667781708791
energy_ga,9.345052813134492,181.99568981521824,1702.66798835843
energy_ga,9.38901892860958,182.05708785172587,1710.6709815893958
energy_ga,9.43298504408467,182.11466469030273,1718.67659025191
energy_ga,9.47695115955976,182.1685775193723,1726.6846497982256
energy_ga,9.52091727503485,182.21899553013046,1734.6950028554168
energy_ga,9.564883390509939,182.26609793091254,1742.707499709445
energy_ga,9.60884950598503,182.31007203155494,1750.721998703463
energy_ga,9.65281562146012,182.35111140252258,1758.7383665535358
energy_ga,9.696781736935208,182.38941411314877,1766.756478585169
energy_ga,9.740747852410298,182.42518105290867,1774.7762188942036
energy_ga,9.784713967885388,182.45861433920325,1782.797480435803
energy_ga,9.828680083360478,182.48991581469357,1790.8201650454082
energy_ga,9.872646198835568,182.5192856367744,1798.844183395651
energy_ga,9.916612314310656,182.5469209613323,1806.8694548933236
energy_ga,9.960578429785746,182.57301472248813,1814.8959075205896
energy_ga,10.004544545260837,182.59775450958105,1822.923477624682
energy_ga,10.048510660735925,182.62132154221663,1830.9521096603812
energy_ga,10.092476776211015,182.64388974377113,1838.9817558895977
energy_ga,10.136442891686105,182.6656249133252,1847.0123760423792
energy_ga,10.180409007161195,182.68668399558922,1855.0439369436692
energy_ga,10.224375122636284,182.70721444798383,1863.0764121101006
energy_ga,10.268341238111374,182.72735370365666,1871.109781321073
energy_ga,10.312307353586464,182.74722872884146,1879.1440301682917
energy_ga,10.356273469061552,182.766955672615,1887.1791495878804
energy_ga,10.400239584536642,182.78663960676352,1895.2151353790741
energy_ga,10.444205700011732,182.80637435315387,1903.2519877133982
energy_ga,10.488171815486822,182.82624239569697,1911.2897106381179
energy_ga,10.532137930961913,182.8463148737105,1919.328311577607
energy_ga,10.576104046437003,182.8666516532207,1927.3678008361376
energy_ga,10.620070161912091,182.8873014725006,1935.4081911054354
energy_ga,10.664036277387181,182.90830215791686,1943.449496980183
energy_ga,10.708002392862271,182.92968090595576,1951.4917344844632
energy_ga,10.75196850833736,182.95145462711795,1959.534920611965
energy_ga,10.79593462381245,182.97363034720996,1967.5790728825716
energy_ga,10.83990073928754,182.99620566142542,1975.6242089177492
energy_ga,10.88386685476263,183.01916923648886,1983.6703460369592
energy_ga,10.927832970237718,183.04250135604437,1991.7175008770969
energy_ga,10.971799085712808,183.06617450439614,1999.7656890367532
energy_ga,11.015765201187898,183.09015398365597,2007.8149247468737
energy_ga,11.059731316662987,183.11439855932534,2015.8652205691776
energy_ga,11.103697432138077,183.13886112932792,2023.9165871234773
energy_ga,11.147663547613167,183.16348941152094,2031.9690328448153
energy_ga,11.191629663088257,183.1882266447458,2040.022563771129
energy_ga,11.235595778563347,183.21301229852975,2048.077183361927
energy_ga,11.279561894038435,183.23778278661985,2056.132892348253
energy_ga,11.323528009513526,183.26247217962324,2064.1896886140007
energy_ga,11.367494124988614,183.28701291213187,2072.24756710844
energy_ga,11.411460240463704,183.311336479837,2080.306519789612
energy_ga,11.455426355938794,183.33537412228108,2088.3665355980593
energy_ga,11.499392471413884,183.35905748705085,2096.4276004601634
energy_ga,11.543358586888974,183.38231927139185,2104.4896973201908
energy_ga,11.587324702364064,183.4050938374096,2112.552806199966
energy_ga,11.631290817839153,183.42731779722652,2120.616904284933
energy_ga,11.675256933314243,183.44893056467808,2128.6819660352066
energy_ga,11.719223048789331,183.46987487035787,2136.747963320076
energy_ga,11.763189164264421,183.4900972370595,2144.814865574281
energy_ga,11.807155279739511,183.50954841291298,2152.882639974263
energy_ga,11.851121395214602,183.52818375976747,2160.9512516324726
energy_ga,11.895087510689692,183.54596359464352,2169.0206638077248
energy_ga,11.93905362616478,183.56285348234542,2177.09083812949
energy_ga,11.98301974163987,183.57882447760952,2185.161734833943
energy_ga,12.026985857114958,183.59385331544803,2193.233313009516
energy_ga,12.070951972590048,183.6079225486361,2201.3055308496655
energy_ga,12.114918088065139,183.62102063158815,2209.378345910494
energy_ga,12.158884203540229,183.63314195016025,2217.451715370882
energy_ga,12.202850319015319,183.64428679721883,2225.5255962927326
energy_ga,12.246816434490409,183.65446129410935,2233.5999458789524
energy_ga,12.290782549965499,183.66367725846067,2241.674721726801
energy_ga,12.334748665440587,183.67195201905477,2249.7498820742658
energy_ga,12.378714780915677,183.6793081787863,2257.8253860371547
energy_ga,12.422680896390766,183.68577332702804,2265.901193834655
energy_ga,12.466647011865856,183.69137970300315,2273.977267001169
energy_ga,12.510613127340946,183.69616381204693,2282.053568582315
energy_ga,12.554579242816036,183.70016599691496,2290.1300633130677
energy_ga,12.598545358291126,183.70342996656072,2298.2067177761146
energy_ga,12.642511473766216,183.7060022850662,2306.283500538621
energy_ga,12.686477589241305,183.7079318236571,2314.3603822657115
energy_ga,12.730443704716395,183.7092691789727,2322.4373358091193
energy_ga,12.774409820191483,183.71006606099155,2330.5143362695894
energy_ga,12.818375935666573,183.71037465422725,2338.591361031786
energy_ga,12.862342051141663,183.71024695601193,2346.668389770609
energy_ga,12.906308166616753,183.70973409587836,2354.7454044280003
energy_ga,12.950274282091842,183.70888564021968,2362.8223891595076
energy_ga,12.994240397566932,183.70774888657363,2370.8993302500444
energy_ga,13.03820651304202,183.706368152014,2378.9762159984925
energy_ga,13.08217262851711,183.7047840602639,2387.053036570993
energy_ga,13.1261387439922,183.7030328322525,2395.1297838229666
energy_ga,13.17010485946729,183.7011455849286,2403.206451090127
energy_ga,13.21407097494238,183.69914764321638,2411.283032948952
energy_ga,13.25803709041747,183.69705787005083,2419.359524947305
energy_ga,13.30200320589256,183.69488801946702,2427.435923306103
energy_ga,13.34596932136765,183.6926421177242,2435.512224593163
energy_ga,13.38993543684274,183.69031587744564,2443.588425370561
energy_ga,13.433901552317828,183.68789614971868,2451.6645218170697
energy_ga,13.477867667792918,183.68536041905526,2459.740509327451
energy_ga,13.521833783268008,183.6826763460381,2467.8163820905866
energy_ga,13.565799898743098,183.6798013623863,2475.8921326486584
energy_ga,13.609766014218188,183.676682323058,2483.967751439777
energy_ga,13.653732129693278,183.6732552198715,2492.043226326667
energy_ga,13.697698245168366,183.66944496096684,2500.1185421142077
energy_ga,13.741664360643457,183.66516522025168,2508.19368005882
energy_ga,13.785630476118545,183.66031836076988,2516.268617372853
energy_ga,13.829596591593635,183.6547954357144,2524.343326727314
energy_ga,13.873562707068725,183.64847627055698,2532.417775756422
energy_ga,13.917528822543815,183.64122962950714,2540.491926567629
energy_ga,13.961494938018904,183.63291346922927,2548.5657352608755
energy_ga,14.005461053493994,183.623375282444,2556.63915146098
energy_ga,14.049427168969082,183.61245253372007,2564.7121178671578
energy_ga,14.093393284444172,183.59997318942493,2572.784569823774
energy_ga,14.137359399919262,183.58575634344902,2580.8564349164976
energy_ga,14.181325515394352,183.56961293994752,2588.927632598104
energy_ga,14.225291630869442,183.55134659396123,2596.998073848201
energy_ga,14.269257746344532,183.5307545103816,2605.067660871197
energy_ga,14.313223861819623,183.50762850131397,2613.1362868368383
energy_ga,14.357189977294711,183.48175610147678,2621.203835667627
energy_ga,14.401156092769801,183.4529217808484,2629.2701818774217
energy_ga,14.44512220824489,183.42090825333457,2637.335190465457
energy_ga,14.48908832371998,183.385497879794,2645.3987168699828
energy_ga,14.53305443919507,183.34647416331615,2653.4606069856104
energy_ga,14.57702055467016,183.30362333419956,2661.5206972483747
energy_ga,14.62098667014525,183.2567360216377,2669.5788147923895
energy_ga,14.66495278562034,183.2056090086775,2677.634777681827
energy_ga,14.708918901095428,183.15004706658206,2685.6883952218054
energy_ga,14.752885016570518,183.0898648643009,2693.7394683515754
energy_ga,14.796851132045607,183.02488894833434,2701.7877901232055
energy_ga,14.840817247520697,182.9549597878741,2709.8331462687515
energy_ga,14.884783362995787,182.87993387971548,2717.8753158586546
energy_ga,14.928749478470877,182.79968590706264,2725.9140720538708
energy_ga,14.972715593945967,182.71411094600506,2733.949182953961
energy_ga,15.016681709421055,182.62312671311446,2741.9804125430965
energy_ga,15.060647824896144,182.5266758473183,2750.0075217356352
energy_ga,15.104613940371234,182.4247282189387,2758.030269522622
energy_ga,15.148580055846324,182.3172832585551,2766.04841422024
energy_ga,15.192546171321414,182.204372298156,2774.0617148209285
energy_ga,15.236512286796504,182.086060916892,2782.0699324475304
energy_ga,15.280478402271594,181.9624512836373,2790.072831910502
energy_ga,15.324444517746683,181.8336844885058,2798.0701833678763
energy_ga,15.368410633221773,181.6999428554676,2806.061764087318
energy_ga,15.412376748696863,181.561452228257,2814.0473603092646
energy_ga,15.456342864171951,181.41848422188292,2822.026769209818
energy_ga,15.500308979647041,181.27135843222533,2829.9998009617048
energy_ga,15.544275095122131,181.120444596452,2837.966280891297
energy_ga,15.588241210597221,180.96616469731313,2845.9260517293937
energy_ga,15.632207326072312,180.80899500477182,2853.878975953134
energy_ga,15.676173441547402,180.64946804891625,2861.8249382161675
energy_ga,15.720139557022492,180.48817451867586,2869.763847863932
energy_ga,15.764105672497578,180.3257650815353,2877.6956415306736
energy_ga,15.808071787972668,180.16295212021288,2885.620285814653
energy_ga,15.852037903447759,180.00051138315106,2893.5377800278015
energy_ga,15.896004018922849,179.8392835466626,2901.44815901601
energy_ga,15.939970134397939,179.68017568768886,2909.35149604613
energy_ga,15.983936249873029,179.52416266737504,2917.2479057557657
energy_ga,16.02790236534812,179.37228842704633,2925.1375471619745
energy_ga,16.07186848082321,179.2256671996997,2933.020626725083
energy_ga,16.115834596298296,179.0854846418053,2940.8974014640203
energy_ga,16.159800711773386,178.95299889206643,2948.7681821198084
energy_ga,16.203766827248476,178.82954156581008,2956.6333363641793
energy_ga,16.247732942723566,178.71651869589718,2964.493292050744
energy_ga,16.291699058198656,178.61541163346698,2972.3485405066426
energy_ga,16.335665173673746,178.52777792446133,2980.1996398632655
energy_ga,16.379631289148833,178.4552521807575,2988.0472184253917
energy_ga,16.423597404623923,178.39954696785517,2995.8919780789956
energy_ga,16.467563520099013,178.36245373446835,3003.734697738997
energy_ga,16.502926120354253,178.41703569140162,3010.043022970915
energy_ga,16.538288720609494,178.49520447982155,3016.3536954086035
energy_ga,16.573651320864734,178.59466801821506,3022.6675086167747
energy_ga,16.609013921119974,178.71323477618265,3028.985176884053
energy_ga,16.644376521375214,178.84881250747682,3035.3073387563218
energy_ga,16.679739121630455,178.99940694607383,3041.6345605246147
energy_ga,16.715101721885695,179.16312045455695,3047.9673396660523
energy_ga,16.750464322140935,179.33815061622838,3054.306108235988
energy_ga,16.785826922396172,179.52278876426337,3060.6512362092535
energy_ga,16.821189522651412,179.71541844290007,3067.0030347681914
energy_ga,16.856552122906653,179.91451379715417,3073.3617595350033
energy_ga,16.891914723161893,180.11863788886254,3079.7276137458566
energy_ga,16.927277323417133,180.32644093803654,3086.100751364119
energy_ga,16.962639923672373,180.53665848954088,3092.481280130081
energy_ga,16.998002523927614,180.74810950603285,3098.869264544548
energy_ga,17.033365124182854,180.95969438890998,3105.2647287837167
energy_ga,17.068727724438094,181.1703929297302,3111.667659542839
energy_ga,17.104090324693335,181.37926219520008,3118.078008806268
energy_ga,17.139452924948575,181.58543434937943,3124.495696541603
energy_ga,17.174815525203815,181.78811441723397,3130.920613315784
energy_ga,17.210178125459056,181.98657799408304,3137.352622831141
energy_ga,17.245540725714296,182.18016890584784,3143.7915643795777
energy_ga,17.280903325969536,182.3682968253091,3150.2372552132338
energy_ga,17.316265926224773,182.55043484982957,3156.6894928301717
energy_ga,17.351628526480013,182.72611704620385,3163.1480571738275
energy_ga,17.386991126735253,182.89493596845298,3169.6127127451564
energy_ga,17.422353726990494,183.0565401544952,3176.0832106266316
energy_ga,17.457716327245734,183.210631607703,3182.5592904174537
energy_ga,17.493078927500974,183.35696326939066,3189.0406820795356
energy_ga,17.528441527756215,183.49533648828032,3195.5271076940585
energy_ga,17.563804128011455,183.6255984929646,3202.0182831285942
energy_ga,17.599166728266695,183.7476398733185,3208.5139196150044
energy_ga,17.634529328521936,183.86139207672426,3215.013725238537
energy_ga,17.669891928777176,183.96682492485107,3221.5174063387494
energy_ga,17.705254529032416,184.06394415658866,3228.0246688230773
energy_ga,17.740617129287656,184.15278900256186,3234.535219394076
energy_ga,17.775979729542897,184.23342979646415,3241.048766691541
energy_ga,17.811342329798137,184.3059656282357,3247.565022350897
energy_ga,17.846704930053377,184.37052204388138,3254.0837019794244
energy_ga,17.882067530308618,184.42724879647793,3260.60452605205
energy_ga,17.917430130563854,184.4763176526566,3267.127220728586
energy_ga,17.952792730819095,184.51792025857415,3273.651518594457
energy_ga,17.988155331074335,184.55226606909704,3280.1771593270732
energy_ga,18.023517931329575,184.57958034362795,3286.703890290159
energy_ga,18.058880531584816,184.60010221170023,3293.231467058439
energy_ga,18.094243131840056,184.61408281115357,3299.7596538752027
energy_ga,18.129605732095296,184.6217835013885,3306.2882240453564
energy_ga,18.164968332350536,184.6234741538798,3312.8169602666594
energy_ga,18.200330932605777,184.61943152180618,3319.3456549019056
energy_ga,18.235693532861017,184.60993769033254,3325.874110194877
energy_ga,18.271056133116257,184.59527860876264,3332.4021384329444
energy_ga,18.306418733371498,184.57574270545985,3338.929562059221
energy_ga,18.341781333626738,184.55161958612126,3345.4562137372154
energy_ga,18.377143933881978,184.52319881568081,3351.981936370925
energy_ga,18.41250653413722,184.4907687838147,3358.5065830833355
energy_ga,18.44786913439246,184.45461565372554,3365.030017156276
energy_ga,18.483231734647696,184.4150223935959,3371.5521119345563
energy_ga,18.518594334902936,184.3722678898227,3378.072750697309
energy_ga,18.553956935158176,184.3266261408773,3384.5918264993875
energy_ga,18.589319535413416,184.2783655303765,3391.109241985666
energy_ga,18.624682135668657,184.22774817770988,3397.6249091810014
energy_ga,18.660044735923897,184.17502936433036,3404.138749258571
energy_ga,18.695407336179137,184.12045703359917,3410.6506922892204
energy_ga,18.730769936434378,184.06427136187054,3417.160676974387
energy_ga,18.766132536689618,184.0067043983079,3423.668650365069
energy_ga,18.801495136944858,183.94797977074782,3430.174567569226
energy_ga,18.8368577372001,183.88831245476584,3436.678391449896
energy_ga,18.87222033745534,183.82790860295046,3443.180092316212
energy_ga,18.90758293771058,183.76696543125982,3449.6796476093855
energy_ga,18.94294553796582,183.7056711592226,3456.1770415856295
energy_ga,18.97830813822106,183.64420500063866,3462.672264997856
energy_ga,19.0136707384763,183.58273720135648,3469.165314777878
energy_ga,19.049033338731537,183.52142912063024,3475.656193720716
energy_ga,19.084395938986777,183.46043335250945,3482.1449101724966
energy_ga,19.119758539242017,183.39989388367357,3488.6314777232765
energy_ga,19.155121139497258,183.33994628410258,3495.115914906038
energy_ga,19.190483739752498,183.28071792696502,3501.5982449029416
energy_ga,19.225846340007738,183.2223282341141,3508.078495259803
energy_ga,19.26120894026298,183.1648889436012,3514.5566976096457
energy_ga,19.29657154051822,183.1085043956523,3521.0328874060388
energy_ga,19.33193414077346,183.0532718336017,3527.5071036668105
energy_ga,19.3672967410287,182.99928171633937,3533.9793887286087
energy_ga,19.40265934128394,182.9466180389018,3540.4497880126532
energy_ga,19.43802194153918,182.89535865792516,3546.9183498019115
energy_ga,19.47338454179442,182.84557561877585,3553.385125029814
energy_ga,19.50874714204966,182.79733548128434,3559.850167080511
energy_ga,19.544109742304897,182.75069964112924,3566.3135316005714
energy_ga,19.579472342560138,182.7057246440476,3572.7752763219246
energy_ga,19.614834942815378,182.66246249018772,3579.2354608957294
energy_ga,19.650197543070618,182.62096092606967,3585.694146736797
energy_ga,19.68556014332586,182.5812637217763,3592.15139687807
energy_ga,19.7209227435811,182.54341093116048,3598.607275834608
energy_ga,19.75628534383634,182.50743913302702,3605.061849476436
energy_ga,19.79164794409158,182.47338165142747,3611.515184909551
energy_ga,19.82701054434682,182.44126875338424,3617.967350364324
energy_ga,19.86237314460206,182.41112782255797,3624.418415090465
energy_ga,19.8977357448573,182.38298350755693,3630.868449257681
energy_ga,19.93309834511254,182.35685784379083,3637.3175238611148
energy_ga,19.96846094536778,182.3327703479696,3643.7657106306033
energy_ga,20.00382354562302,182.31073808454946,3650.213081942787
energy_ga,20.03918614587826,182.290775703639,3656.659710735061
energy_ga,20.0745487461335,182.27289545007866,3663.1056704203565
energy_ga,20.109911346388742,182.25710714361804,3669.551034801738
energy_ga,20.145273946643982,182.24341813032387,3675.9958779857816
energy_ga,20.180636546899223,182.23183320555557,3682.440274293741
energy_ga,20.21599914715446,182.22235450905345,3688.88429816949
energy_ga,20.2513617474097,182.21498139289014,3695.328024083283
energy_ga,20.28672434766494,182.20971026323502,3701.77152643037
energy_ga,20.32208694792018,182.20653439708292,3708.2148794235895
energy_ga,20.35744954817542,182.20544373529387,3714.658156979048
energy_ga,20.39281214843066,182.20642465348087,3721.1014325940964
energy_ga,20.4281747486859,182.20945971247147,3727.544779216843
energy_ga,20.46353734894114,182.21452739024795,3733.98826910651
energy_ga,20.49889994919638,182.22160179744907,3740.4319736840257
energy_ga,20.534262549451622,182.23065237868357,3746.8759633723016
energy_ga,20.569625149706862,182.2416436020666,3753.32030742574
energy_ga,20.6049877499621,182.25453463954713,3759.7650737485997
energy_ga,20.64035035021734,182.2692790407369,3766.2103287019454
energy_ga,20.67571295047258,182.2858244030899,3772.6561368989915
energy_ga,20.71107555072782,182.30411204140793,3779.1025609887765
energy_ga,20.74643815098306,182.3240766597657,3785.5496614281924
energy_ga,20.7818007512383,182.34564602905323,3791.9974962425094
energy_ga,20.81716335149354,182.3687406734321,3798.446120774657
energy_ga,20.85252595174878,182.39327356908188,3804.8955874236344
energy_ga,20.88788855200402,182.41914985868797,3811.3459453725454
energy_ga,20.92325115225926,182.44626658517763,3817.7972403068784
energy_ga,20.958613752514502,182.47451244826067,3824.2495141237737
energy_ga,20.993976352769742,182.50376758735806,3830.702804633146
energy_ga,21.029338953024983,182.53390339452656,3837.157145251664
energy_ga,21.064701553280223,182.56478236098533,3843.612564690707
energy_ga,21.100064153535463,182.59625796084413,3850.069086639551
energy_ga,21.135426753790703,182.62817457560527,3856.526729445168
energy_ga,21.170789354045944,182.66036746297195,3862.9855057901327
energy_ga,21.206151954301184,182.6926627734385,3869.4454223702783
energy_ga,21.241514554556424,182.72487761806894,3875.9064795738373
energy_ga,21.276877154811665,182.75682019078144,3882.3686711639475
energy_ga,21.312239755066905,182.78828994835445,3888.8319839665014
energy_ga,21.347602355322145,182.81907785125398,3895.2963975654357
energy_ga,21.382964955577386,182.84896666824557,3901.761884007665
energy_ga,21.418327555832626,182.87773134760732,3908.2284075199664
energy_ga,21.453690156087863,182.90513945759727,3914.695924240215
energy_ga,21.489052756343103,182.93095169864728,3921.1643819654637
energy_ga,21.524415356598343,182.95492248956447,3927.6337199194422
energy_ga,21.559777956853583,182.97680062981365,3934.103868542133
energy_ga,21.595140557108824,182.9963300397304,3940.5747493041463
energy_ga,21.630503157364064,183.0132505802841,3947.046274548673
energy_ga,21.665865757619304,183.02729895376117,3953.5183473638635
energy_ga,21.701228357874545,183.03820968647784,3959.9908614885017
energy_ga,21.736590958129785,183.04571619436655,3966.4637012538983
energy_ga,21.77195355838502,183.04955193199598,3972.9367415649413
energy_ga,21.807316158640262,183.04945162529492,3979.4098479232603
energy_ga,21.842678758895502,183.04515258795425,3985.882876495457
energy_ga,21.878041359150743,183.03639612117263,3992.355674229367
energy_ga,21.913403959405983,183.02292899609904,3998.82807902128
energy_ga,21.948766559661223,183.00450501801154,4005.299919937026
energy_ga,21.984129159916463,182.9808866709417,4011.771017489803
energy_ga,22.019491760171704,182.95184684113806,4018.2411839775505
energy_ga,22.054854360426944,182.9171706174301,4024.710223882633
energy_ga,22.090216960682184,182.87665716622726,4031.1779343365065
energy_ga,22.125579560937425,182.83012167856668,4037.6441056519666
energy_ga,22.160942161192665,182.77739738629558,4044.108521925467
energy_ga,22.196304761447905,182.71833764415933,4050.5709617119055
energy_ga,22.231667361703146,182.65281807425205,4057.0311987741384
energy_ga,22.267029961958386,182.5807387689813,4063.4890029093617
energy_ga,22.302392562213626,182.50202654840368,4069.94414085436
energy_ga,22.337755162468866,182.4166372675017,4076.396377271459
energy_ga,22.373117762724107,182.32455816869924,4082.8454758168737
energy_ga,22.408480362979347,182.22581027465492,4089.291200292955
energy_ga,22.443842963234587,182.12045081613059,4095.7333158856777
energy_ga,22.479205563489824,182.00857568950462,4102.171590488501
energy_ga,22.514568163745064,181.89032193829755,4108.605796113568
energy_ga,22.549930764000305,181.7658702528909,4115.035710390968
energy_ga,22.585293364255545,181.63544748246122,4121.46111815662
energy_ga,22.620655964510785,181.49932915301403,4127.881813129088
energy_ga,22.656018564766025,181.35784198529612,4134.297599675444
energy_ga,22.691381165021266,181.21136640628265,4140.708294666049
energy_ga,22.726743765276506,181.06033904789155,4147.11372941793
energy_ga,22.762106365531746,180.9052552265584,4153.513751726169
energy_ga,22.797468965786987,180.7466713973308,4159.908227982538
energy_ga,22.832831566042227,180.5852075761983,4166.2970453803455
energy_ga,22.868194166297467,180.42154972447594,4172.680114204278
energy_ga,22.903556766552708,180.25645208920346,4179.0573702037755
energy_ga,22.938919366807948,180.0907394937144,4185.428777048298
energy_ga,22.974281967063185,179.92530957277282,4191.794328862602
energy_ga,23.009644567318425,179.7611349469715,4198.154052839992
energy_ga,23.045007167573665,179.5992653314442,4204.508011931296
energy_ga,23.080369767828905,179.44082957436737,4210.856307607175
energy_ga,23.115732368084146,179.28703762121842,4217.1990826912015
energy_ga,23.151094968339386,179.13918240133066,4223.536524261029
energy_ga,23.186457568594626,178.99864163394236,4229.868866614849
energy_ga,23.221820168849867,178.86687955169126,4236.196394300259
energy_ga,23.257182769105107,178.74544854036387,4242.519445202592
energy_ga,23.292545369360347,178.6359906946884,4248.8384136897475
energy_ga,23.327907969615588,178.54023929106955,4255.153753810578
energy_ga,23.363270569870828,178.46002017942217,4261.465982543914
energy_ga,23.398633170126068,178.39725309768428,4267.77568309545
energy_ga,23.43399577038131,178.35395291420232,4274.083508239837
energy_ga,23.46935837063655,178.33223080499735,4280.390183705552
energy_ga,23.50472097089179,178.33429537497764,4286.696511600416
energy_ga,23.54008357114703,178.36245373446835,4293.003373875967
energy_ga,23.641146676432786,178.66225508006497,4311.044386744236
energy_ga,23.742209781718543,178.95657845575363,4329.115421657137
energy_ga,23.8432728870043,179.2451853736508,4347.215912942855
energy_ga,23.944335992290057,179.52785308627548,4365.3452716226375
energy_ga,24.045399097575814,179.80437461495168,4383.502887003005
energy_ga,24.14646220286157,180.0745588972127,4401.688128276837
energy_ga,24.247525308147328,180.33823101840125,4419.900346143625
energy_ga,24.348588413433085,180.59523249659134,4438.138874455809
energy_ga,24.44965151871884,180.84542159363215,4456.4030318952455
energy_ga,24.5507146240046,181.08867362854312,4474.692123681218
energy_ga,24.651777729290355,181.3248812726895,4493.005443309202
energy_ga,24.752840834576112,181.55395480914038,4511.342274317657
energy_ga,24.85390393986187,181.77582234136796,4529.701892078463
energy_ga,24.954967045147626,181.99042993900096,4548.083565605271
energy_ga,25.056030150433383,182.1977417107012,4566.486559372902
energy_ga,25.15709325571914,182.39773979639855,4584.910135140033
energy_ga,25.258156361004897,182.59042427311076,4603.353553766739
energy_ga,25.359219466290654,182.77581297038705,4621.816077017939
energy_ga,25.46028257157641,182.95394119307397,4640.296969343517
energy_ga,25.561345676862167,183.1248613505953,4658.795499625694
energy_ga,25.662408782147924,183.28864249329118,4677.310942884243
energy_ga,25.76347188743368,183.44536975757222,4695.842581930231
energy_ga,25.86453499271944,183.59514372271914,4714.38970895923
energy_ga,25.965598098005195,183.73807968311422,4732.951627075239
energy_ga,26.066661203290955,183.87430684051898,4751.527651737033
energy_ga,26.16772430857671,184.00396742173407,4770.117112119086
energy_ga,26.26878741386247,184.1272157275914,4788.719352379882
energy_ga,26.369850519148226,184.24421711974222,4807.33373283094
energy_ga,26.470913624433983,184.35514695212427,4825.959631000669
energy_ga,26.57197672971974,184.46018945432357,4844.596442587793
energy_ga,26.673039835005497,184.55953657429984,4863.243582299869
energy_ga,26.774102940291254,184.65338678811221,4881.900484573187
energy_ga,26.87516604557701,184.74194388439034,4900.566604171098
energy_ga,26.976229150862768,184.82541573132903,4919.2414166586095
energy_ga,27.077292256148525,184.90401303396035,4937.924418751884
energy_ga,27.17835536143428,184.97794808937712,4956.615128542039
energy_ga,27.27941846672004,185.0474335474479,4975.313085593421
energy_ga,27.380481572005795,185.11268118438406,4994.0178509172865
energy_ga,27.481544677291552,185.17390069629846,5012.729006822542
energy_ga,27.58260778257731,185.23129851963074,5031.446156645918
energy_ga,27.683670887863066,185.28507668502257,5050.16892436462
energy_ga,27.784733993148823,185.3354317108943,5068.896954095158
energy_ga,27.88579709843458,185.3825535426261,5087.629909482658
energy_ga,27.986860203720337,185.4266245428632,5106.3674729855475
energy_ga,28.087923309006094,185.46781853807235,5125.109345061042
energy_ga,28.18898641429185,185.50629992605724,5143.855243257358
energy_ga,28.290049519577607,185.54222284871423,5162.604901219013
energy_ga,28.391112624863364,185.57573043386822,5181.358067612029
energy_ga,28.49217573014912,185.60695410958206,5200.114504976162
energy_ga,28.593238835434878,185.63601299387656,5218.873988511648
energy_ga,28.694301940720635,185.6630133623427,5237.636304808218
energy_ga,28.795365046006392,185.68804819566992,5256.401250524325
energy_ga,28.89642815129215,185.711196808658,5275.168631024787
energy_ga,28.997491256577906,185.73252456182615,5293.938258985087
energy_ga,29.098554361863663,185.75208265628996,5312.7099529707475
energy_ga,29.19961746714942,185.76990801213208,5331.483536000196
energy_ga,29.300680572435176,185.7860232300679,5350.258834099535
energy_ga,29.401743677720933,185.8004366357843,5369.035674857628
energy_ga,29.50280678300669,185.81314240592576,5387.813885989783
energy_ga,29.603869888292447,185.82412077430703,5406.59329391823
energy_ga,29.704932993578204,185.83333831655673,5425.373722377399
energy_ga,29.80599609886396,185.8407483110302,5444.154991051814
energy_ga,29.907059204149718,185.84629117349226,5462.936914254202
energy_ga,30.008122309435475,185.84989496273866,5481.719299651102
energy_ga,30.10918541472123,185.85147595402316,5500.5019470430125
energy_ga,30.210248520006992,185.85093927686725,5519.284647205738
energy_ga,30.311311625292745,185.84817961356762,5538.067180799261
energy_ga,30.412374730578506,185.84308195446667,5556.849317350085
energy_ga,30.51343783586426,185.83552240583404,5575.630814312548
energy_ga,30.61450094115002,185.82536904600227,5594.411416214246
energy_ga,30.715564046435773,185.81248282522333,5613.1908538901625
energy_ga,30.81662715172153,185.7967185045565,5631.968843809736
energy_ga,30.917690257007287,185.77792562896505,5650.745087500528
energy_ga,31.018753362293047,185.75594952968956,5669.519271071721
energy_ga,31.1198164675788,185.73063235087872,5688.291064840141
energy_ga,31.22087957286456,185.70181409539174,5707.060123061015
energy_ga,31.321942678150315,185.66933368464876,5725.826083765107
energy_ga,31.423005783436075,185.63303002738263,5744.588568703447
energy_ga,31.524068888721832,185.59274309214894,5763.34718340023
energy_ga,31.62513199400759,185.54831497847724,5782.1015173140595
energy_ga,31.726195099293346,185.49959098158845,5800.8511441071105
energy_ga,31.827258204579103,185.44642064567498,5819.595622021319
energy_ga,31.92832130986486,185.38865880082142,5838.334494360196
energy_ga,32.029384415150616,185.32616657875369,5857.067290074359
energy_ga,32.13044752043637,185.25881240273011,5875.7935244484215
energy_ga,32.23151062572213,185.18647294702885,5894.51269988638
energy_ga,32.332573731007884,185.10903406165127,5913.22430679221
energy_ga,32.433636836293644,185.02639165803677,5931.927824541959
energy_ga,32.534699941579404,184.9384525517808,5950.622722543162
energy_ga,32.63576304686516,184.84513525855562,5969.308461377072
energy_ga,32.73682615215091,184.74637073965897,5987.98449401878
energy_ga,32.83788925743667,184.64210309385393,6006.650267129971
energy_ga,32.93895236272243,184.532290192408,6025.3052224187195
energy_ga,33.040015468008185,184.41690425450938,6043.948798060461
energy_ga,33.14107857329394,184.29593236050053,6062.580430173976
energy_ga,33.2421416785797,184.16937690065686,6081.199554345982
energy_ga,33.34320478386546,184.0372559575253,6099.805607197713
energy_ga,33.44426788915121,183.89960362013255,6118.3980279867155
energy_ga,33.545330994436966,183.75647022867867,6136.97626023688
energy_ga,33.64639409972273,183.6079225486361,6155.539753389627
energy_ga,33.74745720500849,183.45404387348907,6174.087964469086
energy_ga,33.84852031029424,183.29493405565842,6192.620359754033
energy_ga,33.949583415579994,183.13070946547774,6211.136416449322
energy_ga,34.050646520865754,182.96150287839976,6229.635624349525
energy_ga,34.151709626151515,182.78746329092837,6248.117487487589
energy_ga,34.25277273143727,182.60875566608814,6266.581525761323
energy_ga,34.35383583672303,182.4255606095502,6285.027276530664
energy_ga,34.45489894200878,182.23807397784486,6303.454296178759
energy_ga,34.55596204729454,182.0465064203906,6321.8621616301425
energy_ga,34.657025152580296,181.85108285736564,6340.250471819348
energy_ga,34.758088257866056,181.65204189573686,6358.618849103661
energy_ga,34.85915136315181,181.44963518604106,6376.9669406138355
energy_ga,34.96021446843757,181.24412672278368,6395.2944195369755
energy_ga,35.06127757372332,181.03579209157945,6413.600986326001
energy_ga,35.162340679009084,180.82491766641027,6431.886369830527
energy_ga,35.26340378429484,180.61179976060774,6450.150328344259
energy_ga,35.3644668895806,180.39674373539563,6468.392650564457
energy_ga,35.46552999486635,180.1800630700291,6486.613156459345
energy_ga,35.566593100152105,179.9620783977658,6504.811698039844
energy_ga,35.667656205437865,179.74311651207864,6522.988160032348
energy_ga,35.768719310723625,179.52350934767836,6541.14246044981
energy_ga,35.86978241600938,179.3035929410579,6559.274551058804
energy_ga,35.97084552129514,179.0837063753938,6577.384417740753
energy_ga,36.07190862658089,178.86419071474216,6595.47208074597
energy_ga,36.17297173186665,178.64538793255517,6613.5375948397195
energy_ga,36.274034837152406,178.4276398396027,6631.581049339939
energy_ga,36.37509794243817,178.21128701643303,6649.602568046866
energy_ga,36.47616104772392,177.99666775552316,6667.602309065236
energy_ga,36.57722415300968,177.7841170182729,6685.580464520359
energy_ga,36.678287258295434,177.5739654119724,6703.5372601697545
energy_ga,36.779350363581194,177.36653819182942,6721.4729549127005
energy_ga,36.88041346886695,177.16215429307547,6739.387840200412
energy_ga,36.98147657415271,176.9611253980791,6757.282239350195
energy_ga,37.08253967943847,176.76375504328234,6775.156506767314
energy_ga,37.18360278472422,176.57033777063896,6793.011027078864
energy_ga,37.284665890009975,176.38115832807736,6810.846214184358
energy_ga,37.385728995295736,176.19649092332568,6828.662510228209
energy_ga,37.486792100581496,176.01659853523572,6846.4603844996955
energy_ga,37.58785520586725,175.84173228651312,6864.2403322664495
energy_ga,37.688918311153,175.6721308815183,6882.002873547825
energy_ga,37.78998141643876,175.50802011252568,6899.748551834916
energy_ga,37.89104452172452,175.34961243754654,6917.477932764275
energy_ga,37.99210762701028,175.19710663250558,6935.191602752752
energy_ga,38.09317073229603,175.050687520234,6952.890167601033
energy_ga,38.19423383758179,174.91052577839315,6970.574251073798
energy_ga,38.29529694286755,174.77677782807882,6988.2444934645355
energy_ga,38.396360048153305,174.6495858044726,7005.901550153243
energy_ga,38.49742315343906,174.52907761051193,7023.546090165367
energy_ga,38.59848625872482,174.41536705413773,7041.178794740379
energy_ga,38.69954936401058,174.30855406925645,7058.800355918457
energy_ga,38.80061246929633,174.2087250201185,7076.4114751537145
energy_ga,38.901675574582086,174.11595308837013,7094.0128619623665
energy_ga,39.002738679867846,174.0302987415864,7111.6052326141335
energy_ga,39.10380178515361,173.95181028163407,7129.189308875021
energy_ga,39.20486489043936,173.88052447075174,7146.765816809456
energy_ga,39.30592799572512,173.81646723277385,7164.335485649493
energy_ga,39.406991101010874,173.75965442645975,7181.899046738524
energy_ga,39.508054206296634,173.7100926874329,7199.457232556618
energy_ga,39.60911731158239,173.66778033478,7217.01077583421
energy_ga,39.71018041686814,173.6327083379117,7234.560408760471
energy_ga,39.8112435221539,173.60486133885746,7252.106862292178
energy_ga,39.91230662743966,173.58421872473915,7269.650865568446
energy_ga,40.01336973272542,173.57075574476937,7287.193145436089
energy_ga,40.114432838011176,173.56444466573214,7304.734426089828
energy_ga,40.21549594329693,173.56525595954633,7322.275428830881
energy_ga,40.31655904858269,173.57315951617647,7339.816871946859
energy_ga,40.41762215386844,173.58812587485195,7357.359470715164
energy_ga,40.518685259154196,173.610127466291,7374.903937531387
energy_ga,40.61974836443996,173.63913985838974,7392.450982163406
energy_ga,40.72081146972572,173.67514299765534,7410.00131213117
energy_ga,40.82187457501147,173.7181224385183,7427.555633211339
energy_ga,40.922937680297224,173.7680705525702,7445.114650065141
energy_ga,41.024000785582984,173.82498770974266,7462.679066987023
energy_ga,41.125063890868745,173.88888342346897,7480.249588770851
energy_ga,41.2261269961545,173.959777451965,7497.826921689632
energy_ga,41.32719010144026,174.03770084793274,7515.411774583933
energy_ga,41.42825320672601,174.12269694922819,7533.0048600533855
energy_ga,41.52931631201177,174.2148223033632,7550.606895744988
energy_ga,41.63037941729753,174.31414751911996,7568.218605731142
energy_ga,41.731442522583286,174.42075803906275,7585.840721969764
energy_ga,41.83250562786904,174.53475482733836,7603.4739858381945
energy_ga,41.9335687331548,174.65625496786546,7621.1191497320815
energy_ga,42.03463183844056,174.78539216884135,7638.776978719985
energy_ga,42.135694943726314,174.9223171704324,7656.448252244082
energy_ga,42.23675804901207,175.06719805359143,7674.13376585708
energy_ga,42.33782115429783,175.22022044914186,7691.83433298529
energy_ga,42.43888425958359,175.38158764761795,7709.55078670782
energy_ga,42.53994736486934,175.55152061183932,7727.283981541961
energy_ga,42.641010470155095,175.73025789584833,7745.034795225106
energy_ga,42.742073575440855,175.91805547565053,7762.804130484018
energy_ga,42.843136680726616,176.11518649918352,7780.592916782914
energy_ga,42.94419978601237,176.3219409651051,7798.40211204268
energy_ga,43.04526289129812,176.5386253423455,7816.23270432464
energy_ga,43.14632599658388,176.76556214492092,7834.0857134736025
energy_ga,43.24738910186964,177.00308947926862,7851.962192716551
energy_ga,43.3484522071554,177.25156058433467,7869.863230215224
energy_ga,43.44951531244115,177.51134338785386,7887.789950573034
energy_ga,43.55057841772691,177.78282010569623,7905.743516299316
energy_ga,43.65164152301267,178.06638691483934,7923.725129236802
energy_ga,43.752704628298424,178.36245373446835,7941.736031961512
energy_ga,43.812952430641104,178.57749658329865,7952.488455748987
energy_ga,43.87320023298378,178.7964698789699,7963.253953795905
energy_ga,43.93344803532646,179.01847826916423,7974.032735931547
energy_ga,43.99369583766914,179.24267048625953,7984.824959370186
energy_ga,44.053943640011816,179.46823875030907,7995.63073134911
energy_ga,44.11419144235449,179.69441828065132,8006.450111733945
energy_ga,44.17443924469717,179.92048688381146,8017.28311559686
energy_ga,44.23468704703985,180.14576458907132,8028.129715771363
energy_ga,44.29493484938252,180.36961330655683,8038.989845385839
energy_ga,44.3551826517252,180.59143648593025,8049.863400376491
energy_ga,44.41543045406788,180.81067875679182,8060.750241979176
energy_ga,44.47567825641056,181.02682553469754,8071.650199198537
energy_ga,44.53592605875323,181.23940257929578,8082.563071251956
energy_ga,44.59617386109591,181.44797549349317,8093.488629985113
energy_ga,44.65642166343859,181.6521491547737,8104.426622255319
energy_ga,44.71666946578127,181.85156707183486,8115.376772278344
energy_ga,44.776917268123945,182.0459106615764,8126.338783934084
energy_ga,44.837165070466625,182.23489844318104,8137.312343026171
energy_ga,44.897412872809305,182.41828514758382,8148.297119490474
energy_ga,44.95766067515198,182.59586074202974,8159.292769547393
energy_ga,45.01790847749466,182.76744937069049,8170.298937792862
energy_ga,45.07815627983734,182.93290821344047,8181.31525922305
energy_ga,45.13840408218002,183.09212626590556,8192.341361187942
energy_ga,45.19865188452269,183.24502304478438,8203.376865269167
energy_ga,45.25889968686537,183.3915472232193,8214.42138907772
energy_ga,45.31914748920805,183.531675201664,8225.474547967517
energy_ga,45.37939529155072,183.66540962026374,8236.535956661095
energy_ga,45.4396430938934,183.79277781923767,8247.605230784122
energy_ga,45.49989089623608,183.91383025414058,8258.681988305772
energy_ga,45.56013869857876,184.02863887317903,8269.765850882502
energy_ga,45.620386500921434,184.13729546398497,8280.856445103127
energy_ga,45.680634303264114,184.2399099773967,8291.953403633617
energy_ga,45.740882105606794,184.3366088358812,8303.056366260425
energy_ga,45.80112990794947,184.4275332342529,8314.16498083168
energy_ga,45.861377710292146,184.51283744030113,8325.278904095996
energy_ga,45.921625512634826,184.5926871028503,8336.397802439129
energy_ga,45.981873314977506,184.66725757463232,8347.521352519128
energy_ga,46.04212111732018,184.7367322571634,8358.649241801118
energy_ga,46.10236891966286,184.80130097459283,8369.781168993242
energy_ga,46.16261672200554,184.86115838322002,8380.91684438569
energy_ga,46.22286452434822,184.91650242308552,8392.055990095188
energy_ga,46.28311232669089,184.96753281770748,8403.198340217637
energy_ga,46.34336012903357,185.01444962768534,8414.343640891999
energy_ga,46.40360793137625,185.05745186351524,8425.49165027881
energy_ga,46.46385573371892,185.09673616256498,8436.642138457062
energy_ga,46.5241035360616,185.1324955347473,8447.794887243454
energy_ga,46.58435133840428,185.16491818100164,8458.94968993823
energy_ga,46.64459914074696,185.19418638826332,8470.106351002181
energy_ga,46.704846943089635,185.22047550415294,8481.264685669443
energy_ga,46.765094745432314,185.24395299417208,8492.424519501023
energy_ga,46.825342547774994,185.26477758374173,8503.58568788407
energy_ga,46.88559035011767,185.2830984869648,8514.748035482073
energy_ga,46.94583815246035,185.29905472355222,8525.911415641249
energy_ga,47.00608595480303,185.31277452489817,8537.075689758458
energy_ga,47.066333757145706,185.32437482985847,8548.240726616048
energy_ga,47.12658155948838,185.33396087034905,8559.406401689013
energy_ga,47.18682936183106,185.3416258464627,8570.5725964299
energy_ga,47.24707716417374,185.3474506903891,8581.739197536792
energy_ga,47.30732496651641,185.3515039180261,8592.906096209734
energy_ga,47.36757276885909,185.35384156678353,8604.073187400805
energy_ga,47.42782057120177,185.35450721771343,8615.24036906298
energy_ga,47.48806837354445,185.3535320997449,8626.4075414028
energy_ga,47.54831617588712,185.3509352734674,8637.574606141723
energy_ga,47.6085639782298,185.34672389158777,8648.741465790858
energy_ga,47.66881178057248,185.34089353288715,8659.908022943591
energy_ga,47.72905958291516,185.3334286062265,8671.074179590463
energy_ga,47.789307385257835,185.32430282088825,8682.239836460365
energy_ga,47.849555187600515,185.31347971930822,8693.40489239197
energy_ga,47.909802989943195,185.30091326803185,8704.569243738997
energy_ga,47.970050792285875,185.28654850253824,8715.732783812711
energy_ga,48.03029859462855,185.27032222140076,8726.895402364758
energy_ga,48.09054639697123,185.2521637251075,8738.05698511317
energy_ga,48.15079419931391,185.23199559473227,8749.217413314067
energy_ga,48.21104200165658,185.20973450554902,8760.376563381347
energy_ga,48.27128980399926,185.18529207059447,8771.534306556283
energy_ga,48.33153760634194,185.15857570913002,8782.690508628692
energy_ga,48.39178540868461,185.12948953491198,8793.845029711028
energy_ga,48.45203321102729,185.09793525916803,8804.997724066445
energy_ga,48.51228101336997,185.0638131031813,8816.148439991523
energy_ga,48.57252881571265,185.0270227154145,8827.29701975414
energy_ga,48.632776618055324,184.98746408815146,8838.443299586574
energy_ga,48.693024420398004,184.9450384687078,8849.587109733662
energy_ga,48.753272222740684,184.89964926034696,8860.728274555557
energy_ga,48.81352002508336,184.85120290814962,8871.8666126843
energy_ga,48.873767827426036,184.79960976520996,8883.001937233177
energy_ga,48.934015629768716,184.74478493467834,8894.134056057539
energy_ga,48.994263432111396,184.68664908333193,8905.262772065484
energy_ga,49.05451123445407,184.62512922253492,8916.38788357658
energy_ga,49.11475903679675,184.5601594526419,8927.509184726545
energy_ga,49.17500683913943,184.49168166711004,8938.626465915537
energy_ga,49.2352546414821,184.41964621280889,8949.739514297578
energy_ga,49.29550244382478,184.34401250324922,8960.848114308323
energy_ga,49.35575024616746,184.26474958170738,8971.95204822826
energy_ga,49.41599804851014,184.18183663147283,8983.051096778265
energy_ga,49.47624585085282,184.09526343072451,8994.145039744206
energy_ga,49.53649365319549,184.0050307498114,9005.23365662724
energy_ga,49.59674145553817,183.91115068900814,9016.31672731624
energy_ga,49.65698925788085,183.81364695510257,9027.394032778722
energy_ga,49.717237060223525,183.7125550754755,9038.465355766568
energy_ga,49.777484862566205,183.6079225486361,9049.530481532725
energy_ga,49.837732664908884,183.49980893048365,9060.589198555037
energy_ga,49.89798046725156,183.3882858558776,9071.641299263321
energy_ga,49.95822826959424,183.27343699540944,9082.686580765807
energy_ga,50.01847607193692,183.1553579475817,9093.724845571003
energy_ga,50.078723874279596,183.03415606691118,9104.755902301156
energy_ga,50.13897167662227,182.90995022878445,9115.779566393441
energy_ga,50.19921947896495,182.7828705321979,9126.795660785114
energy_ga,50.25946728130763,182.6530579418191,9137.804016578923
energy_ga,50.31971508365031,182.52066387110384,9148.804473685186
energy_ga,50.37996288599298,182.38584970849328,9159.796881437034
energy_ga,50.44021068833566,182.24878628900112,9170.78109917547
energy_ga,50.50045849067834,182.10965331377503,9181.756996801008
energy_ga,50.56070629302101,181.96863872048422,9192.724455288877
energy_ga,50.62095409536369,181.82593800764073,9203.683367164904
energy_ga,50.68120189770637,181.68175351620616,9214.63363693939
energy_ga,50.741449700049046,181.53629367206727,9225.575181496535
energy_ga,50.801697502391725,181.38977219318693,9236.507930437163
energy_ga,50.861945304734405,181.24240726543587,9247.431826372722
energy_ga,50.922193107077085,181.09442069130594,9258.346825168828
energy_ga,50.98244090941976,180.94603701587639,9269.252896136824
energy_ga,51.04268871176244,180.79748263456474,9280.150022172147
energy_ga,51.10293651410512,180.64898488733206,9291.038199838507
energy_ga,51.1631843164478,180.50077114413455,9301.917439397253
energy_ga,51.22343211879047,180.3530678865188,9312.78776478151
energy_ga,51.28367992113315,180.20609979033873,9323.649213515027
energy_ga,51.34392772347583,180.0600888146388,9334.501836575939
energy_ga,51.4041755258185,179.9152533017891,9345.345698205972
energy_ga,51.46442332816118,179.77180709398314,9356.180875665945
energy_ga,51.52467113050386,179.629958671206,9367.00745893866
energy_ga,51.58491893284654,179.48991031576517,9377.825550380689
energy_ga,51.645166735189214,179.3518573084269,9388.635264324748
energy_ga,51.705414537531894,179.21598716114264,9399.43672663477
energy_ga,51.765662339874574,179.08247889125704,9410.230074215977
energy_ga,51.82591014221725,178.95150234198107,9421.01545448263
energy_ga,51.886157944559926,178.82321755378288,9431.793024786371
energy_ga,51.946405746902606,178.6977741911888,9442.562951808377
energy_ga,52.006653549245286,178.57531102931497,9453.325410918738
energy_ga,52.06690135158796,178.45595550424602,9464.080585506872
energy_ga,52.12714915393064,178.3398233311571,9474.828666286861
energy_ga,52.18739695627332,178.22701819383195,9485.569850581936
energy_ga,52.24764475861599,178.11763150896516,9496.304341592519
energy_ga,52.30789256095867,178.0117422683527,9507.032347652397
energy_ga,52.36814036330135,177.90941696176603,9517.754081477835
energy_ga,52.42838816564403,177.81070958298776,9528.469759414525
energy_ga,52.4886359679867,177.7156617211362,9539.179600687496
energy_ga,52.54888377032938,177.62430273905318,9549.883826659121
energy_ga,52.60913157267206,177.5366500401471,9560.582660100561
energy_ga,52.66937937501474,177.45270942469614,9571.276324481958
energy_ga,52.729627177357415,177.3724755362072,9581.965043286822
energy_ga,52.789874979700095,177.29593239800818,9592.649039356029
energy_ga,52.850122782042774,177.22305403982327,9603.328534266846
energy_ga,52.91037058438545,177.15380521363633,9614.003747752406
energy_ga,52.97061838672813,177.0881421977052,9624.674897166968
energy_ga,53.03086618907081,177.02601368712976,9635.342197002215
energy_ga,53.091113991413486,176.96736176892352,9646.005858459763
energy_ga,53.15136179375616,176.9121229790716,9656.666089084874
energy_ga,53.21160959609884,176.86022943860095,9667.323092466257
energy_ga,53.27185739844152,176.81161006522828,9677.977068006556
energy_ga,53.3321052007842,176.76619185669472,9688.62821076803
energy_ga,53.39235300312687,176.72390124145042,9699.276711397566
energy_ga,53.45260080546955,176.68466549191365,9709.922756134947
energy_ga,53.51284860781223,176.6484141951024,9720.566526908004
energy_ga,53.5730964101549,176.61508077502674,9731.208201517924
energy_ga,53.63334421249758,176.58460406084106,9741.847953917668
energy_ga,53.69359201484026,176.55692989437975,9752.48595458603
energy_ga,53.75383981718294,176.53201277036104,9763.122370999556
energy_ga,53.814087619525615,176.50981750222536,9773.757368204035
energy_ga,53.874335421868295,176.49032090628893,9784.391109486922
energy_ga,53.934583224210975,176.4735134966497,9795.023757151534
energy_ga,53.99483102655365,176.45940118307303,9805.655473393457
energy_ga,54.05507882889633,176.44800696392187,9816.286421279112
energy_ga,54.11532663123901,176.43937260608288,9826.916765825892
energy_ga,54.17557443358169,176.43356030377882,9837.54667518291
energy_ga,54.23582223592436,176.43065430815335,9848.176321910782
energy_ga,54.29607003826704,176.43076251957572,9858.805884358479
energy_ga,54.35631784060972,176.4340180347392,9869.435548134743
energy_ga,54.41656564295239,176.44058064082657,9880.065507671121
energy_ga,54.47681344529507,176.45063824929704,9890.6959678732
energy_ga,54.53706124763775,176.4644082622089,9901.327145856192
energy_ga,54.59730904998043,176.4821388644467,9911.959272760601
energy_ga,54.657556852323104,176.5041102357678,9922.592595643337
energy_ga,54.717804654665784,176.53063567723606,9933.22737943927
energy_ga,54.778052457008464,176.56206264736545,9943.863908987922
energy_ga,54.83830025935114,176.59877370417428,9954.502491119763
energy_ga,54.898548061693816,176.64118735034174,9965.143456796337
energy_ga,54.958795864036496,176.68975877978914,9975.787163298337
energy_ga,55.019043666379176,176.7449805252644,9986.43399645568
energy_ga,55.07929146872185,176.8073830079182,9997.084372913647
energy_ga,55.13953927106453,176.87753499141837,10007.738742429252
energy_ga,55.19978707340721,176.95604394486526,10018.39759019223
energy_ga,55.26003487574989,177.04355632066438,10029.061439165322
energy_ga,55.32028267809256,177.14075775557257,10039.730852438992
energy_ga,55.38053048043524,177.24837320539433,10050.406435596256
energy_ga,55.44077828277792,177.36716702624906,10061.088839084015
energy_ga,55.50102608512059,177.4979430179921,10071.778760588144
energy_ga,55.56127388746327,177.64154444824223,10082.476947410618
energy_ga,55.62152168980595,177.7988540785731,10093.184198848141
energy_ga,55.68176949214863,177.97079421776226,10103.901368573182
energy_ga,55.742017294491305,178.15832683058207,10114.629367019877
energy_ga,55.802265096833985,178.36245373446835,10125.369163779147
energy_ga,55.87521420134138,178.22322950684938,10138.375466915453
energy_ga,55.94816330584877,178.0953391788811,10151.372027167943
energy_ga,56.02111241035617,177.97809572460764,10164.359646275483
energy_ga,56.09406151486357,177.87084004155818,10177.33907687751
energy_ga,56.16701061937096,177.7729408865431,10190.311024548675
energy_ga,56.23995972387836,177.68379491389882,10203.276149832556
energy_ga,56.31290882838575,177.60282678260174,10216.235070280665
energy_ga,56.385857932893146,177.5294893025576,10229.18836250069
energy_ga,56.45880703740054,177.46326359400663,10242.1365642159
energy_ga,56.531756141907934,177.40365923736684,10255.080176335821
energy_ga,56.60470524641533,177.3502143939885,10268.019665036789
energy_ga,56.67765435092273,177.30249588122103,10280.95546384964
energy_ga,56.750603455430124,177.26009918789964,10293.887975750695
energy_ga,56.82355255993752,177.22264841886587,10306.817575251313
energy_ga,56.89650166444491,177.18979615944338,10319.744610480444
energy_ga,56.969450768952306,177.16122325291167,10332.669405254152
energy_ga,57.0423998734597,177.13663848596104,10345.59226112552
energy_ga,57.115348977967095,177.11577817888434,10358.51345940816
energy_ga,57.18829808247449,177.09840567887255,10371.43326316628
energy_ga,57.26124718698189,177.0843107562341,10384.35191916425
energy_ga,57.334196291489285,177.07330890466977,10397.269659768617
energy_ga,57.40714539599668,177.06524054790611,10410.186704795673
energy_ga,57.48009450050407,177.0599701560277,10423.103263297846
energy_ga,57.55304360501147,177.05738527576779,10436.019535282483
energy_ga,57.62599270951886,177.05739547981076,10448.93571335696
energy_ga,57.698941814026256,177.05993124085109,10461.851984294372
energy_ga,57.77189091853365,177.06494273673343,10474.7685305146
energy_ga,57.84484002304105,177.0723985934855,10487.685531475936
energy_ga,57.917789127548446,177.0822845734469,10500.603164973
energy_ga,57.99073823205584,177.09460221600577,10513.521608337252
energy_ga,58.063687336563234,177.10936743867956,10526.441039536889
energy_ga,58.13663644107063,177.12660910642896,10539.361638173523
energy_ga,58.20958554557802,177.14636757717471,10552.283586373642
energy_ga,58.28253465008542,177.1686932315058,10565.20706957338
energy_ga,58.35548375459281,177.19364499452203,10578.132277195748
energy_ga,58.42843285910021,177.2212888576594,10591.059403220032
energy_ga,58.50138196360761,177.25169640819715,10603.988646643635
energy_ga,58.574331068115,177.28494337395196,10616.92021183722
energy_ga,58.647280172622395,177.32110819042845,10629.854308794482
energy_ga,58.72022927712979,177.36027059742423,10642.791153278493
energy_ga,58.79317838163718,177.40251027177897,10655.730966866973
energy_ga,58.86612748614458,177.44790550262064,10668.673976899383
energy_ga,58.93907659065197,177.49653191509964,10681.620416329135
energy_ga,59.01202569515937,177.54846124821688,10694.570523484685
energy_ga,59.08497479966677,177.60376019194402,10707.52454174362
energy_ga,59.15792390417416,177.66248928841458,10720.482719124266
energy_ga,59.230873008681556,177.72470190153075,10733.445307799619
energy_ga,59.30382211318895,177.79044325888123,10746.412563538754
energy_ga,59.376771217696344,177.85974956941828,10759.384745081106
energy_ga,59.44972032220374,177.93264721987933,10772.362113449266
energy_ga,59.52266942671113,178.00915205248072,10785.3449312061
energy_ga,59.595618531218534,178.08926872594927,10798.333461662243
energy_ga,59.66856763572593,178.17299016149752,10811.327968040054
energy_ga,59.74151674023332,178.26029707489732,10824.328712600314
energy_ga,59.81446584474072,178.35115759535117,10837.335955737952
energy_ga,59.88741494924811,178.44552697142663,10850.349955053129
energy_ga,59.960364053755505,178.54334736388222,10863.370964404061
energy_ga,60.0333131582629,178.64454772479542,10876.39923294786
energy_ga,60.106262262770294,178.74904376199535,10889.435004175682
energy_ga,60.17921136727769,178.8567379874082,10902.478514948325
energy_ga,60.25216047178509,178.96751984754465,10915.529994538369
energy_ga,60.32510957629248,179.0812659339979,10928.58966368473
energy_ga,60.39805868079988,179.19784027147503,10941.65773366543
energy_ga,60.47100778530727,179.31709468055757,10954.734405394069
energy_ga,60.543956889814666,179.43886921208144,10967.819868545397
energy_ga,60.61690599432206,179.56299264973836,10980.91430071505
energy_ga,60.689855098829455,179.68928307723516,10994.017866618313
energy_ga,60.762804203336856,179.81754850610116,11007.130717332462
energy_ga,60.83575330784425,179.94758756001082,11020.252989586965
energy_ga,60.908702412351644,180.07919021128808,11033.384805105514
energy_ga,60.98165151685904,180.21213856507774,11046.526270003522
energy_ga,61.05460062136643,180.34620768651487,11059.677474244381
energy_ga,61.12754972587383,180.48116646608761,11072.838491157474
energy_ga,61.20049883038122,180.61677851827935,11086.00937702051
energy_ga,61.27344793488862,180.75280310848515,11099.190170708453
energy_ga,61.34639703939602,180.88899610313555,11112.380893410918
energy_ga,61.41934614390341,181.02511093791378,11125.581548419537
energy_ga,61.492295248410805,181.16089959893495,11138.792120986422
energy_ga,61.5652443529182,181.29611361175245,11152.012578254495
energy_ga,61.638193457425594,181.4305050330859,11165.242869260062
energy_ga,61.71114256193299,181.56382744020144,11178.482925007655
energy_ga,61.78409166644038,181.69583691294625,11191.732658616764
energy_ga,61.857040770947776,181.82629300351928,11204.991965539777
energy_ga,61.92998987545518,181.95495968916788,11218.260723850033
energy_ga,62.00293897996257,182.0816063031209,11231.538794598575
energy_ga,62.075888084469966,182.2060084392131,11244.826022237869
energy_ga,62.14883718897736,182.32794882581172,11258.122235110379
energy_ga,62.221786293484755,182.44721816483587,11271.42724599963
energy_ga,62.29473539799215,182.56361593184843,11284.740852741055
energy_ga,62.36768450249954,182.67695113340875,11298.062838889648
energy_ga,62.440633607006944,182.7870430180966,11311.392974441173
energy_ga,62.51358271151434,182.89372173785026,11324.731016603435
energy_ga,62.58653181602173,182.99682895651173,11338.07671061387
energy_ga,62.65948092052913,183.09621840272948,11351.42979059949
energy_ga,62.73243002503652,183.19175636463598,11364.789980475043
energy_ga,62.805379129543915,183.28332212400173,11378.156994875055
energy_ga,62.87832823405131,183.37080832784653,11391.530540115255
energy_ga,62.951277338558704,183.454121295789,11404.910315178771
energy_ga,63.0242264430661,183.5331812617132,11418.296012722349
energy_ga,63.0971755475735,183.6079225486361,11431.68732009776
energy_ga,63.170124652080894,183.678293675971,11445.083920383508
energy_ga,63.24307375658829,183.74425739869122,11458.485493421867
energy_ga,63.31602286109568,183.80579067821665,11471.891716856297
energy_ga,63.388971965603076,183.8628845851558,11485.302267164237
energy_ga,63.46192107011047,183.91554413435432,11498.716820680349
energy_ga,63.534870174617865,183.96378805301026,11512.135054605273
energy_ga,63.607819279125266,184.00764848292891,11525.556647995072
energy_ga,63.68076838363266,184.04717061829345,11538.981282726605
energy_ga,63.753717488140055,184.08241228063105,11552.408644434183
energy_ga,63.82666659264745,184.1134434329477,11565.838423413003
energy_ga,63.89961569715484,184.14034563529302,11579.270315484993
energy_ga,63.97256480166224,184.16321144429503,11592.704022822914
energy_ga,64.04551390616963,184.18214375947886,11606.139254728701
energy_ga,64.11846301067703,184.1972551194376,11619.575728362297
energy_ga,64.19141211518442,184.2086669511781,11633.013169417432
energy_ga,64.26436121969182,184.21650877619527,11646.45131274108
energy_ga,64.33731032419921,184.2209173770593,11659.889902893523
energy_ga,64.41025942870661,184.2220359284984,11673.328694646374
energy_ga,64.483208533214,184.2200130971667,11686.767453416018
energy_ga,64.5561576377214,184.2150021144522,11700.205955630447
energy_ga,64.6291067422288,184.20715982685167,11713.643989027596
energy_ga,64.70205584673619,184.19664572857653,11727.081352883786
energy_ga,64.77500495124359,184.18362098118152,11740.517858171124
energy_ga,64.84795405575098,184.16824742511665,11753.953327643056
energy_ga,64.92090316025838,184.15068658818632,11767.387595847751
energy_ga,64.99385226476576,184.13109869597,11780.82050906918
energy_ga,65.06680136927316,184.10964168930292,11794.251925196304
energy_ga,65.13975047378057,184.08647025394222,11807.681713520988
energy_ga,65.21269957828795,184.06173486754665,11821.109754465795
energy_ga,65.28564868279535,184.03558086907893,11834.535939243078
energy_ga,65.35859778730274,184.00814755570224,11847.960169447153
energy_ga,65.43154689181014,183.97956731217513,11861.382356581822
energy_ga,65.50449599631753,183.94996477766827,11874.80242152571
energy_ga,65.57744510082493,183.91945605481354,11888.220293938402
energy_ga,65.65039420533233,183.88814796566894,11901.635911610556
energy_ga,65.72334330983972,183.8561373591268,11915.049219761633
energy_ga,65.79629241434712,183.82351047411626,11928.460170289149
energy_ga,65.86924151885451,183.79034236275493,11941.868720973629
energy_ga,65.94219062336191,183.75669637738133,11955.27483464385
energy_ga,66.0151397278693,183.72262372515874,11968.678478307082
energy_ga,66.0880888323767,183.6881630936781,11982.07962224948
energy_ga,66.16103793688409,183.6533403507029,11995.478239111811
energy_ga,66.23398704139149,183.61816832089556,12008.87430294615
energy_ga,66.30693614589889,183.58264664204174,12022.267788259116
energy_ga,66.37988525040628,183.5467617029468,12035.658669047663
energy_ga,66.45283435491368,183.5104866648226,12049.046917833353
energy_ga,66.52578345942106,183.4737815676032,12062.43250470128
energy_ga,66.59873256392846,183.4365935222427,12075.81539634992
energy_ga,66.67168166843585,183.39885698964108,12089.195555158123
energy_ga,66.74463077294325,183.36049414642898,12102.572938275669
energy_ga,66.81757987745064,183.32141533741375,12115.947496743622
energy_ga,66.89052898195804,183.28151961405308,12129.31917465087
energy_ga,66.96347808646544,183.24069535787768,12142.687908333004
energy_ga,67.03642719097283,183.19882098733396,12156.053625619756
energy_ga,67.10937629548023,183.1557657460624,12169.416245136947
energy_ga,67.18232539998762,183.11139057017428,12182.775675668814
energy_ga,67.25527450449502,183.0655490316296,12196.131815586421
energy_ga,67.3282236090024,183.01808835437086,12209.48455234748
energy_ga,67.40117271350981,182.96885049941613,12222.833762072874
energy_ga,67.47412181801721,182.91767331467815,12236.179309204657
energy_ga,67.5470709225246,182.86439174484556,12249.521046250135
energy_ga,67.620020027032,182.80883909624833,12262.858813616227
energy_ga,67.69296913153939,182.7508483512305,12276.192439537874
energy_ga,67.76591823604679,182.69025352617408,12289.521740103952
energy_ga,67.83886734055417,182.6268910669631,12302.846519383584
energy_ga,67.91181644506158,182.56060127534565,12316.166569655421
energy_ga,67.98476554956898,182.49122975935742,12329.481671741805
energy_ga,68.05771465407636,182.4186289006973,12342.79159544939
energy_ga,68.13066375858376,182.34265933172776,12356.09610011715
energy_ga,68.20361286309115,182.26319141457992,12369.3949352722
energy_ga,68.27656196759855,182.1801067147076,12382.687841393326
energy_ga,68.34951107210594,182.0932994611467,12395.974550781519
energy_ga,68.42246017661334,182.0026779857007,12409.254788536266
energy_ga,68.49540928112074,181.90816613330122,12422.528273635773
energy_ga,68.56835838562813,181.80970463588366,12435.794720118745
energy_ga,68.64130749013553,181.70725244227842,12449.053838364798
energy_ga,68.71425659464292,181.60078799685436,12462.305336469983
energy_ga,68.78720569915032,181.4903104599697,12475.5489217135
energy_ga,68.86015480365771,181.3758408636837,12488.784302111051
energy_ga,68.93310390816511,181.25742319668328,12502.011188049952
energy_ga,69.00605301267251,181.13512541296336,12515.229294000566
energy_ga,69.0790021171799,181.00904035950344,12528.438340298404
energy_ga,69.1519512216873,180.8792866189829,12541.638054990784
energy_ga,69.22490032619469,180.74600926450293,12554.828175741744
energy_ga,69.29784943070209,180.60938052433124,12568.008451788754
energy_ga,69.37079853520947,180.46960035585693,12581.178645944578
energy_ga,69.44374763971688,180.32689692926283,12594.338536637755
energy_ga,69.51669674422426,180.18152702287657,12607.487919985095
energy_ga,69.58964584873166,180.0337763337754,12620.62661188996
energy_ga,69.66259495323905,179.88395970898793,12633.754450160282
energy_ga,69.73554405774645,179.73242130457848,12646.87129664085
energy_ga,69.80849316225385,179.5795346820082,12659.97703935486
energy_ga,69.88144226676124,179.4257028534731,12673.071594650699
energy_ga,69.95439137126864,179.27135829040668,12686.15490935064
energy_ga,70.02734047577603,179.11696291203006,12699.226962899453
energy_ga,70.10028958028343,178.96300807373845,12712.287769512177
energy_ga,70.17323868479082,178.81001457823822,12725.337380321858
energy_ga,70.24618778929822,178.65853273570562,12738.375885529915
energy_ga,70.31913689380562,178.50914250283168,12751.403416563735
energy_ga,70.39208599831301,178.36245373446835,12764.420148248551
energy_ga,70.4387814343855,177.67334600763562,12772.73277171174
energy_ga,70.48547687045799,177.02165594740123,12781.014090606252
energy_ga,70.53217230653048,176.4057173536839,12789.265813264377
energy_ga,70.57886774260297,175.82391963547195,12797.489571512808
energy_ga,70.62556317867546,175.27470793140586,12805.686923272153
energy_ga,70.67225861474795,174.7565832710933,12813.859355163011
energy_ga,70.71895405082044,174.26810274555496,12822.008285119819
energy_ga,70.76564948689293,173.80787965930685,12830.135065012195
energy_ga,70.81234492296542,173.37458364040043,12838.240983272446
energy_ga,70.8590403590379,172.96694068827284,12846.327267526714
energy_ga,70.9057357951104,172.5837331425249,12854.395087226552
energy_ga,70.95243123118289,172.22379955874905,12862.445556276834
energy_ga,70.99912666725538,171.88603448029235,12870.479735655479
energy_ga,71.04582210332786,171.56938809736843,12878.49863601984
energy_ga,71.09251753940036,171.27286578724366,12886.50322029445
energy_ga,71.13921297547284,170.99552753131888,12894.49440623437
energy_ga,71.18590841154534,170.73648720683698,12902.473068958436
energy_ga,71.23260384761782,170.49491175265638,12910.440043446455
energy_ga,71.27929928369032,170.27002021007775,12918.396126994563
energy_ga,71.3259947197628,170.06108264108076,12926.342081622895
energy_ga,71.3726901558353,169.86741892755202,12934.278636430005
energy_ga,71.41938559190778,169.6883974561558,12942.206489888496
energy_ga,71.46608102798028,169.5234336944361,12950.12631207676
energy_ga,71.51277646405276,169.37198866455003,12958.03874684177
energy_ga,71.55947190012526,169.23356732171519,12965.944413888445
energy_ga,71.60616733619774,169.10771684503692,12973.843910791189
energy_ga,71.65286277227024,168.9940248488479,12981.737814923823
energy_ga,71.69955820834272,168.89211752307162,12989.626685304276
energy_ga,71.74625364441522,168.80165771140443,12997.511064351047
energy_ga,71.7929490804877,168.72234293631288,13005.391479548634
energy_ga,71.8396445165602,168.65390337996874,13013.268445019754
energy_ga,71.88633995263268,168.59609983029395,13021.142463002428
energy_ga,71.93303538870518,168.5487216012801,13029.014025230594
energy_ga,71.97973082477766,168.51158443666878,13036.883614217177
energy_ga,72.02642626085016,168.48452840595627,13044.751704439139
energy_ga,72.07312169692264,168.4674158015054,13052.618763424258
energy_ga,72.11981713299514,168.460129045325,13060.485252739987
energy_ga,72.16651256906762,168.46256861381258,13068.351628884942
energy_ga,72.21320800514012,168.4746509884555,13076.218344084135
energy_ga,72.2599034412126,168.49630664015194,13084.08584698925
energy_ga,72.3065988772851,168.52747805444784,13091.95458328581
energy_ga,72.35329431335758,168.56811780460194,13099.824996209185
energy_ga,72.39998974943008,168.6181866789765,13107.697526971951
energy_ga,72.44668518550256,168.6776518688254,13115.572615105164
energy_ga,72.49338062157506,168.7464852221067,13123.450698716588
energy_ga,72.54007605764755,168.82466156848793,13131.332214669028
energy_ga,72.58677149372004,168.91215712024822,13139.21759868223
energy_ga,72.63346692979253,169.00894795330726,13147.107285361984
energy_ga,72.68016236586502,169.1150085721315,13155.001708160238
energy_ga,72.72685780193751,169.23031056178877,13162.901299270261
energy_ga,72.77355323801,169.35482132994213,13170.806489460932
energy_ga,72.82024867408249,169.48850294109454,13178.717707854477
energy_ga,72.86694411015498,169.6313110449229,13186.635381651926
energy_ga,72.91363954622747,169.78319390007078,13194.559935810794
energy_ga,72.96033498229995,169.94409149430967,13202.491792679399
energy_ga,73.00703041837245,170.11393476152588,13210.431371592384
energy_ga,73.05372585444493,170.29264489555234,13218.379088431899
energy_ga,73.10042129051743,170.48013276043315,13226.335355159039
energy_ga,73.14711672658991,170.67629839629862,13234.300579319937
energy_ga,73.19381216266241,170.88103061962246,13242.275163531016
energy_ga,73.2405075987349,171.0942067162572,13250.259504947711
energy_ga,73.28720303480739,171.31569222526775,13258.253994721019
energy_ga,73.33389847087987,171.5453408112407,13266.25901744597
energy_ga,73.38059390695237,171.7829942224129,13274.27495060619
energy_ga,73.42728934302485,172.0284823316514,13282.302164018398
energy_ga,73.47398477909735,172.28162325702496,13290.341019280713
energy_ga,73.52068021516983,172.5422235584388,13298.391869228333
energy_ga,73.56737565124233,172.81007850654908,13306.455057400115
energy_ga,73.61407108731481,173.0849724199495,13314.530917519278
energy_ga,73.66076652338731,173.3666790664119,13322.619772991375
energy_ga,73.70746195945979,173.65496212377755,13330.721936422357
energy_ga,73.75415739553229,173.9495756959351,13338.837709159492
energy_ga,73.80085283160477,174.25026487917495,13346.967380857504
energy_ga,73.84754826767727,174.55676637409562,13355.111229072267
energy_ga,73.89424370374975,174.8688091381369,13363.269518883977
energy_ga,73.94093913982225,175.18611507374226,13371.442502551676
energy_ga,73.98763457589473,175.50839974709714,13379.63041920057
energy_ga,74.03433001196723,175.83537313236215,13387.83349454355
energy_ga,74.08102544803971,176.16674037630494,13396.051940637912
energy_ga,74.12772088411221,176.50220257825217,13404.285955678157
energy_ga,74.17441632018469,176.84145758030712,13412.535723825433
energy_ga,74.22111175625719,177.18420076283857,13420.801415074025
energy_ga,74.26780719232967,177.53012584031137,13429.083185154972
energy_ga,74.31450262840217,177.87892565262555,13437.38117547676
energy_ga,74.36119806447465,178.23029294723707,13445.695513102735
energy_ga,74.40789350054715,178.5839211474643,13454.026310764744
energy_ga,74.45458893661964,178.9395051025275,13462.373666912183
energy_ga,74.50128437269213,179.29674181503134,13470.737665795576
energy_ga,74.54797980876461,179.65533114178044,13479.118377583496
energy_ga,74.5946752448371,180.01497646400907,13487.515858511486
energy_ga,74.6413706809096,180.37538532331575,13495.930151061479
energy_ga,74.68806611698209,180.73627001981467,13504.36128417003
energy_ga,74.73476155305458,181.0973481692501,13512.809273463545
energy_ga,74.78145698912707,181.45834321606702,13521.274121518443
energy_ga,74.82815242519956,181.81898489968714,13529.755818144251
energy_ga,74.87484786127204,182.17900967150817,13538.254340687257
energy_ga,74.92154329734454,182.53816106041893,13546.769654352485
energy_ga,74.96823873341702,182.89618998490818,13555.301712541448
energy_ga,75.01493416948952,183.25285501013656,13563.850457203234
energy_ga,75.061629605562,183.6079225486361,13572.415819196232
energy_ga,75.1083250416345,183.96116700360625,13580.997718657938
energy_ga,75.15502047770698,184.31237085407963,13589.596065380048
energy_ga,75.20171591377948,184.66132468154,13598.210759186206
energy_ga,75.24841134985196,185.0078271378843,13606.841690309582
energy_ga,75.29510678592446,185.35168485493216,13615.488739767634
energy_ga,75.34180222199694,185.6927122959955,13624.15177973124
energy_ga,75.38849765806944,186.03073155033016,13632.830673885628
energy_ga,75.43519309414192,186.36557207159626,13641.52527778033
energy_ga,75.48188853021442,186.69707036175538,13650.235439165723
energy_ga,75.5285839662869,187.02506960213077,13658.9609983135
energy_ga,75.5752794023594,187.34941923364562,13667.701788318802
energy_ga,75.62197483843188,187.6699744885381,13676.45763538155
energy_ga,75.66867027450438,187.98659587612798,13685.228359064888
energy_ga,75.71536571057686,188.29914862547338,13694.013772528568
energy_ga,75.76206114664936,188.6075020880141,13702.813682735414
energy_ga,75.80875658272184,188.91152910353833,13711.62789062899
energy_ga,75.85545201879434,189.21110533304528,13720.456191280939
energy_ga,75.90214745486682,189.50610856229076,13729.298374006437
energy_ga,75.94884289093932,189.79641798001015,13738.154222446583
energy_ga,75.9955383270118,190.08191343499797,13747.023514616538
energy_ga,76.0422337630843,190.362474676401,13755.906022918636
energy_ga,76.08892919915678,190.63798058173364,13764.801514119683
energy_ga,76.13562463522928,190.9083083772658,13773.709749292075
energy_ga,76.18232007130176,191.17333285555085,13782.630483718403
energy_ga,76.22901550737426,191.4329255949665,13791.56346675961
energy_ga,76.27571094344674,191.686954186218,13800.50844168682
energy_ga,76.32240637951924,191.93528147081898,13809.465145477376
energy_ga,76.36910181559172,192.1777647966036,13818.43330857567
energy_ga,76.41579725166422,192.41425529534249,13827.412654619768
energy_ga,76.4624926877367,192.6445971875381,13836.402900134897
energy_ga,76.5091881238092,192.86862711944292,13845.403754195262
energy_ga,76.55588355988169,193.0861735373069,13854.414918055732
energy_ga,76.60257899595418,193.29705610378662,13863.436084755325
energy_ga,76.64927443202667,193.50108516135978,13872.46693869453
energy_ga,76.69596986809916,193.69806124747814,13881.507155188756
energy_ga,76.74266530417165,193.8877746660521,13890.556400000509
energy_ga,76.78936074024413,194.07000511970764,13899.614328852913
energy_ga,76.83605617631663,194.24452140707305,13908.68058692764
energy_ga,76.88275161238911,194.41108118915463,13917.754808350262
energy_ga,76.92944704846161,194.5694308286355,13926.836615666449
energy_ga,76.9761424845341,194.71930530569142,13935.925619312398
energy_ga,77.02283792060659,194.86042821365083,13945.021417083244
energy_ga,77.06953335667907,194.99251183754544,13954.123593603159
energy_ga,77.11622879275157,195.11525731829593,13963.231719801159
energy_ga,77.16292422882405,195.22835490495567,13972.345352396595
energy_ga,77.20961966489655,195.33148429710016,13981.464033398566
energy_ga,77.25631510096903,195.42431507909876,13990.587289623429
energy_ga,77.30301053704153,195.5065072476328,13999.714632234793
energy_ga,77.34970597311401,195.5777118334519,14008.845556310322
energy_ga,77.39640140918651,195.63757161795803,14017.979540439816
energy_ga,77.44309684525899,195.68572194481402,14027.116046358933
energy_ga,77.48979228133149,195.7217916263515,14036.254518623062
energy_ga,77.53648771740397,195.74540394414413,14045.39438432568
energy_ga,77.58318315347647,195.75617774267897,14054.535052865649
energy_ga,77.62987858954895,195.75372861464092,14063.675915767675
energy_ga,77.67657402562145,195.73767017588693,14072.816346560254
energy_ga,77.72326946169393,195.7076154277706,14081.955700715143
energy_ga,77.76996489776643,195.66317820404507,14091.093315652482
energy_ga,77.81666033383891,195.60397469916097,14100.22851081531
energy_ga,77.86335576991141,195.5296250743644,14109.360587817326
energy_ga,77.91005120598389,195.43975513760378,14118.488830667318
energy_ga,77.95674664205639,195.33399809287263,14127.61250607371
energy_ga,78.00344207812887,195.21199635424583,14136.730863832245
energy_ga,78.05013751420137,195.07340341952712,14145.843137299828
energy_ga,78.09683295027385,194.9178857980981,14154.94854395707
energy_ga,78.14352838634635,194.74512498726895,14164.046286062043
energy_ga,78.19022382241883,194.55481949116395,14173.13555139725
energy_ga,78.23691925849133,194.34668687594495,14182.215514111782
energy_ga,78.28361469456381,194.12046585498638,14191.285335660084
energy_ga,78.3303101306363,193.87591839745872,14200.344165838695
energy_ga,78.37700556670879,193.61283185367796,14209.391143921774
energy_ga,78.42370100278129,193.33102109052044,14218.425399896174
energy_ga,78.47039643885378,193.03033063019996,14227.446055796254
energy_ga,78.51709187492627,192.71063678575996,14236.452227138509
energy_ga,78.56378731099875,192.37184978675685,14245.443024455699
energy_ga,78.61048274707125,192.01391588878602,14254.41755492984
energy_ga,78.65717818314374,191.6368194607719,14263.37492412318
energy_ga,78.70387361921622,191.24058504426247,14272.314237806011
energy_ga,78.75056905528871,190.82527937939196,14281.234603879848
energy_ga,78.7972644913612,190.39101339266858,14290.135134394313
energy_ga,78.8439599274337,189.93794414233057,14299.01494765586
energy_ga,78.89065536350618,189.4662767177031,14307.87317042626
energy_ga,78.93735079957868,188.9762660897613,14316.70894020865
energy_ga,78.98404623565116,188.4682189109979,14325.521407618782
energy_ga,79.03074167172366,187.94249526368353,14334.309738839156
energy_ga,79.07743710779614,187.39951035671632,14343.07311815354
energy_ga,79.12413254386864,186.83973617248643,14351.810750559602
energy_ga,79.17082797994112,186.26370306652134,14360.521864457305
energy_ga,79.21752341601362,185.67200132416278,14369.205714411033
energy_ga,79.2642188520861,185.0652826801227,14377.861583983487
energy_ga,79.3109142881586,184.44426180851494,14386.48878863991
energy_ga,79.35760972423108,183.8097177928373,14395.086678721365
energy_ga,79.40430516030358,183.16249558740537,14403.654642486505
energy_ga,79.45100059637606,182.50350748391966,14412.192109221653
energy_ga,79.49769603244856,181.8337345991622,14420.698552419914
energy_ga,79.54439146852104,181.15422840231923,14429.173493030621
energy_ga,79.59108690459354,180.46611230305808,14437.616502781582
energy_ga,79.63778234066602,179.77058332430545,14446.027207577397
energy_ga,79.68447777673852,179.06891388665218,14454.405290978548
energy_ga,79.731173212811,178.36245373446835,14462.750497767074
energy_ga,79.78836320865818,177.90315330103758,14472.9379120605
energy_ga,79.84555320450535,177.46898589918237,14483.09977764303
energy_ga,79.90274320035253,177.05881101038045,14493.237499259514
energy_ga,79.9599331961997,176.67152847348137,14503.352417582564
energy_ga,80.01712319204688,176.30607846469871,14513.445811520036
energy_ga,80.07431318789406,175.96144155478302,14523.51890052354
energy_ga,80.13150318374123,175.63663881082786,14533.572846901532
energy_ga,80.18869317958841,175.33073191409864,14543.60875813866
energy_ga,80.24588317543558,175.04282326894906,14553.627689221597
energy_ga,80.30307317128276,174.7720560812985,14563.630644970259
energy_ga,80.36026316712993,174.51761438831363,14573.618582372066
energy_ga,80.41745316297711,174.27872302386925,14583.592412916123
energy_ga,80.47464315882429,174.05464750707156,14593.553004923173
energy_ga,80.53183315467146,173.84469384362188,14603.501185866713
energy_ga,80.58902315051864,173.64820823209044,14613.43774468003
energy_ga,80.64621314636581,173.46457666926722,14623.363434043533
energy_ga,80.70340314221299,173.29322445067325,14633.278972646547
energy_ga,80.76059313806017,173.1336155640531,14643.185047417444
energy_ga,80.81778313390734,172.9852519752457,14653.082315716043
energy_ga,80.87497312975452,172.84767280724807,14662.971407482108
energy_ga,80.93216312560169,172.72045341455603,14672.852927333877
energy_ga,80.98935312144887,172.60320435599476,14682.727456610794
energy_ga,81.04654311729605,172.49557027025057,14692.595555354665
energy_ga,81.10373311314322,172.39722865918606,14702.457764223911
energy_ga,81.1609231089904,172.30788858477658,14712.314606335753
energy_ga,81.21811310483757,172.22728928614993,14722.166589031573
energy_ga,81.27530310068475,172.15519872375162,14732.014205561136
energy_ga,81.33249309653193,172.09141205810207,14741.857936681647
energy_ga,81.3896830923791,172.03575007096418,14751.698252168177
energy_ga,81.44687308822628,171.9880575370077,14761.535612232392
energy_ga,81.50406308407345,171.9482015542447,14771.370468846952
energy_ga,81.56125307992063,171.91606984162672,14781.203266973514
energy_ga,81.6184430757678,171.8915690122407,14791.034445692652
energy_ga,81.67563307161498,171.8746228305247,14800.864439234598
energy_ga,81.73282306746216,171.8651704618505,14810.693677910049
energy_ga,81.79001306330933,171.86316472269448,14820.522588940928
energy_ga,81.84720305915651,171.86857033944145,14830.351597191302
energy_ga,81.90439305500368,171.88136222364594,14840.181125799176
energy_ga,81.96158305085086,171.90152377131798,14850.011596710368
energy_ga,82.01877304669804,171.92904519350213,14859.843431115985
energy_ga,82.07596304254521,171.9639218850934,14869.677049795533
energy_ga,82.1331530383924,172.00615283847569,14879.51287336803
energy_ga,82.19034303423956,172.05573910818936,14889.35132245383
energy_ga,82.24753303008674,172.11268233243166,14899.192817750289
energy_ga,82.30472302593392,172.17698331677406,14909.03778002464
energy_ga,82.36191302178109,172.24864068504502,14918.886630027802
energy_ga,82.41910301762827,172.32764960187848,14928.739788333076
energy_ga,82.47629301347544,172.41400057097636,14938.597675103942
energy_ga,82.53348300932262,172.50767831266177,14948.460709795421
energy_ga,82.59067300516979,172.60866072384246,14958.329310793564
energy_ga,82.64786300101697,172.71691792302647,14968.203894997934
energy_ga,82.70505299686415,172.83241138256946,14978.084877351926
energy_ga,82.76224299271132,172.95509314986322,14987.972670326033
energy_ga,82.8194329885585,173.08490515871847,14997.867683359147
energy_ga,82.87662298440567,173.22177863173573,15007.770322263059
energy_ga,82.93381298025285,173.36563357401508,15017.680988595424
energy_ga,82.99100297610003,173.5163783581206,15027.600079006355
energy_ga,83.0481929719472,173.673909399786,15037.527984563882
energy_ga,83.10538296779438,173.83811092344226,15047.465090063448
energy_ga,83.16257296364155,174.00885481624636,15057.4117733265
energy_ga,83.21976295948873,174.18600056891137,15067.368404493243
energy_ga,83.27695295533591,174.3693953012704,15077.335345314408
energy_ga,83.33414295118308,174.5588738701619,15087.312948446845
energy_ga,83.39133294703026,174.75425905689218,15097.301556757577
energy_ga,83.44852294287743,174.95536183122368,15107.30150264073
energy_ga,83.50571293872461,175.1619816885448,15117.31310735169
energy_ga,83.56290293457178,175.37390705661133,15127.3366803625
energy_ga,83.62009293041896,175.59091576799773,15137.372518742422
energy_ga,83.67728292626614,175.81277559417327,15147.420906567266
energy_ga,83.73447292211331,176.03924483691185,15157.4821143609
energy_ga,83.7916629179605,176.27007297256165,15167.556398572124
energy_ga,83.84885291380766,176.50500134454342,15177.644001089713
energy_ga,83.90604290965484,176.74376389930487,15187.745148798373
energy_ga,83.96323290550203,176.98608796084892,15197.860053177827
energy_ga,84.02042290134919,177.2316950388564,15207.9889099472
energy_ga,84.07761289719637,177.480301665359,15218.13189875643
energy_ga,84.13480289304354,177.73162025486766,15228.289182926172
energy_ga,84.19199288889072,177.9853599828369,15238.460909237454
energy_ga,84.2491828847379,178.24122767734477,15248.647207771925
energy_ga,84.30637288058507,178.49892871888343,15258.848191803334
energy_ga,84.36356287643225,178.75816794319553,15269.063957740575
energy_ga,84.42075287227942,179.0186505421523,15279.29458512227
energy_ga,84.4779428681266,179.28008295774757,15289.540136662725
energy_ga,84.53513286397379,179.542173764384,15299.800658348633
energy_ga,84.59232285982095,179.80463453474198,15310.076179585792
energy_ga,84.64951285566814,180.0671806846641,15320.366713394751
energy_ga,84.7067028515153,180.32953229263623,15330.672256654003
energy_ga,84.76389284736248,180.59141488962197,15340.99279038926
energy_ga,84.82108284320965,180.8525602151919,15351.328280106874
energy_ga,84.87827283905683,181.11270693609208,15361.678676169477
energy_ga,84.93546283490402,181.37160132361217,15372.043914211497
energy_ga,84.99265283075118,181.62899788634448,15382.423915592166
energy_ga,85.04984282659836,181.88465995516796,15392.818587883341
energy_ga,85.10703282244553,182.13836021754298,15403.227825389316
energy_ga,85.16422281829271,182.3898811984715,15413.651509695697
energy_ga,85.2214128141399,182.63901568574698,15424.089510244152
energy_ga,85.27860280998706,182.88556709740564,15434.541684929854
energy_ga,85.33579280583425,183.1293497895774,15445.007880718242
energy_ga,85.39298280168141,183.37018930323453,15455.487934277595
energy_ga,85.4501727975286,183.6079225486361,15465.981672624002
energy_ga,85.50736279337576,183.8423979265749,15476.48891377501
energy_ga,85.56455278922294,184.07347538584168,15487.009467408436
energy_ga,85.62174278507013,184.30102641663413,15497.543135522581
energy_ga,85.6789327809173,184.52493397995153,15508.089713094285
energy_ga,85.73612277676447,184.74509237332663,15518.648988731102
energy_ga,85.79331277261164,184.96140703356068,15529.220745313976
energy_ga,85.85050276845882,185.1737942774342,15539.804760626912
energy_ga,85.907692764306,185.38218098167314,15550.40080797002
energy_ga,85.96488276015317,185.5865042037499,15561.008656752612
energy_ga,86.02207275600036,185.78671074539645,15571.62807306296
energy_ga,86.07926275184752,185.98275666099107,15582.258820211498
energy_ga,86.1364527476947,186.17460671326705,15592.900659244435
energy_ga,86.19364274354189,186.36223377905682,15603.553349424774
energy_ga,86.25083273938905,186.54561820805299,15614.216648678033
energy_ga,86.30802273523624,186.7247471378149,15624.890314000037
energy_ga,86.3652127310834,186.89961376848964,15635.574101824353
energy_ga,86.42240272693059,187.07021660094296,15646.267768347254
energy_ga,86.47959272277777,187.2365586422081,15656.971069808118
energy_ga,86.53678271862493,187.39864658235712,15667.683762723616
energy_ga,86.59397271447212,187.55648994708233,15678.405604074116
energy_ga,86.65116271031928,187.710100230442,15689.136351441033
energy_ga,86.70835270616647,187.85949001236972,15699.875763094191
energy_ga,86.76554270201365,188.00467206568197,15710.623598028365
energy_ga,86.82273269786081,188.14565845742703,15721.379615948628
energy_ga,86.879922693708,188.28245964951162,15732.143577204277
energy_ga,86.93711268955516,188.4150836036161,15742.915242671419
energy_ga,86.99430268540235,188.54353489545858,15753.69437358468
energy_ga,87.05149268124951,188.66781384350296,15764.480731318623
energy_ga,87.1086826770967,188.78791565721218,15775.274077119944
energy_ga,87.16587267294388,188.90382960994165,15786.074171791615
energy_ga,87.22306266879104,189.0155382415264,15796.88077533061
energy_ga,87.28025266463823,189.1230165955689,15807.693646521006
energy_ga,87.3374426604854,189.2262314963477,15818.512542484583
energy_ga,87.39463265633258,189.3251408701706,15829.337218191376
energy_ga,87.45182265217976,189.4196931158724,15840.167425932777
energy_ga,87.50901264802692,189.50982652901038,15851.002914760207
energy_ga,87.5662026438741,189.59546878414113,15861.84342989251
energy_ga,87.62339263972127,189.67653647937456,15872.688712095493
energy_ga,87.68058263556846,189.7529347471864,15883.538497037365
energy_ga,87.73777263141564,189.8245569352375,15894.392514623865
energy_ga,87.7949626272628,189.8912843606938,15905.250488317275
energy_ga,87.85215262310999,189.95298614126338,15916.112134443567
energy_ga,87.90934261895715,190.0095191058757,15926.977161492148
energy_ga,87.96653261480434,190.06072778761063,15937.845269412886
energy_ga,88.0237226106515,190.10644450115393,15948.716148915099
energy_ga,88.08091260649869,190.14648950670752,15959.589480773493
energy_ga,88.13810260234587,190.18067126191576,15970.464935145957
energy_ga,88.19529259819303,190.20878676298835,15981.342170908332
energy_ga,88.25248259404022,190.23062197580936,15992.22083501127
energy_ga,88.30967258988738,190.24595235741023,16003.100561864301
energy_ga,88.36686258573457,190.25454346777292,16013.980972752348
energy_ga,88.42405258158175,190.25615167149843,16024.86167528976
energy_ga,88.48124257742892,190.25052492844586,16035.742262917045
energy_ga,88.5384325732761,190.23740367200344,16046.622314445327
energy_ga,88.59562256912326,190.2165217732158,16057.501393653452
energy_ga,88.65281256497045,190.1876075885401,16068.379048942677
energy_ga,88.71000256081763,190.15038508856642,16079.254813053542
energy_ga,88.7671925566648,190.1045750645931,16090.128202849553
energy_ga,88.82438255251198,190.0498964095123,16100.998719172
energy_ga,88.88157254835915,189.98606746903783,16111.865846769993
energy_ga,88.93876254420633,189.91280745888562,16122.729054309732
energy_ga,88.99595254005351,189.82983794311917,16133.5877944665
energy_ga,89.05314253590068,189.73688436848386,16144.441504102862
energy_ga,89.11033253174786,189.6336776491911,16155.289604536028
energy_ga,89.16752252759503,189.51995579626586,16166.13150189712
energy_ga,89.22471252344221,189.39546558526138,16176.96658758474
energy_ga,89.28190251928937,189.2599642558529,16187.7942388148
energy_ga,89.33909251513656,189.11322123657501,16198.6138192683
energy_ga,89.39628251098374,188.95501988775115,16209.424679838225
energy_ga,89.4534725068309,188.7851592554887,16220.22615947648
energy_ga,89.51066250267809,188.60345582949319,16231.017586141223
energy_ga,89.56785249852526,188.4097452973689,16241.79827784461
energy_ga,89.62504249437244,188.20388428806157,16252.5675438006
energy_ga,89.6822324902196,187.9857520971261,16263.324685671909
energy_ga,89.73942248606679,187.7552523866101,16274.068998914929
energy_ga,89.79661248191397,187.5123148525083,16284.799774220923
energy_ga,89.85380247776114,187.25689685298957,16295.516299051464
energy_ga,89.91099247360832,186.98898499091686,16306.217859265702
energy_ga,89.96818246945548,186.7085966445862,16316.903740836617
energy_ga,90.02537246530267,186.41578144110792,16327.573231653218
energy_ga,90.08256246114985,186.11062266743878,16338.225623405184
energy_ga,90.13975245699702,185.79323861476794,16348.86021354632
energy_ga,90.1969424528442,185.46378385275258,16359.476307332898
energy_ga,90.25413244869137,185.1224504310101,16370.07321993275
energy_ga,90.31132244453855,184.76946900629977,16380.650278601013
energy_ga,90.36851244038573,184.4051098949774,16391.20682491814
energy_ga,90.4257024362329,184.02968405159137,16401.74221708602
energy_ga,90.48289243208008,183.64354397590566,16412.255832278024
energy_ga,90.54008242792725,183.24708455220158,16422.747069038967
energy_ga,90.59727242377443,182.84074382642282,16433.215349731305
energy_ga,90.65446241962161,182.4250037286013,16443.6601230242
energy_ga,90.71165241546878,182.00039075003966,16454.08086642262
energy_ga,90.76884241131596,181.56747658693268,16464.477088834206
energy_ga,90.82603240716313,181.12687876450275,16474.848333172376
energy_ga,90.88322240301031,180.6792612582939,16485.194178995072
energy_ga,90.94041239885749,180.22533513204655,16495.514245179467
energy_ga,90.99760239470466,179.76585921454193,16505.808192634315
energy_ga,91.05479239055184,179.30164084099502,16516.07572705283
energy_ga,91.111982386399,178.83353668797494,16526.316601710634
energy_ga,91.16917238224619,178.36245373446835,16536.53062031508
astar,0.0,178.36245373446835,0.0
astar,0.053025,178.3695560161568,9.45785740851345
astar,0.10605,178.3900122220239,18.916445461428218
astar,0.159075,178.422587524848,28.376439512217157
astar,0.2121,178.4661014009122,37.83845087736138
astar,0.265125,178.51942704919858,47.303029700394944
astar,0.31815,178.58149089256986,56.770667787326076
astar,0.37117500000000003,178.6512721305885,66.24180141697757
astar,0.4242,178.72780231730093,75.71681412827724
astar,0.477225,178.81016494072762,85.19603948520572
astar,0.53025,178.89749498397325,94.67976381895934
astar,0.583275,178.9889784508123,104.1682289458991
astar,0.6363,179.08385184132933,113.6616348590195
astar,0.6893250000000001,179.1814015657042,123.16014238997349
astar,0.7423500000000001,179.28096328655286,132.66387583811894
astar,0.795375,179.38192118235992,142.172925562601
astar,0.8484,179.48370712649103,151.6873505331394
astar,0.9014250000000001,179.58579977805522,161.2071808349462
astar,0.95445,179.68772358250803,170.7324201230431
astar,1.0074750000000001,179.78904768135632,180.26304802117633
astar,1.0605,179.88938473164842,189.7990224605261
astar,1.113525,179.98838963712714,199.34028195347827
astar,1.16655,180.08575819397606,208.88674779785038
astar,1.219575,180.18122565503177,218.4383262071472
astar,1.2726,180.27456521715516,227.99491036264604
astar,1.325625,180.36558643716583,237.55638238338125
astar,1.3786500000000002,180.4541335823562,247.12261521039883
astar,1.4316750000000003,180.540083922114,256.6934744019861
astar,1.4847000000000001,180.62334596760343,266.2688198369372
astar,1.537725,180.7038576667936,275.84850732329414
astar,1.59075,180.78158456237864,285.4323901103951
astar,1.643775,180.85651792031723,295.02032030246755
astar,1.6968,180.9286728368315,304.6121501724165
astar,1.7498250000000002,180.99808633175178,314.20773337487356
astar,1.8028500000000003,181.06481543608479,323.80692605799334
astar,1.8558750000000002,181.1289352816124,333.40958787389627
astar,1.9089,181.19053720021017,343.0155828880706
astar,1.9619250000000001,181.2497268404097,352.62478038844756
astar,2.0149500000000002,181.30662230852212,362.23705559525865
astar,2.067975,181.36135234138897,371.8522902731644
astar,2.121,181.41405451755028,381.470373247512
astar,2.1740250000000003,181.46487351330208,391.09120082693
astar,2.22705,181.5139594097786,400.71467713480314
astar,2.280075,181.5614660568253,410.34071435248643
astar,2.3331,181.60754949904717,419.96923287741146
astar,2.3861250000000003,181.65236646900948,429.6001613995146
astar,2.43915,181.69607295215104,439.2334368996681
astar,2.4921750000000005,181.7388228275379,448.86900457402714
astar,2.5452,181.780766588147,458.50681768841037
astar,2.5982250000000002,181.82205014392028,468.1468373670194
astar,2.65125,181.86281371038066,477.7890323199565
astar,2.704275,181.90319078514676,487.4333785141442
astar,2.7573000000000003,181.94330721423165,497.07985879235275
astar,2.810325,181.98328034956083,506.7284624451378
astar,2.8633500000000005,182.02321829869945,516.3791847405498
astar,2.9163750000000004,182.06321926733813,526.0320264165193
astar,2.9694000000000003,182.103370994658,535.6869931408405
astar,3.0224250000000006,182.1437502812732,545.3440949436687
astar,3.07545,182.184422609039,555.003345627423
astar,3.128475,182.2254418516172,564.6647621589361
astar,3.1815,182.26685007430825,574.3283640486222
astar,3.234525,182.30867742128956,583.9941727213493
astar,3.28755,182.35094208805086,593.6622108835907
astar,3.3405750000000003,182.39365037648142,603.3325018913066
astar,3.3936,182.43679682974948,613.0050691228618
astar,3.446625,182.4803644438176,622.6799353611271
astar,3.4996500000000004,182.52432495216038,632.3571221887381
astar,3.5526750000000002,182.5686391799952,642.0366494002918
astar,3.6057000000000006,182.61325746410074,651.7185344350685
astar,3.6587250000000004,182.65812013408558,661.4027918336403
astar,3.7117500000000003,182.7031580507742,671.0894327215163
astar,3.7647749999999998,182.74829319720985,680.7784643227284
astar,3.8178,182.79343931762565,690.469889506028
astar,3.870825,182.83850259960673,700.1637063661086
astar,3.9238500000000003,182.8833823945675,709.8599078420167
astar,3.976875,182.927971971581,719.5584813746492
astar,4.0299000000000005,182.97215929954484,729.259408604975
astar,4.082925,183.01582785262556,738.9626651143468
astar,4.13595,183.05885743391082,748.6682202080061
astar,4.188975,183.10112501220488,758.3760367426088
astar,4.242,183.14250556692951,768.0860709983381
astar,4.295025000000001,183.18287293613892,777.7982725959008
astar,4.348050000000001,183.22210066272893,787.5125844584408
astar,4.4010750000000005,183.26006283400312,797.2289428181479
astar,4.4541,183.29663490987042,806.9472772670823
astar,4.507125,183.33169453506915,816.6675108514912
astar,4.56015,183.36512233095755,826.3895602086517
astar,4.613175,183.3968026625708,836.1133357450426
astar,4.6662,183.42662437681773,845.8387418544244
astar,4.719225000000001,183.4544815078849,855.5656771741927
astar,4.7722500000000005,183.48027394611944,865.2940348781669
astar,4.825275,183.50390806688128,875.0237030037866
astar,4.8783,183.52529731609067,884.7545648115026
astar,4.931325,183.54436274943632,894.4864991739898
astar,4.984350000000001,183.5610335224701,904.2193809926489
astar,5.037375000000001,183.57524732907433,913.9530816387254
astar,5.0904,183.58695078606632,923.6874694162528
astar,5.143425,183.59609976198232,933.4224100439079
astar,5.1964500000000005,183.6026596483771,943.1577671527752
astar,5.249475,183.6066055722657,952.8934027969375
astar,5.3025,183.6079225486361,962.6291779737429
astar,5.355525,183.6066055722657,972.3649531505483
astar,5.40855,183.6026596483771,982.1005887947106
astar,5.461575000000001,183.59609976198232,991.8359459035779
astar,5.514600000000001,183.58695078606632,1001.570886531233
astar,5.5676250000000005,183.57524732907433,1011.3052743087607
astar,5.62065,183.5610335224701,1021.0389749548372
astar,5.673675,183.54436274943632,1030.771856773496
astar,5.726700000000001,183.52529731609067,1040.5037911359834
astar,5.779725000000001,183.50390806688128,1050.2346529436995
astar,5.832750000000001,183.4802739461194,1059.964321069319
astar,5.885775000000001,183.4544815078849,1069.6926787732934
astar,5.9388000000000005,183.42662437681773,1079.4196140930617
astar,5.991825000000001,183.3968026625708,1089.1450202024437
astar,6.044850000000001,183.36512233095755,1098.8687957388345
astar,6.097875000000001,183.33169453506915,1108.590845095995
astar,6.1509,183.29663490987042,1118.3110786804039
astar,6.203925,183.26006283400312,1128.0294131293383
astar,6.25695,183.2221006627289,1137.7457714890454
astar,6.309975,183.18287293613892,1147.4600833515854
astar,6.363,183.14250556692951,1157.1722849491482
astar,6.416025,183.10112501220488,1166.8823192048774
astar,6.46905,183.05885743391082,1176.59013573948
astar,6.522075,183.01582785262562,1186.2956908331394
astar,6.5751,182.9721592995449,1195.9989473425112
astar,6.628125000000001,182.927971971581,1205.699874572837
astar,6.681150000000001,182.8833823945675,1215.3984481054695
astar,6.7341750000000005,182.83850259960673,1225.0946495813776
astar,6.7872,182.79343931762565,1234.7884664414582
astar,6.840225,182.74829319720985,1244.4798916247578
astar,6.89325,182.7031580507742,1254.16892322597
astar,6.946275000000001,182.6581201340856,1263.8555641138462
astar,6.999300000000001,182.61325746410074,1273.539821512418
astar,7.052325000000001,182.5686391799952,1283.2217065471946
astar,7.1053500000000005,182.52432495216038,1292.9012337587483
astar,7.158375,182.48036444381756,1302.578420586359
astar,7.211400000000001,182.43679682974948,1312.2532868246246
astar,7.264425000000001,182.3936503764814,1321.9258540561798
astar,7.317450000000001,182.35094208805086,1331.5961450638956
astar,7.370475000000001,182.30867742128956,1341.264183226137
astar,7.423500000000001,182.26685007430825,1350.929991898864
astar,7.476525,182.2254418516172,1360.59359378855
astar,7.5295499999999995,182.184422609039,1370.255010320063
astar,7.582575,182.1437502812732,1379.9142610038177
astar,7.6356,182.10337099465806,1389.5713628066458
astar,7.688625,182.06321926733813,1399.226329530967
astar,7.74165,182.02321829869945,1408.8791712069365
astar,7.794675,181.98328034956083,1418.5298935023484
astar,7.847700000000001,181.94330721423165,1428.1784971551335
astar,7.900725,181.90319078514676,1437.824977433342
astar,7.95375,181.86281371038066,1447.4693236275295
astar,8.006775000000001,181.82205014392028,1457.1115185804667
astar,8.059800000000001,181.780766588147,1466.7515382590757
astar,8.112825,181.7388228275379,1476.389351373459
astar,8.16585,181.69607295215104,1486.024919047818
astar,8.218875,181.65236646900948,1495.6581945479716
astar,8.2719,181.60754949904717,1505.2891230700745
astar,8.324925,181.5614660568253,1514.9176415949996
astar,8.37795,181.5139594097786,1524.5436788126829
astar,8.430975,181.46487351330208,1534.1671551205561
astar,8.484,181.41405451755028,1543.787982699974
astar,8.537025000000002,181.36135234138897,1553.406065674322
astar,8.590050000000002,181.30662230852215,1563.0213003522279
astar,8.643075000000001,181.2497268404097,1572.633575559039
astar,8.696100000000001,181.19053720021017,1582.2427730594159
astar,8.749125000000001,181.1289352816124,1591.8487680735902
astar,8.802150000000001,181.06481543608473,1601.451429889493
astar,8.855175,180.99808633175178,1611.0506225726124
astar,8.9082,180.9286728368315,1620.6462057750698
astar,8.961225,180.85651792031723,1630.2380356450187
astar,9.01425,180.78158456237855,1639.8259658370912
astar,9.067275,180.7038576667936,1649.4098486241921
astar,9.1203,180.62334596760343,1658.9895361105491
astar,9.173325,180.540083922114,1668.5648815455002
astar,9.22635,180.4541335823562,1678.1357407370874
astar,9.279375,180.36558643716583,1687.701973564105
astar,9.3324,180.27456521715516,1697.2634455848402
astar,9.385425,180.18122565503177,1706.820029740339
astar,9.438450000000001,180.08575819397606,1716.371608149636
astar,9.491475000000001,179.98838963712714,1725.918073994008
astar,9.544500000000001,179.88938473164842,1735.45933348696
astar,9.597525000000001,179.78904768135632,1744.9953079263098
astar,9.65055,179.68772358250814,1754.525935824443
astar,9.703575,179.58579977805522,1764.0511751125398
astar,9.7566,179.48370712649103,1773.5710054143465
astar,9.809625,179.38192118235992,1783.0854303848848
astar,9.86265,179.28096328655286,1792.594480109367
astar,9.915675,179.1814015657042,1802.0982135575123
astar,9.968700000000002,179.08385184132933,1811.5967210884667
astar,10.021725000000002,178.9889784508123,1821.090127001587
astar,10.074750000000002,178.89749498397325,1830.5785921285267
astar,10.127775000000002,178.81016494072762,1840.0623164622803
astar,10.1808,178.72780231730096,1849.5415418192083
astar,10.233825,178.6512721305885,1859.0165545305078
astar,10.28685,178.58149089256986,1868.4876881601592
astar,10.339875000000001,178.51942704919858,1877.9553262470906
astar,10.392900000000001,178.4661014009122,1887.419905070124
astar,10.445925,178.422587524848,1896.8819164352683
astar,10.49895,178.3900122220239,1906.3419104860573
astar,10.551975,178.3695560161568,1915.800498538972
astar,10.605,178.36245373446835,1925.2583559474856
astar,10.65962410182328,178.36914627186968,1935.0014275686494
astar,10.714248203646559,178.38842235131415,1944.7452084459985
astar,10.768872305469838,178.41911847515647,1954.490354166708
astar,10.823496407293119,178.46012237598413,1964.2374581621418
astar,10.878120509116398,178.5103724814704,1973.9870544916419
astar,10.932744610939677,178.56885746529736,1983.739620599437
astar,10.987368712762956,178.634615853305,1993.4955800485293
astar,11.041992814586235,178.70673565771958,2003.2553052338326
astar,11.096616916409515,178.78435401576212,2013.0191200754523
astar,11.151241018232795,178.86665681213523,2022.7873026917835
astar,11.205865120056075,178.95287826786347,2032.5600880510676
astar,11.260489221879354,179.0423004807057,2042.33767059917
astar,11.315113323702633,179.13425290490892,2052.1202068605935
astar,11.369737425525912,179.22811176041026,2061.9078180091483
astar,11.424361527349191,179.3232993637538,2071.700592404212
astar,11.478985629172472,179.4192833749627,2081.498588088145
astar,11.533609730995751,179.51557595641495,2091.301835240166
astar,11.58823383281903,179.61173284141404,2101.1103385818124
astar,11.64285793464231,179.70735231163738,2110.9240797290363
astar,11.697482036465589,179.80207408399235,2120.743019485968
astar,11.752106138288868,179.89557810861479,2130.5671000754496
astar,11.806730240112149,179.9875832808248,2140.39624730156
astar,11.861354341935428,180.0778460708056,2150.230372639533
astar,11.915978443758707,180.16615907561044,2160.069375248705
astar,11.970602545581986,180.2523494988276,2169.913143904387
astar,12.025226647405265,180.33627756385596,2179.7615588448816
astar,12.079850749228545,180.4178348672686,2189.614493530184
astar,12.134474851051824,180.49694267917565,2199.4718163092957
astar,12.189098952875105,180.5735501978413,2209.333391993444
astar,12.243723054698384,180.6476327660772,2219.1990833329173
astar,12.298347156521663,180.71919005712405,2229.068752395642
astar,12.352971258344942,180.78824423785076,2238.9422618460426
astar,12.407595360168221,180.85483811715648,2248.819476123165
astar,12.462219461991502,180.91903328745343,2258.7002625174687
astar,12.516843563814781,180.980908267042,2268.5844921461244
astar,12.57146766563806,181.0405566510809,2278.4720408270746
astar,12.62609176746134,181.09808527868663,2288.3627898525324
astar,12.680715869284619,181.1536124234951,2298.2566266630024
astar,12.735339971107898,181.20726601477318,2308.1534454232947
astar,12.789964072931177,181.2591818958856,2318.0531475023918
astar,12.844588174754458,181.30950212661506,2327.9556418593806
astar,12.899212276577737,181.35837333548878,2337.860845338018
astar,12.953836378401016,181.40594512790625,2347.7686828728165
astar,13.008460480224295,181.4523685554724,2357.6790876098485
astar,13.063084582047575,181.4977946515393,2367.5920009457463
astar,13.117708683870855,181.54237303754107,2377.507372488641
astar,13.172332785694135,181.58625060427266,2387.42515994502
astar,13.226956887517414,181.62957027182702,2397.3453289367008
astar,13.281580989340693,181.67246983145444,2407.267852752304
astar,13.336205091163972,181.71508087215597,2417.192712037777
astar,13.390829192987251,181.75752779437306,2427.1198944306634
astar,13.44545329481053,181.79992691267643,2437.0493941429286
astar,13.50007739663381,181.84238564891146,2446.981211497237
astar,13.55470149845709,181.88500181680735,2456.9153524216586
astar,13.60932560028037,181.9278629986187,2466.851827907807
astar,13.663949702103649,181.97104601393582,2476.790653437448
astar,13.718573803926928,182.01461648037662,2486.7318483825993
astar,13.773197905750207,182.05862846546384,2496.675435384126
astar,13.827822007573486,182.10312422859127,2506.621439713778
astar,13.882446109396767,182.14813405159828,2516.5698886245555
astar,13.937070211220046,182.19367615610523,2526.5208106941873
astar,13.991694313043325,182.23975670540582,2536.4742351664045
astar,14.046318414866604,182.28636988838144,2546.4301912945566
astar,14.100942516689884,182.33349808258123,2556.388707691975
astar,14.155566618513163,182.3811120933184,2566.349811693318
astar,14.210190720336444,182.42917146535055,2576.3135287309624
astar,14.264814822159723,182.4776248634585,2586.2798817302983
astar,14.319438923983002,182.52641051799753,2596.2488905275904
astar,14.374063025806281,182.57545673128334,2606.2205713138374
astar,14.428687127629562,182.6246824404793,2616.1949361078346
astar,14.48331122945284,182.67399783247996,2626.171992261404
astar,14.53793533127612,182.7233050061399,2636.1517419995084
astar,14.5925594330994,182.77249867706504,2646.1341819976947
astar,14.647183534922679,182.8214669200842,2656.1193029990723
astar,14.701807636745958,182.87009194443323,2666.107089472737
astar,14.756431738569237,182.91825089662515,2676.0975193152963
astar,14.811055840392516,182.9658166859437,2686.0905635968693
astar,14.865679942215795,183.01265882747785,2696.086186352656
astar,14.920304044039074,183.05864429762502,2706.084344420899
astar,14.974928145862355,183.10363839701324,2716.0849873277775
astar,15.029552247685634,183.14750561584316,2726.088057219503
astar,15.084176349508915,183.19011049671585,2736.093488841618
astar,15.138800451332195,183.23131849010124,2746.101209565222
astar,15.193424553155474,183.27099679770845,2756.1111394595964
astar,15.248048654978753,183.30901519914215,2766.1231914104437
astar,15.302672756802032,183.34524685737452,2776.137271282701
astar,15.357296858625311,183.3795690987202,2786.1532781266556
astar,15.41192096044859,183.4118641631778,2796.1711044258577
astar,15.46654506227187,183.44201992119412,2806.1906363851026
astar,15.521169164095149,183.46993055311165,2816.2117542565456
astar,15.575793265918428,183.49549718778175,2826.2343327018166
astar,15.630417367741709,183.51862849705748,2836.258241187812
astar,15.685041469564988,183.53924124312465,2846.283344413674
astar,15.739665571388267,183.5572607758874,2856.309502766302
astar,15.794289673211548,183.572621477888,2866.336572801602
astar,15.848913775034827,183.5852671545162,2876.36440774854
astar,15.903537876858106,183.59515136754834,2886.3928580329716
astar,15.958161978681385,183.60223771034313,2896.421771818088
astar,16.012786080504664,183.6065000233187,2906.450995558269
astar,16.067410182327944,183.6079225486361,2916.4803745630425
astar,16.122034284151223,183.6065000233187,2926.509753567816
astar,16.176658385974502,183.60223771034313,2936.538977307997
astar,16.23128248779778,183.59515136754834,2946.5678910931133
astar,16.28590658962106,183.5852671545162,2956.596341377545
astar,16.340530691444343,183.572621477888,2966.624176324484
astar,16.395154793267622,183.5572607758874,2976.6512463597833
astar,16.4497788950909,183.53924124312465,2986.6774047124113
astar,16.50440299691418,183.51862849705748,2996.7025079382734
astar,16.55902709873746,183.49549718778175,3006.726416424269
astar,16.61365120056074,183.46993055311165,3016.7489948695397
astar,16.668275302384018,183.44201992119412,3026.7701127409828
astar,16.722899404207297,183.4118641631778,3036.7896447002277
astar,16.777523506030576,183.3795690987202,3046.80747099943
astar,16.832147607853855,183.34524685737452,3056.8234778433844
astar,16.886771709677134,183.30901519914215,3066.8375577156417
astar,16.941395811500414,183.27099679770845,3076.849609666489
astar,16.996019913323693,183.23131849010124,3086.8595395608636
astar,17.050644015146972,183.19011049671582,3096.867260284467
astar,17.10526811697025,183.14750561584316,3106.872691906582
astar,17.15989221879353,183.10363839701324,3116.8757617983074
astar,17.214516320616813,183.05864429762502,3126.8764047051864
astar,17.269140422440092,183.01265882747785,3136.8745627734293
astar,17.32376452426337,182.96581668594374,3146.870185529216
astar,17.37838862608665,182.91825089662515,3156.863229810789
astar,17.43301272790993,182.87009194443323,3166.8536596533486
astar,17.48763682973321,182.8214669200842,3176.841446127013
astar,17.542260931556488,182.77249867706504,3186.8265671283907
astar,17.596885033379767,182.7233050061399,3196.809007126577
astar,17.651509135203046,182.67399783247996,3206.788756864681
astar,17.70613323702633,182.6246824404793,3216.7658130182517
astar,17.760757338849608,182.57545673128337,3226.740177812249
astar,17.815381440672887,182.52641051799742,3236.711858598496
astar,17.870005542496166,182.4776248634585,3246.680867395788
astar,17.924629644319445,182.42917146535055,3256.647220395124
astar,17.979253746142724,182.3811120933184,3266.610937432768
astar,18.033877847966004,182.33349808258126,3276.572041434111
astar,18.088501949789283,182.28636988838142,3286.530557831529
astar,18.143126051612562,182.23975670540582,3296.4865139596814
astar,18.19775015343584,182.19367615610523,3306.4399384318986
astar,18.25237425525912,182.1481340515983,3316.3908605015304
astar,18.3069983570824,182.10312422859127,3326.3393094123076
astar,18.36162245890568,182.0586284654639,3336.2853137419593
astar,18.416246560728958,182.01461648037662,3346.228900743486
astar,18.470870662552237,181.97104601393582,3356.1700956886375
astar,18.525494764375516,181.9278629986187,3366.1089212182783
astar,18.5801188661988,181.88500181680735,3376.0453967044273
astar,18.634742968022074,181.84238564891146,3385.979537628848
astar,18.689367069845357,181.79992691267643,3395.9113549831573
astar,18.743991171668636,181.75752779437306,3405.8408546954224
astar,18.798615273491915,181.71508087215597,3415.768037088309
astar,18.853239375315194,181.67246983145444,3425.692896373782
astar,18.907863477138473,181.62957027182702,3435.615420189385
astar,18.962487578961756,181.58625060427266,3445.535589181067
astar,19.017111680785035,181.54237303754107,3455.4533766374457
astar,19.071735782608314,181.4977946515393,3465.36874818034
astar,19.126359884431594,181.4523685554724,3475.281661516238
astar,19.180983986254873,181.40594512790625,3485.19206625327
astar,19.235608088078152,181.3583733354888,3495.0999037880683
astar,19.29023218990143,181.30950212661506,3505.0051072667056
astar,19.34485629172471,181.2591818958856,3514.9076016236945
astar,19.39948039354799,181.20726601477318,3524.8073037027916
astar,19.45410449537127,181.15361242349513,3534.704122463084
astar,19.508728597194548,181.09808527868663,3544.597959273554
astar,19.563352699017827,181.0405566510809,3554.4887082990117
astar,19.617976800841106,180.980908267042,3564.376256979962
astar,19.672600902664385,180.91903328745343,3574.2604866086176
astar,19.727225004487664,180.85483811715648,3584.1412730029215
astar,19.781849106310943,180.78824423785076,3594.0184872800437
astar,19.836473208134223,180.71919005712402,3603.891996730444
astar,19.8910973099575,180.6476327660772,3613.761665793169
astar,19.94572141178078,180.5735501978413,3623.6273571326424
astar,20.00034551360406,180.49694267917565,3633.48893281679
astar,20.054969615427343,180.4178348672686,3643.346255595902
astar,20.109593717250622,180.33627756385596,3653.1991902812047
astar,20.1642178190739,180.2523494988276,3663.047605221699
astar,20.21884192089718,180.16615907561044,3672.8913738773813
astar,20.27346602272046,180.0778460708056,3682.7303764865533
astar,20.328090124543742,179.9875832808248,3692.564501824527
astar,20.38271422636702,179.89557810861479,3702.393649050637
astar,20.4373383281903,179.80207408399235,3712.2177296401187
astar,20.49196243001358,179.70735231163738,3722.0366693970504
astar,20.54658653183686,179.61173284141407,3731.8504105442744
astar,20.601210633660138,179.51557595641506,3741.658913885921
astar,20.655834735483417,179.4192833749627,3751.4621610379418
astar,20.710458837306696,179.3232993637538,3761.260156721875
astar,20.765082939129975,179.22811176041026,3771.0529311169385
astar,20.819707040953254,179.13425290490892,3780.8405422654932
astar,20.874331142776533,179.0423004807057,3790.6230785269167
astar,20.928955244599813,178.95287826786347,3800.4006610750193
astar,20.98357934642309,178.86665681213523,3810.1734464343035
astar,21.03820344824637,178.78435401576206,3819.941629050634
astar,21.09282755006965,178.70673565771966,3829.7054438922537
astar,21.14745165189293,178.634615853305,3839.4651690775568
astar,21.20207575371621,178.56885746529736,3849.221128526649
astar,21.256699855539487,178.5103724814704,3858.973694634444
astar,21.311323957362767,178.46012237598413,3868.7232909639442
astar,21.365948059186046,178.41911847515647,3878.4703949593777
astar,21.42057216100933,178.38842235131415,3888.215540680088
astar,21.475196262832608,178.36914627186968,3897.9593215574373
astar,21.529820364655887,178.36245373446835,3907.702393178601
astar,21.56033625616919,178.37566722722048,3913.1454840775646
astar,21.590852147682494,178.41372420819107,3918.5893572586347
astar,21.621368039195797,178.47432473659433,3924.0347357506316
astar,21.6518839307091,178.55526829068313,3929.482273914561
astar,21.682399822222404,178.65445247571202,3934.9325604577634
astar,21.712915713735708,178.76987166075853,3940.3861214075455
astar,21.74343160524901,178.8996155427477,3945.843423042106
astar,21.773947496762315,179.04186763719005,3951.304874776521
astar,21.804463388275618,179.19490369612086,3956.7708320015627
astar,21.83497927978892,179.35709005455342,3962.24159887315
astar,21.865495171302225,179.5268819074422,3967.717431050278
astar,21.89601106281553,179.70282151972143,3973.1985383793476
astar,21.926526954328832,179.88353637245316,3978.6850875228984
astar,21.957042845842135,180.06773724850063,3984.1772045308444
astar,21.98755873735544,180.25421626145638,3989.6749773524302
astar,22.01807462886874,180.44184483180047,3995.1784582872283
astar,22.048590520382042,180.62957161446377,4000.687666373643
astar,22.079106411895346,180.81642038212388,4006.2025897134863
astar,22.10962230340865,181.00148786867544,4011.723187731362
astar,22.140138194921953,181.18394157739857,4017.2493933676997
astar,22.170654086435256,181.36301755840688,4022.781115204433
astar,22.20116997794856,181.53801815998264,4028.3182395224567
astar,22.231685869461863,181.70830975841807,4033.8606322901387
astar,22.262201760975167,181.87332047097075,4039.4081410822937
astar,22.29271765248847,182.03253785651356,4044.9605969291824
astar,22.323233544001774,182.1855066084143,4050.517816095222
astar,22.353749435515077,182.33182624412777,4056.0796017872453
astar,22.38426532702838,182.47114879590433,4061.645745792271
astar,22.414781218541684,182.6031765069422,4067.216030044888
astar,22.445297110054987,182.7276595372115,4072.790228124482
astar,22.47581300156829,182.8443936830717,4078.368106682665
astar,22.506328893081594,182.95321811468685,4083.9494268013877
astar,22.536844784594898,183.054013135118,4089.5339452823396
astar,22.5673606761082,183.14669796482946,4095.1214158683497
astar,22.597876567621505,183.23122855520666,4100.711590397627
astar,22.62839245913481,183.30759543452382,4106.304219891769
astar,22.65890835064811,183.37582158963974,4111.899055578588
astar,22.689424242161415,183.43596038653024,4117.49584985088
astar,22.71994013367472,183.4880935325908,4123.094357162389
astar,22.750456025188022,183.5323290834591,4128.694334862248
astar,22.780971916701326,183.5687994969225,4134.295543969333
astar,22.81148780821463,183.59765973628282,4139.897749887976
astar,22.842003699727933,183.61908542535537,4145.500723066586
astar,22.872519591241236,183.6332710570809,4151.104239600798
astar,22.90303548275454,183.64042825752958,4156.708081782785
astar,22.933551374267843,183.64078410687245,4162.312038598478
astar,22.964067265781146,183.63457951869296,4167.915906174431
astar,22.99458315729445,183.62206767880977,4173.519488176141
astar,23.02509904880775,183.60351254457723,4179.122596159644
astar,23.055614940321053,183.57918740543096,4184.725049878262
astar,23.086130831834357,183.54937350524673,4190.326677546355
astar,23.11664672334766,183.51435872688327,4195.927316061987
astar,23.147162614860964,183.47443633909063,4201.526811190402
astar,23.177678506374267,183.42990380577353,4207.125017710213
astar,23.20819439788757,183.3810616574186,4212.721799524195
astar,23.238710289400874,183.32821242431535,4218.317029736596
astar,23.269226180914178,183.27165963102777,4223.910590698812
astar,23.29974207242748,183.21170685140893,4229.5023740253155
astar,23.330257963940785,183.14865682329187,4235.092280581651
astar,23.360773855454088,183.08281062183784,4240.680220446307
astar,23.39128974696739,183.01446689038053,4246.266112848247
astar,23.421805638480695,182.94392112746863,4251.8498860818145
astar,23.452321529994,182.87146502868202,4257.4314774007335
astar,23.482837421507302,182.79738588167936,4263.010832892821
astar,23.513353313020605,182.72196601282417,4268.587907337033
astar,23.54386920453391,182.64548228363776,4274.162664044387
astar,23.574385096047212,182.56820563523613,4279.73507468424
astar,23.604900987560516,182.49040067882535,4285.305119097379
astar,23.63541687907382,182.4123253302599,4290.87278509728
astar,23.665932770587123,182.33423048660535,4296.438068260859
astar,23.696448662100426,182.25635974259313,4302.000971709962
astar,23.72696455361373,182.1789491448135,4307.561505884774
astar,23.757480445127033,182.10222698145756,4313.119688310278
astar,23.787996336640337,182.02641360539505,4318.675543356796
astar,23.81851222815364,181.9517212883604,4324.229101995612
astar,23.849028119666944,181.87835410401053,4329.780401550587
astar,23.879544011180247,181.80650783762414,4335.329485446608
astar,23.91005990269355,181.73636992021875,4340.876402955654
astar,23.94057579420685,181.66811938488627,4346.421208941195
astar,23.971091685720154,181.6019268431707,4351.963963601559
astar,24.001607577233457,181.5379544793502,4357.504732212855
astar,24.03212346874676,181.47635606052654,4363.043584871961
astar,24.062639360260064,181.4172769604769,4368.580596240029
astar,24.093155251773368,181.36085419527768,4374.115845286903
astar,24.12367114328667,181.30721646877524,4379.649415036764
astar,24.154187034799975,181.25648422604772,4385.181392315297
astar,24.18470292631328,181.20876971307604,4390.711867498571
astar,24.21521881782658,181.16417704092652,4396.240934263822
astar,24.245734709339885,181.12280225282967,4401.768689342228
astar,24.27625060085319,181.08473339263332,4407.2952322737565
astar,24.306766492366492,181.0500505732034,4412.820665164104
astar,24.337282383879796,181.0188260434438,4418.345092443693
astar,24.3677982753931,180.99112425271127,4423.86862062868
astar,24.398314166906403,180.96700191150651,4429.3913580838735
astar,24.428830058419706,180.94650804743435,4434.9134147874265
astar,24.45934594993301,180.92968405553586,4440.434902097158
astar,24.489861841446313,180.91656374221137,4445.955932518304
astar,24.520377732959616,180.9071733620699,4451.47661947251
astar,24.55089362447292,180.90153164715863,4456.997077067825
astar,24.581409515986223,180.89964982814698,4462.517419869468
astar,24.611925407499527,180.90153164715863,4468.037762671111
astar,24.64244129901283,180.9071733620699,4473.558220266425
astar,24.672957190526134,180.91656374221137,4479.078907220632
astar,24.703473082039437,180.92968405553586,4484.599937641778
astar,24.73398897355274,180.94650804743435,4490.121424951509
astar,24.764504865066044,180.96700191150651,4495.643481655062
astar,24.795020756579348,180.99112425271127,4501.166219110255
astar,24.82553664809265,181.0188260434438,4506.689747295242
astar,24.856052539605955,181.0500505732034,4512.214174574831
astar,24.886568431119258,181.08473339263332,4517.739607465179
astar,24.91708432263256,181.12280225282967,4523.266150396707
astar,24.947600214145865,181.16417704092652,4528.793905475113
astar,24.97811610565917,181.20876971307604,4534.322972240364
astar,25.008631997172472,181.25648422604772,4539.8534474236385
astar,25.039147888685775,181.30721646877524,4545.385424702171
astar,25.069663780199075,181.3608541952777,4550.918994452032
astar,25.10017967171238,181.4172769604769,4556.454243498906
astar,25.130695563225682,181.47635606052654,4561.9912548669745
astar,25.161211454738986,181.53795447935013,4567.53010752608
astar,25.19172734625229,181.60192684317073,4573.070876137376
astar,25.222243237765593,181.66811938488627,4578.61363079774
astar,25.252759129278896,181.73636992021872,4584.158436783281
astar,25.2832750207922,181.80650783762414,4589.705354292328
astar,25.313790912305503,181.87835410401055,4595.254438188348
astar,25.344306803818807,181.9517212883604,4600.805737743323
astar,25.37482269533211,182.02641360539505,4606.359296382139
astar,25.405338586845414,182.10222698145756,4611.915151428657
astar,25.435854478358717,182.1789491448135,4617.473333854161
astar,25.46637036987202,182.25635974259313,4623.033868028973
astar,25.496886261385324,182.33423048660535,4628.596771478076
astar,25.527402152898627,182.41232533025993,4634.162054641655
astar,25.55791804441193,182.49040067882535,4639.729720641556
astar,25.588433935925234,182.56820563523613,4645.299765054695
astar,25.618949827438538,182.64548228363776,4650.872175694548
astar,25.64946571895184,182.72196601282417,4656.446932401902
astar,25.679981610465145,182.79738588167942,4662.024006846114
astar,25.71049750197845,182.8714650286821,4667.603362338202
astar,25.74101339349175,182.94392112746863,4673.184953657121
astar,25.771529285005055,183.01446689038053,4678.768726890688
astar,25.80204517651836,183.08281062183784,4684.354619292628
astar,25.83256106803166,183.14865682329187,4689.9425591572835
astar,25.863076959544962,183.211706851409,4695.532465713619
astar,25.893592851058266,183.27165963102777,4701.124249040123
astar,25.92410874257157,183.3282124243154,4706.717810002338
astar,25.954624634084873,183.38106165741863,4712.313040214739
astar,25.985140525598176,183.42990380577353,4717.9098220287215
astar,26.01565641711148,183.47443633909063,4723.508028548532
astar,26.046172308624783,183.51435872688327,4729.1075236769475
astar,26.076688200138086,183.54937350524673,4734.708162192579
astar,26.10720409165139,183.57918740543096,4740.309789860672
astar,26.137719983164693,183.60351254457723,4745.912243579291
astar,26.168235874677997,183.62206767880977,4751.515351562794
astar,26.1987517661913,183.63457951869296,4757.118933564504
astar,26.229267657704604,183.64078410687245,4762.722801140458
astar,26.259783549217907,183.64042825752958,4768.326757956151
astar,26.29029944073121,183.63327105708092,4773.930600138137
astar,26.320815332244514,183.61908542535537,4779.534116672349
astar,26.351331223757818,183.59765973628288,4785.1370898509595
astar,26.38184711527112,183.5687994969225,4790.739295769602
astar,26.412363006784425,183.5323290834591,4796.340504876687
astar,26.442878898297728,183.4880935325908,4801.940482576546
astar,26.47339478981103,183.43596038653027,4807.538989888055
astar,26.503910681324335,183.37582158963974,4813.135784160348
astar,26.53442657283764,183.30759543452382,4818.730619847166
astar,26.564942464350942,183.23122855520657,4824.323249341308
astar,26.595458355864245,183.14669796482937,4829.913423870586
astar,26.62597424737755,183.05401313511803,4835.500894456596
astar,26.656490138890852,182.95321811468685,4841.0854129375475
astar,26.687006030404156,182.8443936830717,4846.6667330562705
astar,26.71752192191746,182.7276595372115,4852.244611614454
astar,26.748037813430763,182.6031765069422,4857.818809694048
astar,26.778553704944066,182.47114879590433,4863.389093946665
astar,26.80906959645737,182.33182624412777,4868.955237951691
astar,26.839585487970673,182.1855066084143,4874.517023643714
astar,26.870101379483977,182.03253785651356,4880.074242809754
astar,26.90061727099728,181.87332047097075,4885.6266986566425
astar,26.931133162510584,181.70830975841807,4891.1742074487975
astar,26.961649054023887,181.53801815998264,4896.7166002164795
astar,26.99216494553719,181.36301755840682,4902.253724534504
astar,27.022680837050494,181.18394157739849,4907.785446371237
astar,27.053196728563798,181.00148786867538,4913.3116520075755
astar,27.083712620077097,180.81642038212388,4918.832250025451
astar,27.1142285115904,180.62957161446377,4924.347173365294
astar,27.144744403103704,180.44184483180047,4929.856381451708
astar,27.175260294617008,180.2542162614565,4935.359862386507
astar,27.20577618613031,180.06773724850063,4940.857635208093
astar,27.236292077643615,179.8835363724532,4946.349752216039
astar,27.26680796915692,179.70282151972143,4951.83630135959
astar,27.29732386067022,179.5268819074422,4957.317408688659
astar,27.327839752183525,179.35709005455342,4962.793240865787
astar,27.35835564369683,179.1949036961208,4968.264007737374
astar,27.388871535210132,179.04186763719005,4973.7299649624165
astar,27.419387426723436,178.8996155427477,4979.191416696832
astar,27.44990331823674,178.76987166075853,4984.648718331392
astar,27.480419209750043,178.65445247571202,4990.102279281175
astar,27.510935101263346,178.55526829068313,4995.552565824377
astar,27.54145099277665,178.47432473659433,5001.000103988306
astar,27.571966884289953,178.41372420819107,5006.445482480303
astar,27.602482775803256,178.37566722722048,5011.889355661374
astar,27.63299866731656,178.36245373446835,5017.332446560337
astar,27.841964347812187,178.3629110463263,5054.604125861072
astar,28.05093002830781,178.36422826108898,5091.875990569388
astar,28.259895708803437,178.36632611155736,5129.148212093419
astar,28.468861389299065,178.3691292803208,5166.42094568986
astar,28.677827069794688,178.3725667683504,5203.694331327846
astar,28.886792750290315,178.37657237625737,5240.968494641637
astar,29.095758430785942,178.38108526338033,5278.243547991984
astar,29.304724111281566,178.38605055381132,5315.519591649241
astar,29.513689791777193,178.39141996216568,5352.796715105181
astar,29.72265547227282,178.3971524153459,5390.074998515146
astar,29.931621152768443,178.4032146497637,5427.35451426757
astar,30.14058683326407,178.40958176646782,5464.635328673903
astar,30.349552513759697,178.41623772939786,5501.9175037685845
astar,30.558518194255324,178.42317579454325,5539.2010992059295
astar,30.767483874750948,178.43039886015526,5576.486174238437
astar,30.976449555246575,178.43791973033103,5613.772789759233
astar,31.1854152357422,178.44576128628714,5651.061010389944
astar,31.394380916237825,178.4539565614597,5688.35090659432
astar,31.603346596733452,178.4625487182274,5725.642556797266
astar,31.81231227722908,178.47159092555714,5762.936049488658
astar,32.021277957724706,178.48114613822312,5800.231485291312
astar,32.23024363822033,178.4912867794654,5837.528978972724
astar,32.43920931871595,178.50209433003118,5874.828661380714
astar,32.648174999211584,178.51365882749576,5912.130681283826
astar,32.85714067970721,178.52607828059217,5949.43520709821
astar,33.06610636020283,178.53945800399873,5986.742428483833
astar,33.27507204069846,178.55390987964765,6024.052557793974
astar,33.484037721194085,178.56955155112976,6061.365831363391
astar,33.69300340168971,178.58650555819128,6098.682510621883
astar,33.90196908218534,178.60489841864919,6136.002883021488
astar,34.11093476268096,178.6248596652992,6173.327262767138
astar,34.319900443176586,178.64652084556474,6210.65599134217
astar,34.528866123672216,178.67001449173355,6247.98943782172
astar,34.73783180416784,178.69547306966453,6285.327998968678
astar,34.94679748466346,178.72302791381898,6322.672099108548
astar,35.155763165159094,178.75280815638777,6360.022189781125
astar,35.36472884565472,178.7849396581512,6397.378749168594
astar,35.57369452615034,178.81954394852468,6434.742281301172
astar,35.78266020664597,178.85673718201932,6472.113315042967
astar,35.991625887141595,178.89662911808153,6509.492402862217
astar,36.20059156763722,178.93932213097736,6546.880119391496
astar,36.40955724813285,178.98491025605756,6584.277059784812
astar,36.61852292862847,179.03347827838235,6621.683837879835
astar,36.8274886091241,179.08510086930428,6659.1010841746975
astar,37.036454289619726,179.13984177620645,6696.52944362991
astar,37.24541997011535,179.19775307017608,6733.969573307029
astar,37.45438565061097,179.25887445596004,6771.422139856612
astar,37.663351331106604,179.32323264810802,6808.887816868892
astar,37.87231701160223,179.3908408167554,6846.367282101362
astar,38.08128269209786,179.4616981060432,6883.861214598156
astar,38.29024837259348,179.53578922771072,6921.370291716615
astar,38.499214053089105,179.61308413193714,6958.895186077032
astar,38.70817973358473,179.69353775704917,6996.43656245184
astar,38.91714541408036,179.77708985925534,7033.995074610856
astar,39.12611109457598,179.86366492311987,7071.571362139385
astar,39.33507677507161,179.95317215304502,7109.166047246088
astar,39.54404245556724,180.04550554559975,7146.779731577499
astar,39.75300813606286,180.1405440421092,7184.412993056062
astar,39.96197381655848,180.23815176051144,7222.066382758322
astar,40.170939497054114,180.33817830509213,7259.74042184971
astar,40.37990517754974,180.44045915232743,7297.435598591997
astar,40.58887085804537,180.54481611070125,7335.1523654391185
astar,40.79783653854099,180.65105785201712,7372.891136236534
astar,41.006802219036615,180.75898051139697,7410.652283538814
astar,41.215767899532246,180.86836835284862,7448.4361360594385
astar,41.42473358002787,180.97899449699847,7486.242976266171
astar,41.6336992605235,181.09062170731315,7524.073038134634
astar,41.84266494101912,181.20300323089225,7561.926505071853
astar,42.05163062151475,181.3158836896841,7599.80350802079
astar,42.26059630201037,181.42900001777863,7637.704123755908
astar,42.469561982505994,181.54208244024662,7675.628373378945
astar,42.678527663001624,181.65485548884092,7713.576221023086
astar,42.88749334349725,181.7670390497369,7751.547572772717
astar,43.09645902399288,181.8783494383804,7789.542275804975
astar,43.3054247044885,181.9885004964205,7827.5601177581875
astar,43.514390384984125,182.09720470563974,7865.600826331326
astar,43.72335606547975,182.20417431374975,7903.664069117466
astar,43.93232174597538,182.30912246690036,7941.749453673203
astar,44.14128742647101,182.41176434375038,7979.856527824882
astar,44.35025310696663,182.51181828597154,8017.984780211442
astar,44.55921878746226,182.60900692010233,8056.133641062597
astar,44.76818446795788,182.70305826573193,8094.302483210007
astar,44.97715014845351,182.79370682508124,8132.4906233280835
astar,45.186115828949134,182.88069464915367,8170.69732340003
astar,45.395081509444765,182.9637723757508,8208.92179240374
astar,45.60404718994039,183.0427002347947,8247.163188211172
astar,45.81301287043601,183.11724901655455,8285.420619693949
astar,46.021978550931635,183.18720099855793,8323.69314902694
astar,46.230944231427266,183.25235082715656,8361.979794180827
astar,46.43990991192289,183.31250634992824,8400.279531593722
astar,46.64887559241852,183.36748939531861,8438.591299011243
astar,46.85784127291414,183.41713649616386,8476.913998483617
astar,47.06680695340977,183.46129955398445,8515.246499507812
astar,47.27577263390539,183.49984644120127,8553.58764230198
astar,47.48473831440102,183.53266153869623,8591.936241198999
astar,47.693703994896644,183.55964620642087,8630.291088145332
astar,47.902669675392275,183.5807191850446,8668.650956291052
astar,48.1116353558879,183.59581692693203,8707.014603656386
astar,48.32060103638352,183.60489385504047,8745.380776859902
astar,48.529566716879145,183.6079225486361,8783.748214893156
astar,48.738532397374776,183.60489385504047,8822.115652926412
astar,48.9474980778704,183.59581692693203,8860.481826129928
astar,49.15646375836603,183.5807191850446,8898.845473495261
astar,49.36542943886165,183.55964620642087,8937.205341640982
astar,49.57439511935728,183.53266153869623,8975.560188587315
astar,49.7833607998529,183.49984644120127,9013.908787484332
astar,49.99232648034853,183.46129955398445,9052.249930278502
astar,50.20129216084416,183.41713649616386,9090.582431302697
astar,50.410257841339785,183.36748939531861,9128.90513077507
astar,50.61922352183541,183.3125063499282,9167.21689819259
astar,50.82818920233103,183.25235082715656,9205.516635605485
astar,51.03715488282666,183.18720099855793,9243.803280759372
astar,51.24612056332229,183.11724901655455,9282.075810092365
astar,51.45508624381792,183.0427002347947,9320.333241575141
astar,51.66405192431354,182.9637723757508,9358.574637382573
astar,51.873017604809164,182.88069464915367,9396.799106386283
astar,52.08198328530479,182.79370682508124,9435.00580645823
astar,52.29094896580041,182.7030582657319,9473.193946576306
astar,52.49991464629604,182.60900692010233,9511.362788723718
astar,52.708880326791665,182.51181828597154,9549.511649574873
astar,52.917846007287295,182.41176434375038,9587.639901961435
astar,53.12681168778292,182.30912246690036,9625.746976113112
astar,53.33577736827854,182.20417431374977,9663.832360668848
astar,53.544743048774166,182.09720470563974,9701.895603454988
astar,53.753708729269796,181.9885004964205,9739.936312028129
astar,53.96267440976543,181.8783494383804,9777.954153981342
astar,54.17164009026105,181.7670390497369,9815.9488570136
astar,54.380605770756674,181.65485548884092,9853.920208763231
astar,54.5895714512523,181.54208244024662,9891.868056407371
astar,54.79853713174793,181.42900001777863,9929.79230603041
astar,55.00750281224355,181.31588368968414,9967.692921765527
astar,55.21646849273918,181.20300323089225,10005.569924714466
astar,55.425434173234805,181.09062170731315,10043.423391651684
astar,55.63439985373043,180.97899449699847,10081.253453520145
astar,55.84336553422605,180.8683683528486,10119.060293726878
astar,56.05233121472168,180.75898051139697,10156.844146247502
astar,56.26129689521731,180.6510578520171,10194.605293549783
astar,56.47026257571294,180.54481611070125,10232.344064347199
astar,56.67922825620856,180.44045915232743,10270.060831194318
astar,56.888193936704184,180.33817830509213,10307.756007936605
astar,57.09715961719981,180.23815176051144,10345.430047027992
astar,57.30612529769543,180.14054404210924,10383.083436730252
astar,57.51509097819106,180.04550554559975,10420.716698208817
astar,57.72405665868669,179.95317215304502,10458.330382540229
astar,57.933022339182315,179.86366492311987,10495.925067646931
astar,58.14198801967794,179.77708985925534,10533.50135517546
astar,58.35095370017356,179.69353775704917,10571.059867334476
astar,58.55991938066919,179.61308413193714,10608.601243709285
astar,58.768885061164816,179.53578922771072,10646.126138069703
astar,58.97785074166045,179.4616981060432,10683.635215188164
astar,59.18681642215607,179.3908408167554,10721.129147684956
astar,59.395782102651694,179.32323264810802,10758.608612917427
astar,59.60474778314732,179.25887445596004,10796.074289929706
astar,59.81371346364294,179.19775307017608,10833.526856479288
astar,60.02267914413858,179.13984177620645,10870.96698615641
astar,60.2316448246342,179.08510086930428,10908.395345611623
astar,60.440610505129825,179.03347827838235,10945.812591906484
astar,60.64957618562545,178.98491025605756,10983.219370001507
astar,60.85854186612107,178.93932213097736,11020.616310394822
astar,61.06750754661671,178.89662911808153,11058.004026924104
astar,61.276473227112334,178.85673718201932,11095.383114743354
astar,61.48543890760796,178.81954394852468,11132.754148485148
astar,61.69440458810358,178.7849396581512,11170.117680617726
astar,61.903370268599204,178.75280815638777,11207.474240005195
astar,62.11233594909483,178.72302791381898,11244.824330677771
astar,62.321301629590465,178.69547306966453,11282.168430817643
astar,62.53026731008609,178.67001449173355,11319.506991964601
astar,62.73923299058171,178.64652084556474,11356.84043844415
astar,62.948198671077336,178.62485966529917,11394.169167019181
astar,63.15716435157296,178.60489841864919,11431.49354676483
astar,63.36613003206858,178.58650555819128,11468.813919164433
astar,63.575095712564206,178.56955155112976,11506.130598422924
astar,63.784061393059844,178.55390987964765,11543.443871992344
astar,63.99302707355547,178.53945800399873,11580.754001302485
astar,64.20199275405109,178.52607828059217,11618.061222688106
astar,64.41095843454671,178.51365882749576,11655.36574850249
astar,64.61992411504234,178.50209433003118,11692.667768405601
astar,64.82888979553798,178.4912867794654,11729.967450813594
astar,65.0378554760336,178.48114613822312,11767.264944495006
astar,65.24682115652922,178.47159092555714,11804.56038029766
astar,65.45578683702485,178.4625487182274,11841.853872989052
astar,65.66475251752047,178.4539565614597,11879.145523191997
astar,65.87371819801609,178.44576128628714,11916.435419396372
astar,66.08268387851173,178.43791973033103,11953.723640027085
astar,66.29164955900735,178.43039886015526,11991.01025554788
astar,66.50061523950298,178.42317579454325,12028.295330580388
astar,66.7095809199986,178.41623772939786,12065.578926017732
astar,66.91854660049422,178.40958176646782,12102.861101112412
astar,67.12751228098986,178.4032146497637,12140.141915518747
astar,67.33647796148549,178.3971524153459,12177.421431271172
astar,67.54544364198111,178.39141996216568,12214.699714681135
astar,67.75440932247673,178.38605055381132,12251.976838137074
astar,67.96337500297236,178.38108526338033,12289.252881794331
astar,68.17234068346798,178.37657237625737,12326.527935144677
astar,68.3813063639636,178.3725667683504,12363.802098458467
astar,68.59027204445924,178.3691292803208,12401.075484096456
astar,68.79923772495486,178.36632611155736,12438.348217692896
astar,69.00820340545049,178.36422826108898,12475.620439216926
astar,69.21716908594611,178.3629110463263,12512.89230392524
astar,69.42613476644173,178.36245373446835,12550.163983225975
astar,69.49597281570573,178.36654800330035,12562.620612024604
astar,69.56581086496972,178.3783405841097,12575.077795576526
astar,69.63564891423371,178.39712006445106,12587.536046675004
astar,69.7054869634977,178.42220667715304,12599.995829534666
astar,69.7753250127617,178.4529520941788,12612.45756199435
astar,69.84516306202569,178.4887393257435,12624.92161770923
astar,69.91500111128968,178.52898269134727,12637.388328338404
astar,69.98483916055368,178.57312783323485,12649.85798573195
astar,70.05467720981768,178.6206517463844,12662.330844119488
astar,70.12451525908168,178.6710628024796,12674.807122300628
astar,70.19435330834567,178.72390074844142,12687.287005836215
astar,70.26419135760966,178.77873666298896,12699.770649237988
astar,70.33402940687365,178.8351728573881,12712.258178153274
astar,70.40386745613765,178.89284270902348,12724.749691540392
astar,70.47370550540164,178.9514104187208,12737.245263829778
astar,70.54354355466563,179.01057068484525,12749.744947065252
astar,70.61338160392962,179.07004828913136,12762.248773019444
astar,70.68321965319362,179.12959759095222,12774.756755277103
astar,70.75305770245761,179.18900192833883,12787.26889127982
astar,70.8228957517216,179.2480729255017,12799.785164325662
astar,70.8927338009856,179.30664970790767,12812.305545517216
astar,70.96257185024959,179.36459802713122,12824.829995651666
astar,71.03240989951358,179.42180929872913,12837.358467046703
astar,71.10224794877757,179.47819955729992,12849.89090529637
astar,71.17208599804158,179.5337083336824,12862.427250951197
astar,71.24192404730557,179.58829745993316,12874.967441117396
astar,71.31176209656957,179.6419498083006,12887.511410970314
astar,71.38160014583356,179.69466797090143,12900.059095177723
astar,71.45143819509755,179.74647288719194,12912.6104292291
astar,71.52127624436154,179.79740242663826,12925.165350667467
astar,71.59111429362554,179.84750993421284,12937.723800220967
astar,71.66095234288953,179.89686274649927,12950.285722831826
astar,71.73079039215352,179.94554068626726,12962.851068580932
astar,71.80062844141752,179.99363454340238,12975.419793506797
astar,71.87046649068151,180.04124455002943,12987.991860318238
astar,71.9403045399455,180.0884788575789,13000.567239000622
astar,72.0101425892095,180.13545202339353,13013.14590731609
astar,72.07998063847349,180.18228351428664,13025.727851198675
astar,72.14981868773748,180.22909623422794,13038.313065045766
astar,72.21965673700149,180.27601508306287,13050.901551907818
astar,72.28949478626548,180.32316555286798,13063.493323578723
astar,72.35933283552947,180.37067236821053,13076.088400589699
astar,72.42917088479346,180.41865817622224,13088.686812109941
astar,72.49900893405746,180.4672422920121,13101.288595757733
astar,72.56884698332145,180.5165395045428,13113.893797326038
astar,72.63868503258544,180.56665894767698,13126.50247042699
astar,72.70852308184944,180.61770304066567,13139.114676059953
astar,72.77836113111343,180.66976650191265,13151.730482108142
astar,72.84819918037742,180.7229354393945,13164.349962769054
astar,72.91803722964141,180.77728652066543,13176.97319792415
astar,72.9878752789054,180.83288622491432,13189.600272453434
astar,73.0577133281694,180.88979017908682,13202.231275500737
astar,73.12755137743339,180.94804257962699,13214.866299695626
astar,73.19738942669738,181.00767570094314,13227.505440337958
astar,73.26722747596138,181.06870949125454,13240.148794551149
astar,73.33706552522537,181.13115125603812,13252.796460410289
astar,73.40690357448938,181.194995428867,13265.448536051199
astar,73.47674162375337,181.26022342901166,13278.105118766493
astar,73.54657967301736,181.3268036047736,13290.766304094728
astar,73.61641772228135,181.39469126112635,13303.432184908504
astar,73.68625577154535,181.46382876986584,13316.102850507397
astar,73.75609382080934,181.5341457601098,13328.778385721374
astar,73.82593187007333,181.6055593866469,13341.45887003025
astar,73.89576991933733,181.67797467330846,13354.14437670449
astar,73.96560796860132,181.75128492823555,13366.834971972505
astar,74.03544601786531,181.8253722276249,13379.530714219349
astar,74.1052840671293,181.90010796427717,13392.231653221454
astar,74.1751221163933,181.97535345702505,13404.937829421802
astar,74.24496016565729,182.05096061689895,13417.649273249644
astar,74.31479821492128,182.12677266568895,13430.366004488564
astar,74.38463626418527,182.2026249023831,13443.088031696403
astar,74.45447431344927,182.2783455128098,13455.815351680225
astar,74.52431236271326,182.35375641767783,13468.547949029153
astar,74.59415041197727,182.42867415410134,13481.28579570761
astar,74.66398846124126,182.50291078560707,13494.028850711113
astar,74.73382651050525,182.576274835562,13506.777059786447
astar,74.80366455976925,182.648572238912,13519.530355217657
astar,74.87350260903324,182.71960730710967,13532.288655678973
astar,74.94334065829723,182.7891837011067,13545.0518661554
astar,75.01317870756122,182.85710540731367,13557.819877931375
astar,75.08301675682522,182.9231777114737,13570.592568647498
astar,75.15285480608921,182.98720816546427,13583.369802425039
astar,75.2226928553532,183.04900754212497,13596.151430057535
astar,75.2925309046172,183.10839077331792,13608.937289268499
astar,75.36236895388119,183.16517786654913,13621.727205033883
astar,75.43220700314518,183.21919479562348,13634.520989967652
astar,75.50204505240917,183.2702743609667,13647.318444768498
astar,75.57188310167317,183.31825701542263,13660.119358725438
astar,75.64172115093717,183.36299165152934,13672.923510279734
astar,75.71155920020117,183.40433634648397,13685.730667640308
astar,75.78139724946516,183.44215906122903,13698.54058944961
astar,75.85123529872915,183.47633829032713,13711.353025496564
astar,75.92107334799314,183.50676365954146,13724.167717473078
astar,75.99091139725714,183.53333646829432,13736.984399770372
astar,76.06074944652113,183.5559701744488,13749.802800311172
astar,76.13058749578512,183.57459081913544,13762.622641413665
astar,76.20042554504911,183.58913738963298,13775.443640682963
astar,76.2702635943131,183.59956211860646,13788.265511925681
astar,76.3401016435771,183.60583071830644,13801.087966083156
astar,76.40993969284109,183.6079225486361,13813.910712178693
astar,76.47977774210509,183.60583071830644,13826.73345827423
astar,76.54961579136908,183.59956211860646,13839.555912431704
astar,76.61945384063307,183.58913738963298,13852.377783674423
astar,76.68929188989706,183.57459081913544,13865.19878294372
astar,76.75912993916106,183.5559701744488,13878.018624046214
astar,76.82896798842506,183.53333646829432,13890.837024587017
astar,76.89880603768906,183.50676365954146,13903.653706884312
astar,76.96864408695305,183.47633829032713,13916.468398860825
astar,77.03848213621704,183.44215906122903,13929.280834907779
astar,77.10832018548103,183.40433634648394,13942.090756717082
astar,77.17815823474503,183.36299165152934,13954.897914077656
astar,77.24799628400902,183.31825701542263,13967.702065631947
astar,77.31783433327301,183.2702743609667,13980.502979588888
astar,77.387672382537,183.21919479562348,13993.300434389734
astar,77.457510431801,183.16517786654913,14006.094219323502
astar,77.52734848106499,183.10839077331792,14018.884135088887
astar,77.59718653032898,183.04900754212497,14031.669994299851
astar,77.66702457959298,182.98720816546424,14044.451621932347
astar,77.73686262885697,182.9231777114737,14057.228855709887
astar,77.80670067812096,182.85710540731367,14070.00154642601
astar,77.87653872738497,182.7891837011067,14082.769558201988
astar,77.94637677664895,182.71960730710967,14095.532768678413
astar,78.01621482591295,182.64857223891204,14108.29106913973
astar,78.08605287517695,182.576274835562,14121.04436457094
astar,78.15589092444094,182.50291078560707,14133.792573646275
astar,78.22572897370493,182.42867415410132,14146.535628649777
astar,78.29556702296892,182.35375641767783,14159.273475328233
astar,78.36540507223292,182.2783455128098,14172.00607267716
astar,78.43524312149691,182.2026249023831,14184.733392660983
astar,78.5050811707609,182.12677266568895,14197.455419868822
astar,78.5749192200249,182.05096061689898,14210.172151107741
astar,78.64475726928889,181.975353457025,14222.883594935583
astar,78.71459531855288,181.90010796427717,14235.589771135932
astar,78.78443336781687,181.8253722276249,14248.290710138037
astar,78.85427141708087,181.75128492823555,14260.986452384881
astar,78.92410946634487,181.67797467330846,14273.677047652898
astar,78.99394751560885,181.6055593866469,14286.362554327134
astar,79.06378556487286,181.5341457601098,14299.043038636011
astar,79.13362361413685,181.46382876986584,14311.718573849988
astar,79.20346166340084,181.39469126112638,14324.389239448881
astar,79.27329971266484,181.3268036047736,14337.055120262658
astar,79.34313776192883,181.2602234290117,14349.716305590893
astar,79.41297581119282,181.194995428867,14362.372888306187
astar,79.48281386045682,181.13115125603812,14375.024963947093
astar,79.55265190972081,181.06870949125454,14387.672629806233
astar,79.6224899589848,181.00767570094314,14400.315984019424
astar,79.6923280082488,180.94804257962699,14412.955124661756
astar,79.76216605751279,180.88979017908682,14425.590148856645
astar,79.83200410677678,180.83288622491432,14438.221151903948
astar,79.90184215604077,180.77728652066543,14450.848226433232
astar,79.97168020530476,180.7229354393945,14463.471461588328
astar,80.04151825456876,180.66976650191265,14476.09094224924
astar,80.11135630383276,180.61770304066567,14488.706748297433
astar,80.18119435309674,180.56665894767698,14501.318953930393
astar,80.25103240236075,180.5165395045428,14513.92762703135
astar,80.32087045162474,180.4672422920121,14526.532828599655
astar,80.39070850088873,180.41865817622224,14539.134612247446
astar,80.46054655015273,180.37067236821053,14551.733023767689
astar,80.53038459941672,180.32316555286798,14564.328100778665
astar,80.60022264868071,180.27601508306287,14576.919872449569
astar,80.6700606979447,180.2290962342279,14589.508359311618
astar,80.7398987472087,180.18228351428664,14602.093573158709
astar,80.80973679647269,180.13545202339353,14614.675517041294
astar,80.87957484573668,180.08847885757893,14627.254185356762
astar,80.94941289500068,180.04124455002943,14639.829564039146
astar,81.01925094426467,179.99363454340232,14652.401630850587
astar,81.08908899352866,179.94554068626726,14664.970355776451
astar,81.15892704279266,179.89686274649927,14677.535701525558
astar,81.22876509205665,179.8475099342128,14690.097624136417
astar,81.29860314132065,179.79740242663826,14702.656073689921
astar,81.36844119058465,179.74647288719194,14715.210995128287
astar,81.43827923984864,179.69466797090143,14727.762329179664
astar,81.50811728911263,179.6419498083006,14740.310013387074
astar,81.57795533837663,179.58829745993316,14752.853983239991
astar,81.64779338764062,179.5337083336824,14765.39417340619
astar,81.71763143690461,179.47819955729992,14777.930519061016
astar,81.7874694861686,179.42180929872913,14790.462957310683
astar,81.8573075354326,179.36459802713122,14802.99142870572
astar,81.92714558469659,179.30664970790767,14815.51587884017
astar,81.99698363396058,179.2480729255017,14828.036260031724
astar,82.06682168322457,179.18900192833883,14840.552533077565
astar,82.13665973248857,179.12959759095222,14853.064669080282
astar,82.20649778175256,179.07004828913136,14865.572651337941
astar,82.27633583101655,179.01057068484525,14878.076477292134
astar,82.34617388028056,178.9514104187208,14890.57616052761
astar,82.41601192954454,178.89284270902348,14903.071732816992
astar,82.48584997880855,178.8351728573881,14915.563246204114
astar,82.55568802807254,178.77873666298896,14928.0507751194
astar,82.62552607733653,178.72390074844142,14940.534418521172
astar,82.69536412660052,178.6710628024796,14953.01430205676
astar,82.76520217586452,178.62065174638434,14965.4905802379
astar,82.83504022512851,178.57312783323485,14977.963438625437
astar,82.9048782743925,178.52898269134727,14990.433096018982
astar,82.9747163236565,178.4887393257435,15002.899806648156
astar,83.04455437292049,178.4529520941788,15015.363862363036
astar,83.11439242218448,178.42220667715304,15027.82559482272
astar,83.18423047144847,178.39712006445106,15040.285377682381
astar,83.25406852071247,178.3783405841097,15052.74362878086
astar,83.32390656997646,178.36654800330035,15065.200812332781
astar,83.39374461924045,178.36245373446835,15077.65744113141
astar,83.42632918219635,178.37566722725475,15083.469519012035
astar,83.45891374515227,178.41372421031883,15089.282432205686
astar,83.49149830810818,178.4743247601055,15095.09695275563
astar,83.5240828710641,178.55526841881158,15100.913779383662
astar,83.55666743402,178.6544529497104,15106.733540710859
astar,83.58925199697592,178.76987303311535,15112.55679843684
astar,83.62183655993182,178.89961889766067,15118.384050475453
astar,83.65442112288774,179.04187488315884,15124.215734044772
astar,83.68700568584364,179.19491793266002,15130.052228709086
astar,83.71959024879956,179.35711601252615,15135.893859370615
astar,83.75217481175547,179.52692646035493,15141.74089920853
astar,83.78475937471138,179.70289426147028,15147.593572563006
astar,83.81734393766729,179.8836502554584,15153.45205776196
astar,83.8499285006232,180.06790927487867,15159.316489888257
astar,83.88251306357911,180.2544682188406,15165.186963485192
astar,83.91509762653502,180.44220406461434,15171.063535198195
astar,83.94768218949093,180.63007182085073,15176.946226350809
astar,83.98026675244684,180.81710242633105,15182.835025453054
astar,84.01285131540276,181.0024005984563,15188.729890640549
astar,84.04543587835866,181.1851426359252,15194.63075204273
astar,84.07802044131458,181.3645741802503,15200.537514078855
astar,84.11060500427048,181.5400079409156,15206.450057680411
astar,84.1431895672264,181.7108213891039,15212.368242438957
astar,84.1757741301823,181.87645442501164,15218.291908678322
astar,84.20835869313821,182.0364070238276,15224.220879450493
astar,84.24094325609413,182.19023686548604,15230.15496245451
astar,84.27352781905003,182.33755695331135,15236.093951877941
astar,84.30611238200595,182.47803322665243,15242.037630160701
astar,84.33869694496185,182.6113821725687,15247.985769681007
astar,84.37128150791777,182.73736844156574,15253.938134363632
astar,84.40386607087368,182.8558024722998,15259.894481210578
astar,84.4364506338296,182.96653813007046,15265.854561754599
astar,84.4690351967855,183.0694703638052,15271.818123436047
astar,84.50161975974142,183.16453288610313,15277.784910903794
astar,84.53420432269732,183.25169588076065,15283.754667240953
astar,84.56678888565324,183.33096374203507,15289.727135116467
astar,84.59937344860914,183.4023728497283,15295.70205786357
astar,84.63195801156505,183.46598938398273,15301.679180486437
astar,84.66454257452096,183.52190718348302,15307.658250596318
astar,84.69712713747687,183.57024565054698,15313.639019278637
astar,84.72971170043279,183.61114770637133,15319.621241892677
astar,84.76229626338869,183.64477779947092,15325.604678805465
astar,84.79488082634461,183.67131997011785,15331.589096061713
astar,84.82746538930051,183.6909759733483,15337.57426599161
astar,84.86004995225643,183.70396346286228,15343.559967758483
astar,84.89263451521234,183.71051423789538,15349.545987848258
astar,84.92521907816825,183.7108725548918,15355.532120502909
astar,84.95780364112416,183.70529350556126,15361.518168099916
astar,84.99038820408008,183.69404146264924,15367.503941480032
astar,85.02297276703598,183.67738859450313,15373.48926022548
astar,85.05555732999188,183.65561344926982,15379.47395289092
astar,85.0881418929478,183.62899960931338,15385.457857189393
astar,85.12072645590371,183.59783441620445,15391.440820135593
astar,85.15331101885963,183.56240776639396,15397.422698148748
astar,85.18589558181553,183.5230109774539,15403.403357117375
astar,85.21848014477145,183.47993572454422,15409.382672428284
astar,85.25106470772735,183.433473046545,15415.360528962017
astar,85.28364927068327,183.38391242108605,15421.336821057064
astar,85.31623383363917,183.3315409075006,15427.311452445008
astar,85.34881839659509,183.27664235654055,15433.28433615887
astar,85.381402959551,183.21949668550394,15439.255394416725
astar,85.41398752250691,183.16037921725336,15445.224558482792
astar,85.44657208546282,183.0995600814398,15451.191768507944
astar,85.47915664841872,183.03730367609347,15457.156973351737
astar,85.51174121137464,182.97386818760324,15463.120130387819
astar,85.54432577433055,182.90950516697103,15469.081205294615
astar,85.57691033728646,182.84445916011552,15475.04017183311
astar,85.60949490024237,182.77896738988508,15480.997011613397
astar,85.64207946319829,182.71325948734938,15486.951713851688
astar,85.67466402615419,182.64755726985285,15492.90427511931
astar,85.70724858911011,182.58207456324254,15498.854699085226
astar,85.73983315206601,182.51701706562187,15504.80299625339
astar,85.77241771502193,182.45258224993574,15510.749183696336
astar,85.80500227797783,182.38895930265357,15516.69328478616
astar,85.83758684093374,182.32632909579516,15522.635328924061
astar,85.87017140388966,182.26486418952697,15528.57535126945
astar,85.90275596684556,182.20472886255985,15534.51339246961
astar,85.93534052980148,182.14607916758106,15540.449498390759
astar,85.96792509275738,182.08906300898067,15546.383719851261
astar,86.0005096557133,182.03382024015585,15552.316112357723
astar,86.0330942186692,181.98048277772043,15558.24673584449
astar,86.06567878162512,181.92917472999542,15564.175654417153
astar,86.09826334458103,181.8800125372151,15570.102936100375
astar,86.13084790753695,181.83310512095238,15576.028652590488
astar,86.16343247049285,181.78855404034204,15581.952879013024
astar,86.19601703344877,181.74645365276652,15587.875693685453
astar,86.22860159640467,181.7068912767605,15593.797177885148
astar,86.26118615936058,181.66994735499088,15599.717415622705
astar,86.2937707223165,181.63569561527484,15605.636493420507
astar,86.3263552852724,181.60420322771066,15611.55450009648
astar,86.35893984822832,181.5755309561173,15617.471526552892
astar,86.39152441118422,181.54973330210083,15623.387665569942
astar,86.42410897414014,181.5268586401958,15629.303011603924
astar,86.45669353709604,181.50694934266392,15635.217660589595
astar,86.48927810005196,181.49004189267106,15641.131709746453
astar,86.52186266300787,181.476166984704,15647.045257388469
astar,86.55444722596378,181.46534961123515,15652.958402736887
astar,86.58703178891969,181.45760913478983,15658.871245735589
astar,86.6196163518756,181.4529593447226,15664.783886868583
astar,86.65220091483151,181.45140849816016,15670.696426979057
astar,86.68478547778741,181.4529593447226,15676.60896708953
astar,86.71737004074333,181.45760913478983,15682.521608222525
astar,86.74995460369924,181.4653496112351,15688.434451221226
astar,86.78253916665516,181.476166984704,15694.347596569645
astar,86.81512372961106,181.49004189267106,15700.261144211661
astar,86.84770829256698,181.50694934266392,15706.17519336852
astar,86.88029285552288,181.5268586401958,15712.08984235419
astar,86.9128774184788,181.54973330210083,15718.005188388172
astar,86.9454619814347,181.5755309561173,15723.921327405222
astar,86.97804654439062,181.60420322771066,15729.838353861634
astar,87.01063110734653,181.63569561527484,15735.756360537607
astar,87.04321567030243,181.66994735499088,15741.675438335407
astar,87.07580023325835,181.7068912767605,15747.595676072966
astar,87.10838479621425,181.74645365276652,15753.51716027266
astar,87.14096935917017,181.78855404034204,15759.43997494509
astar,87.17355392212608,181.8331051209524,15765.364201367625
astar,87.206138485082,181.8800125372151,15771.289917857739
astar,87.2387230480379,181.92917472999542,15777.21719954096
astar,87.27130761099382,181.98048277772048,15783.146118113624
astar,87.30389217394972,182.03382024015585,15789.076741600391
astar,87.33647673690564,182.08906300898067,15795.009134106853
astar,87.36906129986154,182.14607916758106,15800.943355567355
astar,87.40164586281746,182.20472886255985,15806.879461488505
astar,87.43423042577336,182.26486418952703,15812.817502688664
astar,87.46681498872927,182.32632909579516,15818.75752503405
astar,87.49939955168519,182.38895930265357,15824.699569171953
astar,87.53198411464109,182.45258224993574,15830.643670261778
astar,87.56456867759701,182.51701706562187,15836.589857704725
astar,87.59715324055291,182.58207456324254,15842.538154872887
astar,87.62973780350883,182.64755726985285,15848.488578838804
astar,87.66232236646474,182.71325948734938,15854.441140106426
astar,87.69490692942065,182.77896738988505,15860.395842344717
astar,87.72749149237656,182.84445916011552,15866.352682125003
astar,87.76007605533248,182.90950516697103,15872.311648663499
astar,87.79266061828838,182.97386818760324,15878.272723570295
astar,87.8252451812443,183.03730367609353,15884.235880606377
astar,87.8578297442002,183.0995600814398,15890.20108545017
astar,87.8904143071561,183.16037921725336,15896.168295475321
astar,87.92299887011202,183.21949668550394,15902.137459541389
astar,87.95558343306793,183.27664235654055,15908.108517799245
astar,87.98816799602385,183.3315409075006,15914.081401513105
astar,88.02075255897975,183.3839124210861,15920.05603290105
astar,88.05333712193567,183.433473046545,15926.032324996097
astar,88.08592168489157,183.47993572454428,15932.01018152983
astar,88.11850624784749,183.5230109774539,15937.989496840739
astar,88.1510908108034,183.56240776639396,15943.970155809366
astar,88.18367537375931,183.59783441620445,15949.952033822521
astar,88.21625993671522,183.62899960931338,15955.934996768721
astar,88.24884449967112,183.65561344926982,15961.918901067193
astar,88.28142906262704,183.67738859450313,15967.903593732633
astar,88.31401362558294,183.69404146264924,15973.888912478082
astar,88.34659818853886,183.70529350556126,15979.874685858198
astar,88.37918275149477,183.7108725548918,15985.860733455205
astar,88.41176731445069,183.71051423789538,15991.846866109856
astar,88.44435187740659,183.70396346286228,15997.83288619963
astar,88.47693644036251,183.69097597334832,16003.818587966503
astar,88.50952100331841,183.67131997011785,16009.803757896401
astar,88.54210556627433,183.64477779947097,16015.78817515265
astar,88.57469012923023,183.61114770637133,16021.771612065437
astar,88.60727469218615,183.57024565054698,16027.753834679477
astar,88.63985925514206,183.52190718348294,16033.734603361796
astar,88.67244381809797,183.46598938398276,16039.713673471677
astar,88.70502838105388,183.4023728497283,16045.690796094545
astar,88.73761294400978,183.33096374203507,16051.665718841647
astar,88.7701975069657,183.2516958807606,16057.63818671716
astar,88.8027820699216,183.16453288610305,16063.60794305432
astar,88.83536663287752,183.06947036380524,16069.574730522067
astar,88.86795119583343,182.96653813007046,16075.538292203515
astar,88.90053575878935,182.8558024722998,16081.498372747536
astar,88.93312032174525,182.73736844156574,16087.454719594482
astar,88.96570488470117,182.6113821725687,16093.407084277107
astar,88.99828944765707,182.47803322665243,16099.355223797413
astar,89.03087401061299,182.33755695331135,16105.298902080172
astar,89.0634585735689,182.19023686548604,16111.237891503604
astar,89.0960431365248,182.0364070238276,16117.171974507619
astar,89.12862769948072,181.87645442501164,16123.100945279793
astar,89.16121226243662,181.7108213891039,16129.024611519158
astar,89.19379682539254,181.5400079409156,16134.942796277704
astar,89.22638138834844,181.36457418025023,16140.855339879261
astar,89.25896595130436,181.1851426359251,16146.762101915385
astar,89.29155051426027,181.00240059845623,16152.662963317567
astar,89.32413507721618,180.81710242633105,16158.557828505061
astar,89.35671964017209,180.63007182085073,16164.446627607307
astar,89.389304203128,180.44220406461434,16170.329318759921
astar,89.42188876608391,180.25446821884069,16176.205890472924
astar,89.45447332903981,180.06790927487867,16182.076364069857
astar,89.48705789199573,179.88365025545846,16187.940796196155
astar,89.51964245495164,179.70289426147028,16193.79928139511
astar,89.55222701790755,179.52692646035493,16199.651954749586
astar,89.58481158086346,179.35711601252615,16205.4989945875
astar,89.61739614381938,179.19491793265993,16211.34062524903
astar,89.64998070677528,179.04187488315884,16217.177119913344
astar,89.6825652697312,178.89961889766067,16223.008803482662
astar,89.7151498326871,178.76987303311535,16228.836055521275
astar,89.74773439564302,178.6544529497104,16234.659313247257
astar,89.78031895859893,178.55526841881158,16240.479074574454
astar,89.81290352155484,178.4743247601055,16246.295901202486
astar,89.84548808451075,178.41372421031883,16252.11042175243
astar,89.87807264746667,178.37566722725475,16257.923334946081
astar,89.91065721042257,178.36245373446835,16263.735412826705
energy_ga,0.0,178.36245373446835,0.0
energy_ga,0.05192671872327759,178.251546332465,9.258897437129272
energy_ga,0.10385343744655517,178.1581142753801,18.512489535450474
energy_ga,0.15578015616983273,178.08084441595037,27.76164963856948
energy_ga,0.20770687489311035,178.01847846444838,37.00718432694952
energy_ga,0.25963359361638794,177.96981252573715,46.24983625446335
energy_ga,0.31156031233966547,177.93369670844888,55.49028696277884
energy_ga,0.3634870310629431,177.90903477611022,64.7291596765396
energy_ga,0.4154137497862207,177.89478381376327,73.96702208083181
energy_ga,0.46734046850949823,177.8899538870991,83.20438908114569
energy_ga,0.5192671872327759,177.89360767432504,92.44172554492869
energy_ga,0.5711939059560535,177.9048600539661,101.67944902287876
energy_ga,0.6231206246793309,177.92287763454053,110.91793244732438
energy_ga,0.6750473434026086,177.94687821458646,120.15750680437394
energy_ga,0.7269740621258862,177.97613016384003,129.3984637759786
energy_ga,0.7789007808491637,178.00995171850286,138.64105834763163
energy_ga,0.8308274995724414,178.0477101854903,147.8855113771099
energy_ga,0.882754218295719,178.08882105232925,157.1320121194449
energy_ga,0.9346809370189965,178.13274700099308,166.38072070317978
energy_ga,0.986607655742274,178.17899682542355,175.6317705529172
energy_ga,1.0385343744655517,178.22712425380107,184.88527075318487
energy_ga,1.0904610931888292,178.2767266778082,194.14130834873032
energy_ga,1.142387811912107,178.3274437921709,203.3999505765015
energy_ga,1.1943145306353844,178.378956148691,212.66124702476253
energy_ga,1.2462412493586619,178.43098362978716,221.92523171503584
energy_ga,1.2981679680819396,178.4832838472602,231.1919251028385
energy_ga,1.3500946868052173,178.53565047259255,240.46133599349417
energy_ga,1.4020214055284947,178.5879115055903,249.7334633696422
energy_ga,1.4539481242517724,178.6399274885815,259.00829812742955
energy_ga,1.5058748429750497,178.69158967370748,268.2858247187536
energy_ga,1.5578015616983274,178.74281815108492,277.56602269732326
energy_ga,1.609728280421605,178.7935599457854,286.8488681667111
energy_ga,1.6616549991448828,178.84378709167495,296.1343351289878
energy_ga,1.7135817178681603,178.8934946901962,305.42239673294637
energy_ga,1.765508436591438,178.94269896214269,314.71302642134305
energy_ga,1.8174351553147157,178.9914353004038,324.00619897699863
energy_ga,1.869361874037993,179.039756331521,333.301891468014
energy_ga,1.9212885927612706,179.08772999372536,342.6000840927568
energy_ga,1.973215311484548,179.13543763890377,351.90076092566727
energy_ga,2.025142030207826,179.18297216568754,361.20391056531486
energy_ga,2.0770687489311035,179.23043619056574,370.5095266864981
energy_ga,2.128995467654381,179.27794026360235,379.8176084985353
energy_ga,2.1809221863776584,179.32560113499054,389.12816111222327
energy_ga,2.232848905100936,179.3735400783043,398.44119581825527
energy_ga,2.284775623824214,179.4218812759127,407.7567302801854
energy_ga,2.336702342547491,179.47075027161688,417.0747886452981
energy_ga,2.388629061270769,179.52027249514012,426.39540157699366
energy_ga,2.4405557799940465,179.57057186266826,435.7186062125298
energy_ga,2.4924824987173237,179.6217694571947,445.04444605016573
energy_ga,2.5444092174406014,179.67398229196598,454.37297076993934
energy_ga,2.596335936163879,179.72732215987938,463.70423599246436
energy_ga,2.648262654887157,179.78189457121778,473.03830298027515
energy_ga,2.7001893736104345,179.83779778165675,482.37523828635483
energy_ga,2.7521160923337122,179.89512191202573,491.7151133545735
energy_ga,2.8040428110569895,179.95394816085408,501.05800407682716
energy_ga,2.855969529780267,180.01434811029432,510.4039903117119
energy_ga,2.907896248503545,180.07638312558024,519.7531553695842
energy_ga,2.9598229672268226,180.1401038477546,529.10558546886
energy_ga,3.0117496859500994,180.20554977898954,538.4613691683757
energy_ga,3.063676404673377,180.2727489594243,547.8205967805933
energy_ga,3.115603123396655,180.34171773405936,557.1833597703619
energy_ga,3.1675298421199325,180.41246060787907,566.5497501438664
energy_ga,3.21945656084321,180.48497018701846,575.9198598322865
energy_ga,3.271383279566488,180.5592272034592,585.29378007457
energy_ga,3.3233099982897656,180.6352006204182,594.6716008035829
energy_ga,3.375236717013043,180.71284781529835,604.0534100397463
energy_ga,3.4271634357363205,180.7921148367901,613.4392932960983
energy_ga,3.4790901544595982,180.87293673245657,622.8293329985363
energy_ga,3.531016873182876,180.95523794289733,632.2236079247983
energy_ga,3.5829435919061536,181.03893275837237,641.6221926655338
energy_ga,3.6348703106294313,181.12392583357098,651.0251571105948
energy_ga,3.686797029352708,181.21011275604192,660.4325659634507
energy_ga,3.738723748075986,181.2973806636502,669.844478286393
energy_ga,3.7906504667992635,181.38560890629796,679.2609470789512
energy_ga,3.8425771855225412,181.474669747044,688.6820188916923
energy_ga,3.894503904245819,181.56442909767074,698.1077334773232
energy_ga,3.946430622969096,181.65474728368935,707.5381234807509
energy_ga,3.998357341692374,181.74547983373395,716.9732141695017
energy_ga,4.050284060415652,181.83647828827827,726.4130232056318
energy_ga,4.102210779138929,181.92759102261255,735.8575604600024
energy_ga,4.154137497862207,182.01866407904546,745.3068278695296
energy_ga,4.206064216585484,182.10954200333796,754.7608193377553
energy_ga,4.257990935308762,182.20006868044592,764.2195206788372
energy_ga,4.30991765403204,182.29008816473086,773.6829096047885
energy_ga,4.361844372755317,182.37944549990488,783.1509557555646
energy_ga,4.413771091478594,182.46798752409578,792.6236207713381
energy_ga,4.465697810201872,182.55556365556228,802.1008584060772
energy_ga,4.5176245289251495,182.64202665474443,811.5826146813082
energy_ga,4.569551247648428,182.72723335850776,821.0688280787284
energy_ga,4.621477966371705,182.81104538263054,830.5594297701194
energy_ga,4.673404685094982,182.89332978878693,840.0543438828184
energy_ga,4.72533140381826,182.97395971249324,849.553487798809
energy_ga,4.777258122541538,183.0528149487203,859.0567724853196
energy_ga,4.829184841264816,183.129782492112,868.5641028546544
energy_ga,4.881111559988093,183.20475702900674,878.0753781508216
energy_ga,4.933038278711371,183.2776413787203,887.5904923603969
energy_ga,4.9849649974346475,183.3483468818216,897.1093346449211
energy_ga,5.036891716157926,183.41679373341364,906.6317897920366
energy_ga,5.088818434881203,183.48291125971852,916.1577386824524
energy_ga,5.140745153604481,183.54663813656023,925.6870587697684
energy_ga,5.192671872327758,183.6079225486361,935.2196245701027
energy_ga,5.2445985910510355,183.66672228877226,944.7553081584346
energy_ga,5.296525309774314,183.7230047966606,954.2939796685282
energy_ga,5.348452028497591,183.77674713688592,963.835507793292
energy_ga,5.400378747220869,183.8279359163559,973.3797602824247
energy_ga,5.452305465944146,183.87656714155648,982.92660443421
energy_ga,5.5042321846674245,183.9226460163603,992.4759075783571
energy_ga,5.556158903390702,183.96618668141878,1002.0275375468233
energy_ga,5.608085622113979,184.00721189647012,1011.5813631296245
energy_ga,5.660012340837257,184.0457526671876,1021.1372545127074
energy_ga,5.711939059560534,184.08184781848564,1030.6950836950546
energy_ga,5.7638657782838125,184.11554351648115,1040.2547248823023
energy_ga,5.81579249700709,184.1468927415828,1049.816054854263
energy_ga,5.867719215730367,184.17595471544942,1059.3789533038919
energy_ga,5.919645934453645,184.20279428481115,1068.9433031453766
energy_ga,5.971572653176922,184.2274812653958,1078.508990789194
energy_ga,6.023499371900199,184.25008974943475,1088.0759063821556
energy_ga,6.075426090623477,184.27069738044443,1097.6439440106428
energy_ga,6.127352809346754,184.28938459918697,1107.213001865435
energy_ga,6.179279528070032,184.30623386490655,1116.782982366744
energy_ga,6.23120624679331,184.32132885611418,1126.3537922482747
energy_ga,6.283132965516588,184.3347536553595,1135.925342599374
energy_ga,6.335059684239865,184.34659192256706,1145.4975488645462
energy_ga,6.386986402963142,184.3569260616463,1155.0703307998706
energy_ga,6.43891312168642,184.36583638519227,1164.6436123860942
energy_ga,6.490839840409698,184.37340028218054,1174.2173216984256
energy_ga,6.542766559132976,184.3796913936368,1183.7913907333202
energy_ga,6.594693277856253,184.38477880130458,1193.3657551927959
energy_ga,6.646619996579531,184.38872623436984,1202.9403542270884
energy_ga,6.698546715302808,184.39159129930613,1212.5151301367143
energy_ga,6.750473434026086,184.39342473789506,1222.090028035276
energy_ga,6.802400152749364,184.39426971843676,1231.664995474596
energy_ga,6.854326871472641,184.3941611651156,1241.2399820340406
energy_ga,6.906253590195919,184.3931251304025,1250.8149388761349
energy_ga,6.9581803089191965,184.39117821527626,1260.3898182708303
energy_ga,7.010107027642474,184.38832704192407,1269.9645730910304
energy_ga,7.062033746365752,184.38456778343544,1279.539156282213
energy_ga,7.113960465089029,184.37988575483513,1289.1135203092256
energy_ga,7.165887183812307,184.37425506961333,1298.687616583543
energy_ga,7.2178139025355845,184.36763836569833,1308.2613948744952
energy_ga,7.269740621258863,184.35998660458588,1317.8348027081624
energy_ga,7.321667339982139,184.35123894708437,1327.4077847578305
energy_ga,7.373594058705416,184.34132270886252,1336.980282230067
energy_ga,7.425520777428694,184.33015339869266,1346.5522322506333
energy_ga,7.477447496151972,184.3176348419682,1356.1235672545988
energy_ga,7.529374214875249,184.3036593917457,1365.694214385141
energy_ga,7.581300933598527,184.28810822921153,1375.2640949056258
energy_ga,7.633227652321804,184.2708517551097,1384.8331236296506
energy_ga,7.6851543710450825,184.25175007328798,1394.4012083738075
energy_ga,7.73708108976836,184.23065356712357,1403.968249437964
energy_ga,7.789007808491638,184.20740356918722,1413.5341391178981
energy_ga,7.840934527214915,184.18183312408217,1423.0987612551253
energy_ga,7.892861245938192,184.15376784397156,1432.661990828744
energy_ga,7.9447879646614705,184.12302685587005,1442.2236935940884
energy_ga,7.996714683384748,184.08942383933334,1451.7837257729177
energy_ga,8.048641402108025,184.05276815273658,1461.341933799789
energy_ga,8.100568120831303,184.01286604588105,1470.8981541291573
energy_ga,8.152494839554581,183.96952195622188,1480.45221310761
energy_ga,8.204421558277858,183.92253988556223,1490.0039269155022
energy_ga,8.256348277001136,183.87172485361904,1499.5531015820754
energy_ga,8.308274995724414,183.81688442442768,1509.0995330779426
energy_ga,8.360201714447692,183.75783030112945,1518.6430074886143
energy_ga,8.412128433170968,183.69437998427162,1528.1833012724824
energy_ga,8.464055151894247,183.62635848835146,1537.7201816064298
energy_ga,8.515981870617525,183.55360011095556,1547.2534068219354
energy_ga,8.567908589340801,183.47595024848712,1556.782726934258
energy_ga,8.61983530806408,183.3932672521387,1566.3078842669502
energy_ga,8.671762026787356,183.30542431746275,1575.8286141736141
energy_ga,8.723688745510634,183.2123114006155,1585.344645858477
energy_ga,8.775615464233912,183.1138371541105,1594.8557032969684
energy_ga,8.827542182957188,183.00993087471798,1604.361506257138
energy_ga,8.879468901680466,182.90054445598398,1613.8617714223371
energy_ga,8.931395620403745,182.785654337736,1623.3562136152102
energy_ga,8.983322339127021,182.66526344487863,1632.8445471226407
energy_ga,9.035249057850299,182.53940310777645,1642.3264871208949
energy_ga,9.087175776573577,182.40813495657844,1651.801751199805
energy_ga,9.139102495296855,182.27155278195434,1661.270060984451
energy_ga,9.191029214020132,182.12978435490263,1670.7311438523966
energy_ga,9.24295593274341,181.98299319855212,1680.1847347441815
energy_ga,9.294882651466688,181.83138030521826,1689.6305780643895
energy_ga,9.346809370189964,181.6751857924042,1699.068429670297
energy_ga,9.398736088913243,181.51469049194793,1708.4980589447769
energy_ga,9.45066280763652,181.35021746713068,1717.9192509498464
energy_ga,9.502589526359799,181.18213345327246,1727.3318086570127
energy_ga,9.554516245083075,181.01085021815817,1736.735555250338
energy_ga,9.606442963806353,180.83682583957193,1746.1303364979988
energy_ga,9.658369682529631,180.66056589826692,1755.5160231879836
energy_ga,9.710296401252908,180.48262458587786,1764.892513623532
energy_ga,9.762223119976186,180.30360572859067,1774.2597361739176
energy_ga,9.814149838699464,180.12416372884104,1783.617651876255
energy_ga,9.866076557422742,179.94500442890512,1792.966257084181
energy_ga,9.918003276146019,179.76688590200536,1802.3055861594967
energy_ga,9.969929994869295,179.59061917847274,1811.635714203203
energy_ga,10.021856713592573,179.4170689165908,1820.9567598228064
energy_ga,10.073783432315851,179.24715403002875,1830.2688879333325
energy_ga,10.125710151039128,179.08184828622382,1839.5723125901666
energy_ga,10.177636869762406,178.92218089274232,1848.8672998526547
energy_ga,10.229563588485684,178.76923709152288,1858.1541706783544
energy_ga,10.281490307208962,178.62415878400208,1867.4333038489472
energy_ga,10.333417025932238,178.48814521345523,1876.7051389300957
energy_ga,10.385343744655517,178.36245373446835,1885.9701792689968
energy_ga,10.434545242713703,178.38849753120266,1894.7465198869738
energy_ga,10.48374674077189,178.42951249398607,1903.524510200664
energy_ga,10.532948238830077,178.48406822441288,1912.3048516249924
energy_ga,10.582149736888264,178.55079747807582,1921.0881767507753
energy_ga,10.63135123494645,178.628395439213,1929.8750524341476
energy_ga,10.680552733004639,178.71561906561985,1938.66598285203
energy_ga,10.729754231062826,178.81128647505355,1947.4614125263845
energy_ga,10.778955729121012,178.91427634793348,1956.261729318684
energy_ga,10.828157227179199,179.02352732446158,1965.0672673948536
energy_ga,10.877358725237386,179.13803737735694,1973.8783101599504
energy_ga,10.926560223295573,179.25686314424428,1982.6950931609892
energy_ga,10.97576172135376,179.37911920636,1991.5178069555989
energy_ga,11.024963219411946,179.50397730265774,2000.3465999436012
energy_ga,11.074164717470133,179.6306654706228,2009.1815811581198
energy_ga,11.123366215528321,179.75846710714262,2018.0228230124492
energy_ga,11.172567713586508,179.88671994465034,2026.8703639986318
energy_ga,11.221769211644695,180.01481493945772,2035.7242113335012
energy_ga,11.270970709702882,180.14219507074586,2044.584343547831
energy_ga,11.320172207761068,180.26835405007546,2053.45071301419
energy_ga,11.369373705819255,180.39283494254508,2062.323248409132
energy_ga,11.418575203877442,180.5152287018501,2071.2018571054236
energy_ga,11.467776701935628,180.63517262250326,2080.0864274901605
energy_ga,11.516978199993815,180.75234871336045,2088.9768312047904
energy_ga,11.566179698052002,180.8664819973764,2097.8729253032993
energy_ga,11.615381196110189,180.9773387431801,2106.774554325066
energy_ga,11.664582694168377,181.08472463463625,2115.68155227918
energy_ga,11.713784192226564,181.1884828850368,2124.593744537336
energy_ga,11.76298569028475,181.28849230295762,2133.510949632761
energy_ga,11.812187188342937,181.38466531712726,2142.4329809629617
energy_ga,11.861388686401124,181.4769459678845,2151.3596483944766
energy_ga,11.910590184459311,181.5653078729666,2160.290759768172
energy_ga,11.959791682517498,181.6497521754601,2169.2261223040105
energy_ga,12.008993180575684,181.7303054817801,2178.1655439046135
energy_ga,12.058194678633871,181.8070177975185,2187.108834357316
energy_ga,12.10739617669206,181.87996046891996,2196.0558064347983
energy_ga,12.156597674750246,181.9492241376163,2205.0062768947632
energy_ga,12.205799172808433,182.01491671607823,2213.9600673794944
energy_ga,12.25500067086662,182.0771613910256,2222.917005216488
energy_ga,12.304202168924807,182.13609466178568,2231.8769241217124
energy_ga,12.353403666982993,182.1918644203042,2240.8396648073726
energy_ga,12.40260516504118,182.24462807919636,2249.805075496396
energy_ga,12.451806663099367,182.29455075388182,2258.7730123461406
energy_ga,12.501008161157554,182.34180350448352,2267.743339784134
energy_ga,12.550209659215742,182.3865616427807,2276.715930758914
energy_ga,12.599411157273927,182.42900310910483,2285.690666909282
energy_ga,12.648612655332116,182.46930692364936,2294.6674386555383
energy_ga,12.697814153390302,182.50765171623206,2303.64614521644
energy_ga,12.74701565144849,182.54421433811473,2312.626694555845
energy_ga,12.796217149506676,182.57916855903565,2321.6090032631514
energy_ga,12.845418647564863,182.61268385216675,2330.592996371789
energy_ga,12.89462014562305,182.64492426925358,2339.578607120151
energy_ga,12.943821643681236,182.6760474077486,2348.5657766594413
energy_ga,12.993023141739423,182.70620347130327,2357.554453713002
energy_ga,13.04222463979761,182.7355344245403,2366.5445941917337
energy_ga,13.091426137855798,182.76417324259344,2375.5361607702603
energy_ga,13.140627635913985,182.79224325547645,2384.529122428504
energy_ga,13.189829133972172,182.81985758692386,2393.5234539633275
energy_ga,13.239030632030358,182.8471186869422,2402.519135474868
energy_ga,13.288232130088545,182.87411795691784,2411.5161518321534
energy_ga,13.337433628146732,182.90093546574792,2420.5144921225074
energy_ga,13.386635126204919,182.92763975509894,2429.514149089186
energy_ga,13.435836624263105,182.95428773154973,2438.515118561566
energy_ga,13.485038122321292,182.98092464304662,2447.5173988821016
energy_ga,13.53423962037948,183.00758413678906,2456.520990334127
energy_ga,13.583441118437666,183.0342883953668,2465.5258945744295
energy_ga,13.632642616495854,183.0610483477047,2474.5321140743677
energy_ga,13.68184411455404,183.0878639511133,2483.5396515731063
energy_ga,13.731045612612228,183.1147245405143,2492.5485095463932
energy_ga,13.780247110670414,183.14160924070038,2501.558689694061
energy_ga,13.829448608728601,183.1684874373011,2510.570192449259
energy_ga,13.878650106786788,183.19531930195794,2519.5830165121947
energy_ga,13.927851604844975,183.2220563670695,2528.5971584109275
energy_ga,13.977053102903161,183.24864214534463,2537.612612091548
energy_ga,14.026254600961348,183.27501278930063,2546.629368539821
energy_ga,14.075456099019537,183.30109778576735,2555.6474154361395
energy_ga,14.124657597077722,183.3268206803993,2564.666736845384
energy_ga,14.17385909513591,183.3520998271656,2573.68731294305
energy_ga,14.223060593194097,183.37684915777538,2582.7091197787317
energy_ga,14.272262091252284,183.40097896600074,2591.732129077841
energy_ga,14.32146358931047,183.42439670189412,2600.7563080821496
energy_ga,14.370665087368657,183.44700777094124,2609.781619429537
energy_ga,14.419866585426846,183.468716333264,2618.8080210730527
energy_ga,14.46906808348503,183.4894260980735,2627.835466239188
energy_ga,14.518269581543219,183.50904110868444,2636.8639034250036
energy_ga,14.567471079601404,183.52746651352214,2645.8932764335323
energy_ga,14.616672577659592,183.54460931870364,2654.9235244466695
energy_ga,14.665874075717777,183.56037911792723,2663.954582134527
energy_ga,14.715075573775966,183.5746887955845,2672.9863798000465
energy_ga,14.764277071834153,183.587455199199,2682.018843557446
energy_ga,14.81347856989234,183.59859977749957,2691.0518955429106
energy_ga,14.862680067950526,183.60804918065548,2700.0854541557446
energy_ga,14.911881566008713,183.6157358194336,2709.1194343280454
energy_ga,14.961083064066901,183.62159838027557,2718.153747820806
energy_ga,15.010284562125086,183.6255822935537,2727.1883035442047
energy_ga,15.059486060183275,183.62764015251932,2736.223007899727
energy_ga,15.10868755824146,183.62773208073693,2745.257765141623
energy_ga,15.157889056299648,183.6258260460715,2754.2924777551425
energy_ga,15.207090554357835,183.6218981195857,2763.3270468488477
energy_ga,15.256292052416022,183.61593267799682,2772.3613725582877
energy_ga,15.305493550474209,183.6079225486361,2781.395354458214
energy_ga,15.354695048532395,183.59786909615931,2790.428891980497
energy_ga,15.403896546590582,183.58578225055575,2799.4618848348637
energy_ga,15.453098044648769,183.57168047631123,2808.494233429566
energy_ga,15.502299542706957,183.55559068288352,2817.5258392890896
energy_ga,15.551501040765142,183.53754807695526,2826.556605466022
energy_ga,15.600702538823331,183.51759595723047,2835.586436944245
energy_ga,15.649904036881518,183.4957854528437,2844.615241030633
energy_ga,15.699105534939704,183.47217520674573,2853.642927732538
energy_ga,15.748307032997891,183.44683100572232,2862.6694101183753
energy_ga,15.797508531056078,183.41982535898816,2871.6946046587464
energy_ga,15.846710029114266,183.39123702758002,2880.718431545614
energy_ga,15.895911527172451,183.36115050703995,2889.7408149871735
energy_ga,15.94511302523064,183.32965546614722,2898.761683476196
energy_ga,15.994314523288825,183.29684614470693,2907.780970029739
energy_ga,16.043516021347013,183.26282071364759,2916.7986123983096
energy_ga,16.0927175194052,183.22768060090888,2925.814553242695
energy_ga,16.141919017463387,183.19152978682004,2934.8287402768824
energy_ga,16.191120515521572,183.1544740728731,2943.8411263756457
energy_ga,16.24032201357976,183.11662032798537,2952.8516696456127
energy_ga,16.289523511637945,183.07807571651972,2961.8603334587883
energy_ga,16.338725009696134,183.03894691249283,2970.867086447764
energy_ga,16.387926507754322,182.99933930453952,2979.871902462029
energy_ga,16.437128005812507,182.9593561963307,2988.87476048506
energy_ga,16.486329503870696,182.91909800724565,2997.8756445120753
energy_ga,16.53553100192888,182.8786614781889,3006.8745433885806
energy_ga,16.58473249998707,182.83813888751118,3015.8714506101005
energy_ga,16.633933998045254,182.79761728204093,3024.8663640836903
energy_ga,16.683135496103443,182.7571777282628,3033.8592858521206
energy_ga,16.732336994161628,182.7168945886861,3042.8502217818304
energy_ga,16.781538492219816,182.67683482843424,3051.8391812160257
energy_ga,16.830739990278005,182.63705735704818,3060.826176594522
energy_ga,16.87994148833619,182.59761241044382,3069.8112230421957
energy_ga,16.92914298639438,182.5585409778816,3078.7943379281314
energy_ga,16.978344484452563,182.51987427870603,3087.7755403977976
energy_ga,17.027545982510752,182.48163329349285,3096.7548508808222
energy_ga,17.07674748056894,182.443828354092,3105.7322905771407
energy_ga,17.125948978627125,182.40645879689063,3114.7078809245345
energy_ga,17.17515047668531,182.36951268343077,3123.681643050765
energy_ga,17.2243519747435,182.332966592305,3132.653597213716
energy_ga,17.273553472801687,182.29678548602254,3141.6237622331355
energy_ga,17.322754970859872,182.2609226562846,3150.5921549177656
energy_ga,17.371956468918057,182.225319750836,3159.5587894917803
energy_ga,17.421157966976246,182.18990688476597,3168.5236770246233
energy_ga,17.470359465034434,182.15460283882067,3177.4868248684616
energy_ga,17.51956096309262,182.11931534695802,3186.448236107594
energy_ga,17.568762461150808,182.08394147503054,3195.4079090242503
energy_ga,17.617963959208993,182.04836809211423,3204.3658365852953
energy_ga,17.66716545726718,182.01247243562727,3213.322005954439
energy_ga,17.71636695532537,181.97612277098355,3222.2763980345694
energy_ga,17.765568453383555,181.93917914612362,3231.2289870448785
energy_ga,17.81476995144174,181.9014942408465,3240.1797401374474
energy_ga,17.863971449499928,181.86291431043773,3249.1286170579347
energy_ga,17.913172947558117,181.8232802226532,3258.0755698549897
energy_ga,17.9623744456163,181.7824285866763,3267.0205426429534
energy_ga,18.01157594367449,181.74019297221702,3275.963471422322
energy_ga,18.060777441732675,181.6964052164725,3284.904283962349
energy_ga,18.109978939790864,181.65089681621578,3293.8428997500537
energy_ga,18.159180437849052,181.60350040183275,3302.77923000973
energy_ga,18.208381935907237,181.55405128967726,3311.7131777969125
energy_ga,18.257583433965422,181.502389108677,3320.644638170548
energy_ga,18.30678493202361,181.4483594966919,3329.573498446911
energy_ga,18.3559864300818,181.39181586170477,3338.4996385385753
energy_ga,18.405187928139988,181.3326212025202,3347.4229313815117
energy_ga,18.454389426198173,181.27064998325767,3356.343243453081
energy_ga,18.503590924256358,181.2057900555573,3365.260435383435
energy_ga,18.552792422314546,181.1379446220703,3374.174362662504
energy_ga,18.601993920372735,181.06703423448891,3383.0848764444427
energy_ga,18.65119541843092,180.99299881907922,3391.9918244510586
energy_ga,18.700396916489105,180.91579972242855,3400.8950519753985
energy_ga,18.749598414547293,180.83542176989792,3409.7944029862997
energy_ga,18.79879991260548,180.7518753290947,3418.6897213343404
energy_ga,18.848001410663667,180.66519837054832,3427.5808520592545
energy_ga,18.89720290872185,180.5754585176888,3436.4676427984664
energy_ga,18.94640440678004,180.48275507819872,3445.349945296032
energy_ga,18.99560590483823,180.38722104883735,3454.2276170108685
energy_ga,19.044807402896417,180.28902508592537,3463.1005228227855
energy_ga,19.094008900954602,180.18837343383788,3471.9685368344303
energy_ga,19.143210399012787,180.0855118040811,3480.8315442669045
energy_ga,19.192411897070976,179.9807271978355,3489.6894434464407
energy_ga,19.241613395129164,179.8743496652358,3498.5421478791945
energy_ga,19.29081489318735,179.76675399513584,3507.3895884108892
energy_ga,19.340016391245534,179.65836132967425,3516.2317154677476
energy_ga,19.389217889303723,179.5496406986251,3525.068501374888
energy_ga,19.43841938736191,179.44111046929402,3533.899942748136
energy_ga,19.4876208854201,179.33333970860218,3542.7260629550137
energy_ga,19.536822383478285,179.22694945500683,3551.5469146405267
energy_ga,19.58602388153647,179.12261389903614,3560.3625823132843
energy_ga,19.635225379594658,179.02106147247466,3569.1731849874564
energy_ga,19.684426877652847,178.92307584764305,3577.9788788761043
energy_ga,19.73362837571103,178.82949684976128,3586.7798601315453
energy_ga,19.782829873769217,178.7412212870957,3595.5763676285824
energy_ga,19.832031371827405,178.65920370546246,3604.368685786716
energy_ga,19.881232869885594,178.58445707570982,3613.1571474278285
energy_ga,19.93043436794378,178.51805342503914,3621.9421366663164
energy_ga,19.979635866001964,178.4611244254535,3630.724091829228
energy_ga,20.028837364060152,178.4148619552686,3639.503508404691
energy_ga,20.07803886211834,178.38051865247664,3648.2809420177623
energy_ga,20.12724036017653,178.3594084818552,3657.0570114338516
energy_ga,20.176441858234714,178.35290734104964,3665.832401590997
energy_ga,20.2256433562929,178.36245373446835,3674.607866663638
energy_ga,20.25976972706058,178.61251465093036,3680.6989967265886
energy_ga,20.293896097828263,178.88013697173434,3686.7989601145873
energy_ga,20.328022468595943,179.16307387785247,3692.908317796739
energy_ga,20.362148839363627,179.45918353498524,3699.0275558577464
energy_ga,20.396275210131307,179.76642731953115,3705.1570890503804
energy_ga,20.43040158089899,180.08286802334587,3711.297264287061
energy_ga,20.46452795166667,180.40666803014247,3717.4483640696762
energy_ga,20.49865432243435,180.73608745782337,3723.6106098565983
energy_ga,20.532780693202035,181.06948226230296,3729.784165365639
energy_ga,20.566907063969715,181.40530229950457,3735.9691398115847
energy_ga,20.6010334347374,181.74208934321115,3742.165591076843
energy_ga,20.63515980550508,182.07847505733784,3748.373528813663
energy_ga,20.66928617627276,182.41317892199098,3754.592917476375
energy_ga,20.703412547040443,182.7450061133872,3760.8236792820608
energy_ga,20.737538917808124,183.07284533834624,3767.0656970981
energy_ga,20.771665288575807,183.39566662464907,3773.3188172550654
energy_ga,20.805791659343488,183.71251906906647,3779.582852283482
energy_ga,20.83991803011117,184.02252854533015,3785.8575835730626
energy_ga,20.87404440087885,184.324895374737,3792.1427639530707
energy_ga,20.90817077164653,184.61889196244664,3798.438120192621
energy_ga,20.942297142414215,184.90386040286438,3804.743355419778
energy_ga,20.976423513181896,185.17921005779473,3811.0581514584687
energy_ga,21.01054988394958,185.44441511130032,3817.3821710823604
energy_ga,21.04467625471726,185.6990121054213,3823.715060184953
energy_ga,21.07880262548494,185.94259746109228,3830.0564498653353
energy_ga,21.112928996252624,186.17482498874153,3836.405958429154
energy_ga,21.147055367020304,186.39540339317537,3842.763193304534
energy_ga,21.181181737787988,186.60409377743463,3849.127752872836
energy_ga,21.215308108555668,186.80070715036547,3855.499228214283
energy_ga,21.24943447932335,186.98510194267217,3861.8772047686866
energy_ga,21.283560850091032,187.15718153621643,3868.26126391162
energy_ga,21.317687220858712,187.31689181129897,3874.6509844465904
energy_ga,21.351813591626396,187.46421871660417,3881.04594401389
energy_ga,21.385939962394076,187.59918586640637,3887.4457204169844
energy_ga,21.42006633316176,187.72185216953662,3893.8498928674476
energy_ga,21.45419270392944,187.83230949448097,3900.2580431495935
energy_ga,21.488319074697124,187.9306803748381,3906.6697567061206
energy_ga,21.522445445464804,188.01711575919836,3913.0846236462016
energy_ga,21.556571816232484,188.0917928093243,3919.5022396776203
energy_ga,21.590698187000168,188.1549127503173,3925.9222069646444
energy_ga,21.624824557767848,188.2066987762388,3932.344134913483
energy_ga,21.658950928535532,188.2473940144325,3938.7676408872762
energy_ga,21.693077299303212,188.27725955155495,3945.192350852659
energy_ga,21.727203670070892,188.29657252407773,3951.6178999600684
energy_ga,21.761330040838576,188.30562427576533,3958.043933060026
energy_ga,21.795456411606256,188.30471858437605,3964.4701051577204
energy_ga,21.82958278237394,188.29416995956146,3970.896081808294
energy_ga,21.86370915314162,188.2743020136704,3977.3215394552826
energy_ga,21.897835523909304,188.2454459068908,3983.7461657147287
energy_ga,21.931961894676984,188.20793886788513,3990.169659607515
energy_ga,21.966088265444665,188.16212279080082,3996.591731742524
energy_ga,22.00021463621235,188.10834290926658,4003.012104453229
energy_ga,22.03434100698003,188.0469465477086,4009.4305118903453
energy_ga,22.068467377747712,187.97828195006113,4015.8467000732044
energy_ga,22.102593748515392,187.90269718567478,4022.260426902457
energy_ga,22.136720119283076,187.82053913197976,4028.671462136762
energy_ga,22.170846490050756,187.73215253320265,4035.079587336045
energy_ga,22.204972860818437,187.63787913420035,4041.4845957739235
energy_ga,22.23909923158612,187.53805688824033,4047.8862923218308
energy_ga,22.2732256023538,187.43301923733128,4054.2844933073393
energy_ga,22.307351973121484,187.32309446350044,4060.679026349145
energy_ga,22.341478343889165,187.2086051092065,4067.0697301710784
energy_ga,22.375604714656845,187.08986746489163,4073.4564543974984
energy_ga,22.40973108542453,186.96719112149577,4079.8390593322924
energy_ga,22.44385745619221,186.8408785855921,4086.21741572368
energy_ga,22.477983826959893,186.71122495464903,4092.591404516911
energy_ga,22.512110197727573,186.57851764978653,4098.960916596857
energy_ga,22.546236568495257,186.44303620326963,4105.32585252242
energy_ga,22.580362939262937,186.3050520978682,4111.686122254574
energy_ga,22.61448931003062,186.16482865511725,4118.04164487976
energy_ga,22.6486156807983,186.0226209694273,4124.3923483302415
energy_ga,22.68274205156598,185.87867588492585,4130.738169102958
energy_ga,22.716868422333665,185.73323201185605,4137.079051978244
energy_ga,22.750994793101345,185.58651977931666,4143.414949739738
energy_ga,22.78512116386903,185.4387615211025,4149.74582289666
energy_ga,22.81924753463671,185.2901715913895,4156.071639409512
energy_ga,22.85337390540439,185.14095650701012,4162.392374420199
energy_ga,22.887500276172073,184.99131511307715,4168.708009987396
energy_ga,22.921626646939753,184.84143876874305,4175.018534827897
energy_ga,22.955753017707437,184.6915115499189,4181.323944064623
energy_ga,22.989879388475117,184.5417104658293,4187.624238981751
energy_ga,23.024005759242797,184.39220568634406,4193.919426787442
energy_ga,23.05813213001048,184.2431607771011,4200.209520384448
energy_ga,23.09225850077816,184.0947329395218,4206.494538148828
energy_ga,23.126384871545845,183.94707325291458,4212.774503716893
energy_ga,23.160511242313525,183.80032691597185,4219.049445780401
energy_ga,23.194637613081206,183.65463348507626,4225.319397889935
energy_ga,23.22876398384889,183.51012710696145,4231.584398266331
energy_ga,23.26289035461657,183.3669367434017,4237.844489619889
energy_ga,23.297016725384253,183.22518638574593,4244.099718977098
energy_ga,23.331143096151933,183.08499525725978,4250.350137514461
energy_ga,23.365269466919617,182.94647800139137,4256.595800398994
energy_ga,23.399395837687297,182.80974485423906,4262.836766634872
energy_ga,23.43352220845498,182.67490179965935,4269.0730989156755
energy_ga,23.46764857922266,182.54205070562875,4275.304863481594
energy_ga,23.50177494999034,182.41128944064218,4281.532129980961
energy_ga,23.535901320758025,182.28271196910973,4287.754971335391
energy_ga,23.570027691525706,182.15640842489373,4293.973463607797
energy_ga,23.60415406229339,182.0324651623088,4300.187685872548
energy_ga,23.63828043306107,181.91096478409335,4306.397720086954
energy_ga,23.67240680382875,181.79198614604448,4312.603650963325
energy_ga,23.706533174596434,181.67560433819446,4318.805565840776
energy_ga,23.740659545364114,181.56189064259317,4325.003554555995
energy_ga,23.774785916131798,181.45091246794382,4331.197709312178
energy_ga,23.808912286899478,181.3427332615267,4337.3881245453385
energy_ga,23.84303865766716,181.23741239902333,4343.574896787245
energy_ga,23.877165028434842,181.1350050530377,4349.75812452422
energy_ga,23.911291399202522,181.03556204128643,4355.937908051121
energy_ga,23.945417769970206,180.93912965560352,4362.114349319804
energy_ga,23.979544140737886,180.84574947307786,4368.287551781447
energy_ga,24.01367051150557,180.75545815080434,4374.457620222155
energy_ga,24.04779688227325,180.66828720589504,4380.624660591298
energy_ga,24.081923253040934,180.58426278254976,4386.788779822137
energy_ga,24.116049623808614,180.50340540813687,4392.950085644294
energy_ga,24.150175994576294,180.4257297403802,4399.108686387762
energy_ga,24.184302365343978,180.3512443078837,4405.264690778169
energy_ga,24.218428736111658,180.27995124635862,4411.418207723107
energy_ga,24.252555106879342,180.21184603303723,4417.56934608944
energy_ga,24.286681477647022,180.14691722187513,4423.71821447155
energy_ga,24.320807848414702,180.08514618224763,4429.8649209506175
energy_ga,24.354934219182386,180.02650684394553,4436.009572845085
energy_ga,24.389060589950066,179.97096545136034,4442.1522764525735
energy_ga,24.42318696071775,179.91848032982926,4448.293136783626
energy_ga,24.45731333148543,179.86900166717643,4454.432257287726
energy_ga,24.49143970225311,179.82247131354555,4460.569739572183
energy_ga,24.525566073020794,179.77882260266222,4466.705683114545
energy_ga,24.559692443788474,179.7379801977008,4472.840184969333
energy_ga,24.59381881455616,179.6998599649538,4478.973339469996
energy_ga,24.62794518532384,179.66436887850963,4485.105237927073
energy_ga,24.662071556091522,179.63140495914624,4491.235968323696
energy_ga,24.696197926859202,179.60085725062973,4497.365615009638
energy_ga,24.730324297626886,179.5726058365851,4503.494258395252
energy_ga,24.764450668394566,179.54652190105847,4509.621974646722
energy_ga,24.798577039162247,179.5224678358435,4515.748835384191
energy_ga,24.83270340992993,179.5002973975723,4521.874907384388
energy_ga,24.86682978069761,179.47985591749293,4528.000252289523
energy_ga,24.900956151465294,179.46098056675982,4534.124926324285
energy_ga,24.935082522232975,179.44350067995538,4540.248980022889
energy_ga,24.969208893000655,179.42723813944082,4546.372457968199
energy_ga,25.00333526376834,179.4120078229952,4552.495398545055
energy_ga,25.03746163453602,179.3976181170584,4558.617833709976
energy_ga,25.071588005303703,179.3838714977261,4564.739788779564
energy_ga,25.105714376071383,179.3705651814732,4570.861282239896
energy_ga,25.139840746839063,179.35749184739427,4576.982325579364
energy_ga,25.173967117606747,179.3444404325474,4583.102923147399
energy_ga,25.208093488374427,179.33119700177735,4589.223072041608
energy_ga,25.24221985914211,179.31754569317073,4595.3427620258935
energy_ga,25.27634622990979,179.30326974005808,4601.461975482134
energy_ga,25.31047260067747,179.2881525702371,4607.58068739807
energy_ga,25.344598971445155,179.2719789828311,4613.698865394015
energy_ga,25.37872534221284,179.25453640293796,4619.816469791065
energy_ga,25.41285171298052,179.23561621394597,4625.933453723448
energy_ga,25.4469780837482,179.2150151671197,4632.049763297658
energy_ga,25.481104454515883,179.192536867765,4638.165337800998
energy_ga,25.515230825283563,179.16799333699495,4644.280109962133
energy_ga,25.549357196051247,179.14120664781748,4650.3940062662095
energy_ga,25.583483566818927,179.11201063396356,4656.506947327046
energy_ga,25.617609937586607,179.08025266957418,4662.618848318852
energy_ga,25.65173630835429,179.04579551755162,4668.729619469851
energy_ga,25.68586267912197,179.00851924407988,4674.839166620112
energy_ga,25.719989049889655,178.968323196508,4680.947391845799
energy_ga,25.754115420657335,178.92512804148987,4687.054194151935
energy_ga,25.788241791425015,178.8788778599684,4693.159470235712
energy_ga,25.8223681621927,178.82954229529886,4699.263115322183
energy_ga,25.856494532960383,178.77711875051284,4705.365024074104
energy_ga,25.890620903728063,178.7216346304418,4711.4650915775355
energy_ga,25.924747274495743,178.6631496241425,4717.563214404635
energy_ga,25.958873645263424,178.6017580228034,4723.659291754955
energy_ga,25.993000016031107,178.5375910680568,4729.753226676357
energy_ga,26.027126386798788,178.47081932538012,4735.844927366491
energy_ga,26.06125275756647,178.4016550770473,4741.93430855561
energy_ga,26.09537912833415,178.33035472887977,4748.021292971279
energy_ga,26.129505499101835,178.257221224858,4754.105812885352
energy_ga,26.163631869869516,178.1826064634824,4760.187811743383
energy_ga,26.1977582406372,178.10691370962692,4766.267245876416
energy_ga,26.23188461140488,178.03059999550288,4772.344086294907
energy_ga,26.26601098217256,177.95417850425395,4778.418320564274
energy_ga,26.300137352940244,177.87822092963498,4784.489954761391
energy_ga,26.334263723707924,177.80335980519152,4790.559015511087
energy_ga,26.368390094475608,177.7302907963535,4796.625552101495
energy_ga,26.402516465243288,177.65977494889412,4802.689638676881
energy_ga,26.436642836010968,177.59264088728108,4808.751376506351
energy_ga,26.47076920677865,177.52978695657228,4814.810896326611
energy_ga,26.504895577546332,177.47218330168,4820.868360756756
energy_ga,26.539021948314016,177.42087387805773,4826.923966782852
energy_ga,26.573148319081696,177.3769783881551,4832.977948309859
energy_ga,26.60727468984938,177.34169413834346,4839.030578778289
energy_ga,26.64140106061706,177.31629781145267,4845.0821738427885
energy_ga,26.675527431384744,177.30214715057554,4851.133094109705
energy_ga,26.709653802152424,177.30068255041394,4857.183747930527
energy_ga,26.743780172920104,177.31342855315788,4863.234594248012
energy_ga,26.777906543687784,177.34199524672547,4869.286145491694
energy_ga,26.812032914455468,177.38807956416278,4875.338970519416
energy_ga,26.846159285223152,177.45346648411575,4881.393697601527
energy_ga,26.880285655990832,177.54003013356655,4887.451017444372
energy_ga,26.914412026758512,177.64973479548868,4893.511686249799
energy_ga,26.948538397526196,177.78463582573767,4899.576528807498
energy_ga,26.982664768293876,177.9468804853847,4905.646441617189
energy_ga,27.01679113906156,178.13870869683333,4911.72239603792
energy_ga,27.05091750982924,178.36245373446835,4917.805441462039
energy_ga,27.259883190324867,178.3629110463263,4955.077120762774
energy_ga,27.46884887082049,178.36422826108898,4992.34898547109
energy_ga,27.677814551316118,178.36632611155736,5029.621206995121
energy_ga,27.886780231811745,178.3691292803208,5066.893940591562
energy_ga,28.09574591230737,178.3725667683504,5104.167326229548
energy_ga,28.304711592802995,178.37657237625737,5141.441489543339
energy_ga,28.513677273298622,178.38108526338033,5178.716542893686
energy_ga,28.722642953794246,178.38605055381132,5215.992586550943
energy_ga,28.931608634289873,178.39141996216568,5253.269710006883
energy_ga,29.1405743147855,178.3971524153459,5290.547993416848
energy_ga,29.349539995281127,178.4032146497637,5327.827509169273
energy_ga,29.55850567577675,178.40958176646782,5365.108323575605
energy_ga,29.767471356272377,178.41623772939786,5402.390498670286
energy_ga,29.976437036768004,178.42317579454325,5439.674094107631
energy_ga,30.185402717263628,178.43039886015526,5476.959169140139
energy_ga,30.394368397759255,178.43791973033103,5514.245784660935
energy_ga,30.603334078254882,178.44576128628714,5551.534005291646
energy_ga,30.812299758750505,178.4539565614597,5588.823901496022
energy_ga,31.021265439246132,178.4625487182274,5626.1155516989675
energy_ga,31.23023111974176,178.47159092555714,5663.40904439036
energy_ga,31.439196800237383,178.48114613822312,5700.704480193014
energy_ga,31.64816248073301,178.4912867794654,5738.001973874427
energy_ga,31.857128161228637,178.50209433003118,5775.301656282417
energy_ga,32.06609384172426,178.51365882749576,5812.603676185527
energy_ga,32.27505952221989,178.52607828059217,5849.908201999913
energy_ga,32.484025202715515,178.53945800399873,5887.215423385535
energy_ga,32.69299088321114,178.55390987964765,5924.525552695675
energy_ga,32.90195656370677,178.56955155112976,5961.838826265094
energy_ga,33.11092224420239,178.58650555819128,5999.155505523586
energy_ga,33.319887924698016,178.60489841864919,6036.47587792319
energy_ga,33.528853605193646,178.6248596652992,6073.8002576688405
energy_ga,33.73781928568927,178.64652084556474,6111.1289862438725
energy_ga,33.94678496618489,178.67001449173355,6148.462432723421
energy_ga,34.155750646680524,178.69547306966453,6185.800993870382
energy_ga,34.36471632717615,178.72302791381898,6223.145094010251
energy_ga,34.57368200767177,178.75280815638777,6260.495184682828
energy_ga,34.7826476881674,178.7849396581512,6297.851744070298
energy_ga,34.991613368663025,178.81954394852468,6335.215276202875
energy_ga,35.20057904915865,178.85673718201932,6372.58630994467
energy_ga,35.40954472965428,178.89662911808153,6409.965397763921
energy_ga,35.6185104101499,178.93932213097736,6447.3531142932
energy_ga,35.827476090645526,178.98491025605756,6484.750054686515
energy_ga,36.036441771141156,179.03347827838235,6522.156832781539
energy_ga,36.24540745163678,179.08510086930428,6559.5740790764
energy_ga,36.4543731321324,179.13984177620645,6597.002438531613
energy_ga,36.663338812628034,179.19775307017608,6634.442568208734
energy_ga,36.87230449312366,179.25887445596004,6671.895134758317
energy_ga,37.08127017361928,179.32323264810802,6709.360811770595
energy_ga,37.29023585411491,179.3908408167554,6746.840277003068
energy_ga,37.499201534610535,179.4616981060432,6784.334209499861
energy_ga,37.70816721510616,179.53578922771072,6821.843286618319
energy_ga,37.91713289560179,179.61308413193714,6859.368180978739
energy_ga,38.12609857609741,179.69353775704917,6896.909557353546
energy_ga,38.33506425659304,179.77708985925534,6934.468069512563
energy_ga,38.544029937088666,179.86366492311987,6972.044357041092
energy_ga,38.75299561758429,179.95317215304502,7009.639042147794
energy_ga,38.96196129807991,180.04550554559975,7047.252726479204
energy_ga,39.17092697857554,180.1405440421092,7084.885987957768
energy_ga,39.37989265907117,180.23815176051144,7122.539377660029
energy_ga,39.58885833956679,180.33817830509213,7160.213416751415
energy_ga,39.79782402006242,180.44045915232743,7197.908593493703
energy_ga,40.006789700558045,180.54481611070125,7235.625360340822
energy_ga,40.21575538105367,180.65105785201712,7273.364131138238
energy_ga,40.4247210615493,180.75898051139697,7311.12527844052
energy_ga,40.63368674204492,180.86836835284862,7348.909130961142
energy_ga,40.84265242254055,180.97899449699847,7386.715971167876
energy_ga,41.051618103036176,181.09062170731315,7424.546033036338
energy_ga,41.2605837835318,181.20300323089225,7462.399499973557
energy_ga,41.46954946402743,181.3158836896841,7500.276502922496
energy_ga,41.678515144523054,181.42900001777863,7538.177118657613
energy_ga,41.88748082501868,181.54208244024662,7576.101368280651
energy_ga,42.09644650551431,181.65485548884092,7614.0492159247915
energy_ga,42.30541218600993,181.7670390497369,7652.020567674423
energy_ga,42.514377866505555,181.8783494383804,7690.01527070668
energy_ga,42.72334354700118,181.9885004964205,7728.033112659892
energy_ga,42.93230922749681,182.09720470563974,7766.0738212330325
energy_ga,43.14127490799243,182.20417431374975,7804.137064019173
energy_ga,43.35024058848806,182.30912246690036,7842.222448574909
energy_ga,43.55920626898369,182.41176434375038,7880.329522726587
energy_ga,43.76817194947931,182.51181828597154,7918.457775113147
energy_ga,43.97713762997493,182.60900692010233,7956.606635964303
energy_ga,44.186103310470564,182.70305826573193,7994.775478111714
energy_ga,44.395068990966195,182.79370682508124,8032.96361822979
energy_ga,44.60403467146182,182.88069464915367,8071.170318301736
energy_ga,44.81300035195744,182.9637723757508,8109.394787305445
energy_ga,45.021966032453065,183.0427002347947,8147.636183112878
energy_ga,45.23093171294869,183.11724901655455,8185.893614595653
energy_ga,45.43989739344432,183.18720099855793,8224.166143928645
energy_ga,45.64886307393995,183.25235082715656,8262.452789082532
energy_ga,45.85782875443557,183.31250634992824,8300.752526495427
energy_ga,46.0667944349312,183.36748939531861,8339.064293912947
energy_ga,46.27576011542682,183.41713649616386,8377.38699338532
energy_ga,46.48472579592245,183.46129955398445,8415.719494409515
energy_ga,46.693691476418074,183.49984644120127,8454.060637203684
energy_ga,46.902657156913705,183.53266153869623,8492.409236100702
energy_ga,47.11162283740933,183.55964620642087,8530.764083047035
energy_ga,47.32058851790495,183.5807191850446,8569.123951192756
energy_ga,47.529554198400575,183.59581692693203,8607.48759855809
energy_ga,47.7385198788962,183.60489385504047,8645.853771761605
energy_ga,47.94748555939183,183.6079225486361,8684.221209794861
energy_ga,48.15645123988746,183.60489385504047,8722.588647828117
energy_ga,48.36541692038308,183.59581692693203,8760.954821031633
energy_ga,48.57438260087871,183.5807191850446,8799.318468396967
energy_ga,48.78334828137433,183.55964620642087,8837.678336542687
energy_ga,48.99231396186996,183.53266153869623,8876.033183489022
energy_ga,49.201279642365584,183.49984644120127,8914.381782386039
energy_ga,49.410245322861215,183.46129955398445,8952.72292518021
energy_ga,49.61921100335684,183.41713649616386,8991.055426204404
energy_ga,49.82817668385246,183.36748939531861,9029.378125676778
energy_ga,50.037142364348085,183.3125063499282,9067.689893094297
energy_ga,50.246108044843716,183.25235082715656,9105.989630507194
energy_ga,50.455073725339346,183.18720099855793,9144.276275661081
energy_ga,50.66403940583497,183.11724901655455,9182.548804994072
energy_ga,50.87300508633059,183.0427002347947,9220.806236476848
energy_ga,51.08197076682622,182.9637723757508,9259.04763228428
energy_ga,51.29093644732184,182.88069464915367,9297.27210128799
energy_ga,51.499902127817464,182.79370682508124,9335.478801359937
energy_ga,51.708867808313094,182.7030582657319,9373.666941478014
energy_ga,51.917833488808725,182.60900692010233,9411.835783625425
energy_ga,52.12679916930435,182.51181828597154,9449.98464447658
energy_ga,52.33576484979997,182.41176434375038,9488.112896863142
energy_ga,52.544730530295595,182.30912246690036,9526.21997101482
energy_ga,52.753696210791226,182.20417431374977,9564.305355570557
energy_ga,52.96266189128685,182.09720470563974,9602.368598356697
energy_ga,53.17162757178248,181.9885004964205,9640.409306929838
energy_ga,53.3805932522781,181.8783494383804,9678.42714888305
energy_ga,53.58955893277373,181.7670390497369,9716.42185191531
energy_ga,53.79852461326935,181.65485548884092,9754.39320366494
energy_ga,54.00749029376498,181.54208244024662,9792.34105130908
energy_ga,54.21645597426061,181.42900001777863,9830.265300932118
energy_ga,54.425421654756235,181.31588368968414,9868.165916667236
energy_ga,54.63438733525186,181.20300323089225,9906.042919616173
energy_ga,54.84335301574748,181.09062170731315,9943.896386553391
energy_ga,55.05231869624311,180.97899449699847,9981.726448421854
energy_ga,55.261284376738736,180.8683683528486,10019.533288628587
energy_ga,55.47025005723437,180.75898051139697,10057.317141149211
energy_ga,55.67921573772999,180.6510578520171,10095.078288451492
energy_ga,55.888181418225614,180.54481611070125,10132.817059248908
energy_ga,56.09714709872124,180.44045915232743,10170.533826096027
energy_ga,56.30611277921687,180.33817830509213,10208.229002838316
energy_ga,56.515078459712484,180.23815176051144,10245.903041929701
energy_ga,56.724044140208115,180.14054404210924,10283.556431631963
energy_ga,56.933009820703745,180.04550554559975,10321.189693110528
energy_ga,57.14197550119937,179.95317215304502,10358.803377441938
energy_ga,57.35094118169499,179.86366492311987,10396.39806254864
energy_ga,57.559906862190616,179.77708985925534,10433.97435007717
energy_ga,57.768872542686246,179.69353775704917,10471.532862236185
energy_ga,57.97783822318188,179.61308413193714,10509.074238610994
energy_ga,58.1868039036775,179.53578922771072,10546.599132971412
energy_ga,58.395769584173124,179.4616981060432,10584.108210089871
energy_ga,58.60473526466875,179.3908408167554,10621.602142586664
energy_ga,58.81370094516437,179.32323264810802,10659.081607819135
energy_ga,59.02266662566,179.25887445596004,10696.547284831415
energy_ga,59.231632306155625,179.19775307017608,10733.999851380997
energy_ga,59.440597986651255,179.13984177620645,10771.439981058118
energy_ga,59.64956366714688,179.08510086930428,10808.86834051333
energy_ga,59.85852934764251,179.03347827838235,10846.285586808193
energy_ga,60.06749502813813,178.98491025605756,10883.692364903216
energy_ga,60.276460708633756,178.93932213097736,10921.089305296531
energy_ga,60.48542638912939,178.89662911808153,10958.47702182581
energy_ga,60.69439206962501,178.85673718201932,10995.856109645061
energy_ga,60.903357750120634,178.81954394852468,11033.227143386855
energy_ga,61.112323430616264,178.7849396581512,11070.590675519434
energy_ga,61.32128911111189,178.75280815638777,11107.947234906902
energy_ga,61.53025479160751,178.72302791381898,11145.297325579479
energy_ga,61.73922047210314,178.69547306966453,11182.64142571935
energy_ga,61.948186152598765,178.67001449173355,11219.979986866309
energy_ga,62.15715183309439,178.64652084556474,11257.313433345857
energy_ga,62.36611751359001,178.62485966529917,11294.642161920889
energy_ga,62.57508319408564,178.60489841864919,11331.96654166654
energy_ga,62.784048874581266,178.58650555819128,11369.286914066142
energy_ga,62.99301455507689,178.56955155112976,11406.603593324633
energy_ga,63.20198023557252,178.55390987964765,11443.916866894051
energy_ga,63.410945916068144,178.53945800399873,11481.226996204192
energy_ga,63.619911596563774,178.52607828059217,11518.534217589815
energy_ga,63.8288772770594,178.51365882749576,11555.8387434042
energy_ga,64.03784295755503,178.50209433003118,11593.14076330731
energy_ga,64.24680863805065,178.4912867794654,11630.4404457153
energy_ga,64.45577431854628,178.48114613822312,11667.737939396711
energy_ga,64.6647399990419,178.47159092555714,11705.033375199366
energy_ga,64.87370567953752,178.4625487182274,11742.326867890757
energy_ga,65.08267136003315,178.4539565614597,11779.618518093703
energy_ga,65.29163704052877,178.44576128628714,11816.908414298077
energy_ga,65.5006027210244,178.43791973033103,11854.19663492879
energy_ga,65.70956840152003,178.43039886015526,11891.483250449586
energy_ga,65.91853408201567,178.42317579454325,11928.768325482097
energy_ga,66.12749976251129,178.41623772939786,11966.05192091944
energy_ga,66.33646544300692,178.40958176646782,12003.334096014121
energy_ga,66.54543112350254,178.4032146497637,12040.614910420454
energy_ga,66.75439680399816,178.3971524153459,12077.89442617288
energy_ga,66.96336248449379,178.39141996216568,12115.172709582843
energy_ga,67.17232816498941,178.38605055381132,12152.449833038781
energy_ga,67.38129384548503,178.38108526338033,12189.725876696039
energy_ga,67.59025952598066,178.37657237625737,12227.000930046384
energy_ga,67.79922520647628,178.3725667683504,12264.275093360175
energy_ga,68.00819088697192,178.3691292803208,12301.548478998164
energy_ga,68.21715656746754,178.36632611155736,12338.821212594603
energy_ga,68.42612224796316,178.36422826108898,12376.093434118633
energy_ga,68.6350879284588,178.3629110463263,12413.365298826951
energy_ga,68.84405360895443,178.36245373446835,12450.636978127686
energy_ga,68.90901923506641,178.32795605420426,12462.223286027716
energy_ga,68.9739848611784,178.30353665572125,12473.807680135293
energy_ga,69.03895048729036,178.2883633470131,12485.39078816036
energy_ga,69.10391611340235,178.2816400439937,12496.973184921886
energy_ga,69.16888173951433,178.2826065099427,12508.555394685149
energy_ga,69.23384736562632,178.29053819491398,12520.137893485384
energy_ga,69.29881299173829,178.30474614227353,12531.721111443154
energy_ga,69.36377861785027,178.32457693336167,12543.305435074904
energy_ga,69.42874424396226,178.34941264484388,12554.891209600308
energy_ga,69.49370987007424,178.37867079664247,12566.47874124656
energy_ga,69.55867549618623,178.41180427143914,12578.068299548355
energy_ga,69.6236411222982,178.44830118960851,12589.660119641185
energy_ga,69.68860674841018,178.48768472610502,12601.254404544641
energy_ga,69.75357237452216,178.5295128582825,12612.851327431548
energy_ga,69.81853800063415,178.57337803588976,12624.451033878218
energy_ga,69.88350362674612,178.61890676656353,12636.053644090496
energy_ga,69.9484692528581,178.6657591120464,12647.659255100003
energy_ga,70.01343487897009,178.7136280920905,12659.26794292462
energy_ga,70.07840050508207,178.76223899458589,12670.879764687224
energy_ga,70.14336613119406,178.81134859187893,12682.494760686555
energy_ga,70.20833175730603,178.8607442645254,12694.112956414152
energy_ga,70.27329738341801,178.91024303487163,12705.734364511456
energy_ga,70.33826300953,178.95969051387124,12717.35898666128
energy_ga,70.40322863564198,179.00895976544047,12728.986815408209
energy_ga,70.46819426175395,179.05795009343612,12740.617835902689
energy_ga,70.53315988786593,179.1065857570064,12752.252027564005
energy_ga,70.59812551397792,179.15481462063698,12763.889365657651
energy_ga,70.6630911400899,179.20260674568507,12775.52982278312
energy_ga,70.72805676620187,179.24995293057486,12787.173370268523
energy_ga,70.79302239231386,179.29686320712412,12798.819979468946
energy_ga,70.85798801842584,179.3433653006917,12810.469622965924
energy_ga,70.92295364453783,179.38950306197606,12822.122275665988
energy_ga,70.98791927064981,179.4353348783729,12833.77791579665
energy_ga,71.05288489676178,179.48093207281005,12845.436525798777
energy_ga,71.11785052287377,179.5263772979318,12857.098093114802
energy_ga,71.18281614898575,179.57176293340305,12868.76261087269
energy_ga,71.24778177509774,179.61718949395333,12880.430078466166
energy_ga,71.3127474012097,179.6627640555855,12892.100502032079
energy_ga,71.37771302732169,179.70859870713568,12903.773894826378
energy_ga,71.44267865343367,179.75480903410036,12915.450277500506
energy_ga,71.50764427954566,179.80151264133463,12927.12967828059
energy_ga,71.57260990565764,179.84882772089512,12938.812133052099
energy_ga,71.63757553176961,179.89687167093518,12950.497685353139
energy_ga,71.7025411578816,179.9457597711758,12962.18638627985
energy_ga,71.76750678399358,179.99560392007416,12973.878294307751
energy_ga,71.83247241010557,180.0465114383899,12985.573475033225
energy_ga,71.89743803621754,180.09858394341734,12997.272000839543
energy_ga,71.96240366232952,180.15191629770973,13008.973950492204
energy_ga,72.0273692884415,180.20659563566858,13020.679408668471
energy_ga,72.09233491455349,180.2627004709211,13032.388465426327
energy_ga,72.15730054066547,180.32029988694475,13044.10121561812
energy_ga,72.22226616677744,180.37945281294472,13055.81775825441
energy_ga,72.28723179288943,180.4402073865329,13067.538195823596
energy_ga,72.35219741900141,180.50260040430447,13079.262633572971
energy_ga,72.4171630451134,180.56665686096474,13090.991178756985
energy_ga,72.48212867122537,180.63238957721822,13102.723939858437
energy_ga,72.54709429733735,180.69979891620653,13114.461025788381
energy_ga,72.61205992344934,180.7688725878638,13126.202545070446
energy_ga,72.67702554956132,180.83958554015274,13137.948605015285
energy_ga,72.7419911756733,180.91189993575594,13149.699310890726
energy_ga,72.80695680178528,180.98576521242072,13161.454765093133
energy_ga,72.87192242789726,181.0611182247976,13173.215066325329
energy_ga,72.93688805400924,181.13788346527159,13184.980308786295
energy_ga,73.00185368012123,181.21597336095928,13196.750581377699
energy_ga,73.0668193062332,181.29528864374834,13208.525966932088
energy_ga,73.13178493234518,181.37571878996144,13220.306541467386
energy_ga,73.19675055845717,181.45714252597466,13232.092373472082
energy_ga,73.26171618456915,181.53942839586898,13243.883523225302
energy_ga,73.32668181068114,181.62243538697868,13255.680042155625
energy_ga,73.39164743679311,181.70601360899926,13267.481972242284
energy_ga,73.45661306290509,181.79000502214237,13279.289345462077
energy_ga,73.52157868901708,181.87424420966911,13291.102183285022
energy_ga,73.58654431512906,181.95855919000593,13302.920496221492
energy_ga,73.65150994124103,182.04277226353383,13314.744283423226
energy_ga,73.71647556735302,182.1267008890593,13326.57353234034
energy_ga,73.781441193465,182.21015858490927,13338.408218436041
energy_ga,73.84640681957698,182.29295584955378,13350.248304960543
energy_ga,73.91137244568895,182.37490109663835,13362.093742785253
energy_ga,73.97633807180094,182.45580159931245,13373.944470298013
energy_ga,74.04130369791292,182.53546443876522,13385.800413359797
energy_ga,74.10626932402491,182.61369745192243,13397.661485323044
energy_ga,74.17123495013689,182.6903101733276,13409.527587111339
energy_ga,74.23620057624886,182.76511476631373,13421.398607359948
energy_ga,74.30116620236085,182.83792693867966,13433.274422616354
energy_ga,74.36613182847283,182.90856683820545,13445.154897599594
energy_ga,74.43109745458482,182.97685992348968,13457.039885517006
energy_ga,74.49606308069679,183.04263780574453,13468.929228436591
energy_ga,74.56102870680877,183.1057390573653,13480.822757712991
energy_ga,74.62599433292075,183.16600998328298,13492.720294464769
energy_ga,74.69095995903274,183.2233053513124,13504.621650100495
energy_ga,74.75592558514472,183.27748907793492,13516.526626890813
energy_ga,74.8208912112567,183.3284348661842,13528.435018583506
energy_ga,74.88585683736868,183.3760267925535,13540.346611058365
energy_ga,74.95082246348066,183.4201598401004,13552.261183018405
energy_ga,75.01578808959265,183.4607403751925,13564.178506713912
energy_ga,75.08075371570462,183.49768656561528,13576.098348695548
energy_ga,75.1457193418166,183.53092873805093,13588.020470592657
energy_ga,75.21068496792859,183.56040967322753,13599.944629912745
energy_ga,75.27565059404057,183.58608483733843,13611.870580858094
energy_ga,75.34061622015255,183.6079225486361,13623.798075155293
energy_ga,75.40558184626452,183.62590407841236,13635.726862893454
energy_ga,75.47054747237651,183.64002368588703,13647.656693366858
energy_ga,75.5355130984885,183.65028858684164,13659.58731591769
energy_ga,75.60047872460048,183.6567188561457,13671.518480774617
energy_ga,75.66544435071245,183.65934726463718,13683.44993988288
energy_ga,75.73040997682443,183.65821905113026,13695.381447721697
energy_ga,75.79537560293642,183.65339163062905,13707.312762104768
energy_ga,75.8603412290484,183.64493424013426,13719.243644959806
energy_ga,75.92530685516039,183.63292752372521,13731.173863083086
energy_ga,75.99027248127236,183.61746305889653,13743.10318886512
energy_ga,76.05523810738434,183.59864282641274,13755.031400983742
energy_ga,76.12020373349633,183.57657862622202,13766.95828506098
energy_ga,76.18516935960831,183.55139144224174,13778.88363428034
energy_ga,76.25013498572028,183.52321075908387,13790.807249961246
energy_ga,76.31510061183226,183.49217383403735,13802.728942087657
energy_ga,76.38006623794425,183.45842492785997,13814.648529788024
energy_ga,76.44503186405623,183.42211449815326,13826.56584176408
energy_ga,76.50999749016822,183.38339835930194,13838.480716666138
energy_ga,76.57496311628019,183.34243681315374,13850.393003412844
energy_ga,76.63992874239217,183.29939375479069,13862.30256145369
energy_ga,76.70489436850416,183.25443575790473,13874.209260972708
energy_ga,76.76985999461614,183.2077311444335,13886.11298303229
energy_ga,76.83482562072811,183.1594490432361,13898.013619656174
energy_ga,76.8997912468401,183.10975844269683,13909.911073851106
energy_ga,76.96475687295208,183.05882724223008,13921.805259566887
energy_ga,77.02972249906406,183.00682130772603,13933.696101594956
energy_ga,77.09468812517605,182.95390353602548,13945.58353540589
energy_ga,77.15965375128802,182.90023293353389,13957.46750692659
energy_ga,77.2246193774,182.84596371409066,13969.347972258236
energy_ga,77.28958500351199,182.79124442119235,13981.22489733641
energy_ga,77.35455062962397,182.73621707962442,13993.098257535172
energy_ga,77.41951625573594,182.68101638149832,14004.968037217124
energy_ga,77.48448188184793,182.6257689116029,14016.834229231885
energy_ga,77.54944750795991,182.57059241687085,14028.696834365646
energy_ga,77.6144131340719,182.51559512463268,14040.555860744882
energy_ga,77.67937876018388,182.4608751141775,14052.411323197484
energy_ga,77.74434438629585,182.406519745961,14064.26324257495
energy_ga,77.80931001240783,182.35260515260939,14076.111645039498
energy_ga,77.87427563851982,182.29919579564282,14087.956561320232
energy_ga,77.9392412646318,182.24634409160456,14099.798025942786
energy_ga,78.00420689074377,182.1940901110174,14111.636076437031
energy_ga,78.06917251685576,182.14246135330725,14123.470752527712
energy_ga,78.13413814296774,182.0914726005319,14135.302095312984
energy_ga,78.19910376907973,182.04112585242734,14147.130146436124
energy_ga,78.26406939519171,181.99141034495003,14158.954947255723
energy_ga,78.32903502130368,181.94230265412864,14170.776538019842
energy_ga,78.39400064741567,181.89376688667136,14182.594957049763
energy_ga,78.45896627352765,181.8457549583807,14194.410239938932
energy_ga,78.52393189963963,181.7982069610284,14206.2224187729
energy_ga,78.5888975257516,181.75105161792405,14218.031521375962
energy_ga,78.65386315186359,181.70420682798715,14229.837570590278
energy_ga,78.71882877797557,181.65758029769395,14241.640583593173
energy_ga,78.78379440408756,181.6110702598273,14253.440571258336
energy_ga,78.84876003019954,181.56456627750745,14265.237537566469
energy_ga,78.91372565631151,181.5179501315272,14277.03147907088
energy_ga,78.9786912824235,181.4710967885588,14288.822384423358
energy_ga,79.04365690853548,181.42387544734538,14300.610233965457
energy_ga,79.10862253464747,181.3761506595332,14312.394999390195
energy_ga,79.17358816075944,181.32778352135634,14324.176643478864
energy_ga,79.23855378687142,181.2786329319417,14335.95511991742
energy_ga,79.3035194129834,181.22855691357333,14347.730373196626
energy_ga,79.36848503909539,181.17741398883672,14359.502338599825
energy_ga,79.43345066520737,181.1250646091631,14371.270942281846
energy_ga,79.49841629131934,181.0713726289118,14383.036101442194
energy_ga,79.56338191743133,181.01620681876759,14394.79772459529
energy_ga,79.62834754354331,180.95944241189974,14406.555711940071
energy_ga,79.69331316965528,180.90096267602135,14418.309955830904
energy_ga,79.75827879576727,180.84066050422066,14430.06034135124
energy_ga,79.82324442187925,180.7784400171997,14441.806746990953
energy_ga,79.88821004799124,180.71421816936376,14453.54904542794
energy_ga,79.95317567410322,180.6479263510584,14465.28710441391
energy_ga,80.01814130021519,180.57951197915287,14477.020787763882
energy_ga,80.08310692632718,180.50894006812504,14488.749956448411
energy_ga,80.14807255243916,180.43619477381736,14500.474469786952
energy_ga,80.21303817855114,180.36128090211503,14512.194186740408
energy_ga,80.27800380466311,180.28422537494103,14523.908967300285
energy_ga,80.3429694307751,180.20507864618725,14535.618673971489
energy_ga,80.40793505688708,180.12391606049925,14547.3231733452
energy_ga,80.47290068299907,180.040839148218,14559.022337758
energy_ga,80.53786630911105,179.95597685025623,14570.71604703283
energy_ga,80.60283193522302,179.86948666725993,14582.404190297053
energy_ga,80.66779756133501,179.7815557280771,14594.086667872574
energy_ga,80.73276318744699,179.6924017733395,14605.76339323259
energy_ga,80.79772881355898,179.6022740508603,14617.4342950194
energy_ga,80.86269443967095,179.51145412056803,14629.099319117431
energy_ga,80.92766006578293,179.4202565678455,14640.75843077559
energy_ga,80.99262569189492,179.32902962542576,14652.411616772977
energy_ga,81.0575913180069,179.2381557054216,14664.058887622092
energy_ga,81.12255694411888,179.1480518446436,14675.700279803787
energy_ga,81.18752257023085,179.05917006809312,14687.335858028482
energy_ga,81.25248819634284,178.97199767742265,14698.965717518578
energy_ga,81.31745382245482,178.88705747322604,14710.58998630743
energy_ga,81.38241944856681,178.80490792228466,14722.208827551003
energy_ga,81.44738507467878,178.72614328334447,14733.822441849026
energy_ga,81.51235070079076,178.6513937076508,14745.431069573515
energy_ga,81.57731632690275,178.58132533333202,14757.034993203606
energy_ga,81.64228195301473,178.51664039580555,14768.63453966706
energy_ga,81.70724757912672,178.45807737969503,14780.230082690277
energy_ga,81.77221320523869,178.40641124129974,14791.822045160472
energy_ga,81.83717883135067,178.36245373446835,14803.410901505678
energy_ga,81.87369355653517,178.49982165017215,14809.926265462871
energy_ga,81.91020828171968,178.65824218706493,14816.447029737094
energy_ga,81.94672300690418,178.83544075055477,14822.973921530926
energy_ga,81.9832377320887,179.0292452906338,14829.507586862945
energy_ga,82.0197524572732,179.23758487237228,14836.048594286007
energy_ga,82.0562671824577,179.45848822720572,14842.597438553003
energy_ga,82.0927819076422,179.69008227214871,14849.154544229099
energy_ga,82.12929663282671,179.93059058633398,14855.720269249146
energy_ga,82.16581135801121,180.1783318363015,14862.294908418522
energy_ga,82.20232608319571,180.43171814327536,14868.878696855409
energy_ga,82.23884080838023,180.68925338728835,14875.47181337231
energy_ga,82.27535553356473,180.94953144446805,14882.074383794405
energy_ga,82.31187025874924,181.21123435510353,14888.686484212294
energy_ga,82.34838498393374,181.4731304212782,14895.308144166556
energy_ga,82.38489970911824,181.73407223390876,14901.93934976155
energy_ga,82.42141443430275,181.99299462996382,14908.5800467059
energy_ga,82.45792915948725,182.24891258148335,14915.230143277153
energy_ga,82.49444388467177,182.500919018768,14921.889513208143
energy_ga,82.53095860985627,182.7481825907781,14928.557998492723
energy_ga,82.56747333504077,182.989945366375,14935.235412108648
energy_ga,82.60398806022528,183.22552048055914,14941.921540655507
energy_ga,82.64050278540978,183.4542897303155,14948.616146905784
energy_ga,82.67701751059428,183.67570112507218,14955.318972267321
energy_ga,82.71353223577879,183.8892663971126,14962.029739155583
energy_ga,82.7500469609633,184.0945584775648,14968.748153274406
energy_ga,82.7865616861478,184.29120894381765,14975.473905804043
energy_ga,82.82307641133231,184.47890544439687,14982.206675495614
energy_ga,82.85959113651681,184.65738910746404,14988.946130671207
energy_ga,82.89610586170132,184.82645193919137,14995.691931129173
energy_ga,82.93262058688582,184.9859342183119,15002.443729954357
energy_ga,82.96913531207032,185.13572189315124,15009.20117523323
energy_ga,83.00565003725484,185.27574398741493,15015.96391167414
energy_ga,83.04216476243934,185.40597002094177,15022.731582133109
energy_ga,83.07867948762384,185.52640745153056,15029.503829045829
energy_ga,83.11519421280835,185.63709914382002,15036.280295766752
energy_ga,83.15170893799285,185.73812087103866,15043.06062781634
energy_ga,83.18822366317735,185.82957885525764,15049.84447403781
energy_ga,83.22473838836186,185.9116073515664,15056.631487664863
energy_ga,83.26125311354637,185.98436628135622,15063.42132730208
energy_ga,83.29776783873088,186.04803891964423,15070.213657819902
energy_ga,83.33428256391538,186.10282964109496,15077.008151166237
energy_ga,83.37079728909988,186.14896172910764,15083.804487096899
energy_ga,83.40731201428439,186.18667525203463,15090.60235382728
energy_ga,83.44382673946889,186.21622501027795,15097.401448607776
energy_ga,83.4803414646534,186.23787855768427,15104.20147822559
energy_ga,83.51685618983791,186.251914300327,15111.002159435711
energy_ga,83.55337091502241,186.25861967541562,15117.80321932394
energy_ga,83.58988564020692,186.25828941273215,15124.604395604907
energy_ga,83.62640036539142,186.25122388064068,15131.405436858167
energy_ga,83.66291509057592,186.23772751836736,15138.206102705466
energy_ga,83.69942981576042,186.21810735589534,15145.006163932365
energy_ga,83.73594454094494,186.19267162247317,15151.805402557438
energy_ga,83.77245926612945,186.16172844438734,15158.603611852279
energy_ga,83.80897399131395,186.1255846323098,15165.400596315616
energy_ga,83.84548871649845,186.08454455819938,15172.196171604755
energy_ga,83.88200344168295,186.0389091214055,15178.990164427665
energy_ga,83.91851816686746,185.98897480330845,15185.782412398907
energy_ga,83.95503289205196,185.9350328095201,15192.572763862658
energy_ga,83.99154761723648,185.87736829837252,15199.361077685982
energy_ga,84.02806234242098,185.81625969413815,15206.147223025471
energy_ga,84.06457706760548,185.75197808315068,15212.931079070335
energy_ga,84.10109179278999,185.6847866907382,15219.712534764905
energy_ga,84.13760651797449,185.61494043663708,15226.491488513473
energy_ga,84.174121243159,185.54268556632366,15233.26784787029
energy_ga,84.2106359683435,185.46825935548728,15240.04152921742
energy_ga,84.24715069352801,185.39188988467384,15246.812457433118
energy_ga,84.28366541871252,185.3137958809421,15253.58056555315
energy_ga,84.32018014389702,185.23418662321674,15260.345794427556
energy_ga,84.35669486908152,185.15326190787073,15267.108092375007
energy_ga,84.39320959426603,185.07121207094116,15273.867414836963
energy_ga,84.42972431945053,184.98821806327123,15280.623724033605
energy_ga,84.46623904463503,184.90445157477433,15287.376988623402
energy_ga,84.50275376981955,184.82007520393893,15294.127183368053
energy_ga,84.53926849500405,184.73524266863532,15300.874288804347
energy_ga,84.57578322018855,184.65009905423798,15307.618290924443
energy_ga,84.61229794537306,184.5647810950567,15314.359180865784
energy_ga,84.64881267055756,184.4794174850557,15321.096954611829
energy_ga,84.68532739574206,184.39412921385215,15327.8316127046
energy_ga,84.72184212092657,184.30902992400527,15334.563159969888
energy_ga,84.75835684611108,184.22422628565016,15341.291605255814
energy_ga,84.79487157129559,184.13981838458264,15348.016961185307
energy_ga,84.83138629648009,184.0559001199731,15354.739243922959
energy_ga,84.8679010216646,183.97255960797057,15361.45847295648
energy_ga,84.9044157468491,183.8898795875561,15368.174670892942
energy_ga,84.9409304720336,183.8079378251162,15374.887863269825
energy_ga,84.9774451972181,183.72680751433055,15381.598078380739
energy_ga,85.01395992240262,183.64655766810375,15388.305347115613
energy_ga,85.05047464758712,183.5672534994186,15395.009702814981
energy_ga,85.08698937277163,183.48895678814486,15401.711181137938
energy_ga,85.12350409795613,183.41172623100758,15408.409819943163
energy_ga,85.16001882314063,183.33561777209277,15415.105659182373
energy_ga,85.19653354832514,183.26068491145745,15421.798740805445
energy_ga,85.23304827350964,183.18697898960085,15428.489108676371
energy_ga,85.26956299869416,183.11454944575868,15435.176808499114
energy_ga,85.30607772387866,183.04344404818346,15441.861887752384
energy_ga,85.34259244906316,182.97370909479355,15448.5443956323
energy_ga,85.37910717424766,182.90538958278523,15455.224383001783
energy_ga,85.41562189943217,182.83852934602714,15461.901902345578
energy_ga,85.45213662461667,182.77317115928207,15468.577007729673
energy_ga,85.48865134980117,182.70935680852764,15475.249754763914
energy_ga,85.52516607498569,182.64712712687887,15481.920200566556
energy_ga,85.5616808001702,182.58652199584657,15488.58840372948
energy_ga,85.5981955253547,182.52758031189865,15495.254424282857
energy_ga,85.6347102505392,182.47033991852257,15501.918323657921
energy_ga,85.6712249757237,182.41483750421878,15508.580164646666
energy_ga,85.7077397009082,182.3611084670851,15515.240011357197
energy_ga,85.74425442609271,182.30918674687956,15521.89792916354
energy_ga,85.78076915127723,182.25910462567384,15528.55398464877
energy_ga,85.81728387646173,182.2108924984301,15535.208245540261
energy_ga,85.85379860164623,182.16457861505162,15541.860780636103
energy_ga,85.89031332683074,182.1201887956698,15548.511659721555
energy_ga,85.92682805201524,182.07774612113383,15555.16095347468
energy_ga,85.96334277719974,182.03727060087448,15561.808733360258
energy_ga,85.99985750238426,181.9987788204989,15568.455071511198
energy_ga,86.03637222756876,181.96228357166703,15575.100040596753
energy_ga,86.07288695275327,181.9277934669699,15581.74371367697
energy_ga,86.10940167793777,181.89531254270256,15588.386164042828
energy_ga,86.14591640312227,181.86483985258178,15595.027465041721
energy_ga,86.18243112830677,181.83636905560695,15601.667689887998
energy_ga,86.21894585349128,181.80988800139818,15608.306911458403
energy_ga,86.25546057867578,181.78537831647552,15614.945202072395
energy_ga,86.2919753038603,181.76281499505413,15621.582633257443
energy_ga,86.3284900290448,181.7421659980315,15628.219275499523
energy_ga,86.3650047542293,181.72339186393438,15634.855197979205
energy_ga,86.4015194794138,181.70644533566363,15641.490468293801
energy_ga,86.43803420459831,181.69127100693856,15648.125152166265
energy_ga,86.47454892978281,181.67780499238665,15654.759313141596
energy_ga,86.51106365496733,181.6659746252569,15661.393012271717
energy_ga,86.54757838015183,181.65569818674805,15668.026307789869
energy_ga,86.58409310533634,181.64688467094467,15674.659254775803
energy_ga,86.62060783052084,181.63943358933557,15681.291904813084
energy_ga,86.65712255570534,181.63323481885823,15687.924305640068
energy_ga,86.69363728088985,181.62816849735808,15694.556500796183
energy_ga,86.73015200607435,181.624104970292,15701.188529265342
energy_ga,86.76666673125885,181.6209047924134,15707.820425118405
energy_ga,86.80318145644337,181.61841878808173,15714.45221715678
energy_ga,86.83969618162787,181.61648817371633,15721.083928559345
energy_ga,86.87621090681237,181.61494474578262,15727.71557653506
energy_ga,86.91272563199688,181.61361113754293,15734.347171983682
energy_ga,86.94924035718138,181.61230114763597,15740.978719167173
energy_ga,86.98575508236588,181.61082014336503,15747.610215394472
energy_ga,87.0222698075504,181.60896554136716,15754.2416507224
energy_ga,87.0587845327349,181.60652736812204,15760.873007675573
energy_ga,87.09529925791941,181.6032889025216,15767.504260988291
energy_ga,87.13181398310391,181.59902740247279,15774.135377371416
energy_ga,87.16832870828841,181.5935149172429,15780.766315307348
energy_ga,87.20484343347292,181.5865191869756,15787.397024876254
energy_ga,87.24135815865742,181.57780463051952,15794.02744761676
energy_ga,87.27787288384192,181.56713342240212,15800.657516424333
energy_ga,87.31438760902644,181.55426665947058,15807.287155490636
energy_ga,87.35090233421094,181.53896561739447,15813.916280287107
energy_ga,87.38741705939545,181.52099309688737,15820.544797596081
energy_ga,87.42393178457995,181.50011485916644,15827.172605592676
energy_ga,87.46044650976445,181.47610114981092,15833.799593980715
energy_ga,87.49696123494896,181.448728309831,15840.42564418589
energy_ga,87.53347596013347,181.41778047239004,15847.050629609315
energy_ga,87.56999068531798,181.38305134326524,15853.674415944544
energy_ga,87.60650541050248,181.34434606275894,15860.29686156113
energy_ga,87.64302013568698,181.3014831464106,15866.91781795757
energy_ga,87.67953486087148,181.25429650149175,15873.537130286519
energy_ga,87.71604958605599,181.202637515904,15880.15463795495
energy_ga,87.75256431124049,181.14637721574394,15886.770175301852
energy_ga,87.78907903642501,181.08540848744516,15893.383572355877
energy_ga,87.82559376160951,181.01964836006644,15899.99465567523
energy_ga,87.86210848679401,180.94904034296243,15906.603249271922
energy_ga,87.89862321197852,180.8735568137514,15913.209175622284
energy_ga,87.93513793716302,180.79320145118933,15919.81225676549
energy_ga,87.97165266234752,180.70801170726872,15926.412315491663
energy_ga,88.00816738753203,180.61806131258905,15933.00917662082
energy_ga,88.04468211271654,180.52346280879317,15939.602668373826
energy_ga,88.08119683790105,180.42437010163607,15946.19262383616
energy_ga,88.11771156308555,180.32098102804656,15952.778882515204
energy_ga,88.15422628827005,180.21353993036755,15959.361291991365
energy_ga,88.19074101345456,180.1023402308111,15965.939709663213
energy_ga,88.22725573863906,179.98772699904873,15972.514004586497
energy_ga,88.26377046382356,179.8700995057785,15979.084059406656
energy_ga,88.30028518900808,179.74991375506642,15985.649772384191
energy_ga,88.33679991419258,179.62768498825284,15992.211059511981
energy_ga,88.37331463937709,179.50399015226103,15998.767856723383
energy_ga,88.40982936456159,179.37947032522632,16005.320122189683
energy_ga,88.44634408974609,179.25483309250313,16011.8678387052
energy_ga,88.4828588149306,179.13085486630013,16018.411016158137
energy_ga,88.5193735401151,179.00838314243998,16024.949694084975
energy_ga,88.55588826529961,178.88833868805665,16031.483944306015
energy_ga,88.59240299048412,178.77171765442085,16038.013873639426
energy_ga,88.62891771566862,178.65959360954557,16044.539626690996
energy_ga,88.66543244085312,178.55311948575485,16051.061388716538
energy_ga,88.70194716603763,178.45352943803255,16057.579388553784
energy_ga,88.73846189122213,178.36214060968507,16064.093901620443
energy_ga,88.77497661640663,178.28035480268963,16070.605252974992
energy_ga,88.81149134159115,178.20966005104395,16077.113820436696
energy_ga,88.84800606677565,178.15163209652022,16083.620037761277
energy_ga,88.88452079196016,178.1079357674438,16090.124397868727
energy_ga,88.92103551714466,178.08032626251054,16096.627456119711
energy_ga,88.95755024232916,178.07065034321505,16103.129833637187
energy_ga,88.99406496751367,178.08084744022446,16109.632220669993
energy_ga,89.03057969269817,178.11295068101253,16116.135379995403
energy_ga,89.06709441788269,178.16908784829,16122.640150357942
energy_ga,89.10360914306719,178.25148228125414,16129.147449942135
energy_ga,89.14012386825169,178.36245373446835,16135.658279877423
