route_set,scene,route,planner,seed,success,reason,length_m,duration_s,proxy_s,energy_j,retained_stops,runtime_s
development,sparse,sparse_y16,astar,0,True,passed_translational_and_energy_checks,32.0,12.120000000000001,12.196723416816308,2196.3488980252523,0,0.01806462799999764
development,sparse,sparse_y16,rrt_star,0,True,passed_translational_and_energy_checks,32.0,12.120000000000001,12.196723416816308,2196.3488980252523,0,0.2576201330000032
development,sparse,sparse_y16,distance_ga,0,True,passed_translational_and_energy_checks,32.0,12.120000000000001,12.196723416816308,2196.3488980252523,0,0.43902569099999766
development,sparse,sparse_y16,proxy_ga,0,True,passed_translational_and_energy_checks,32.0,12.120000000000001,12.196723416816308,2196.3488980252523,0,0.432997076999996
development,sparse,sparse_y16,time_ga,0,True,passed_translational_and_energy_checks,32.0,12.120000000000001,12.196723416816308,2196.3488980252523,0,0.4433064170000023
development,sparse,sparse_y16,energy_ga,0,True,passed_translational_and_energy_checks,32.0,12.120000000000001,12.196723416816308,2196.3488980252523,0,0.44438281299999716
development,sparse,sparse_y16,astar,1,True,passed_translational_and_energy_checks,32.0,12.120000000000001,12.196723416816308,2196.3488980252523,0,0.01806462799999764
development,sparse,sparse_y16,rrt_star,1,True,passed_translational_and_energy_checks,32.0,12.120000000000001,12.196723416816308,2196.3488980252523,0,0.2282984550000009
development,sparse,sparse_y16,distance_ga,1,True,passed_translational_and_energy_checks,32.0,12.120000000000001,12.196723416816308,2196.3488980252523,0,0.5498220819999986
development,sparse,sparse_y16,proxy_ga,1,True,passed_translational_and_energy_checks,32.0,12.120000000000001,12.196723416816308,2196.3488980252523,0,0.5430051569999961
development,sparse,sparse_y16,time_ga,1,True,passed_translational_and_energy_checks,32.0,12.120000000000001,12.196723416816308,2196.3488980252523,0,0.557089775999998
development,sparse,sparse_y16,energy_ga,1,True,passed_translational_and_energy_checks,32.0,12.120000000000001,12.196723416816308,2196.3488980252523,0,0.5516128599999917
development,sparse,sparse_y16,astar,2,True,passed_translational_and_energy_checks,32.0,12.120000000000001,12.196723416816308,2196.3488980252523,0,0.01806462799999764
development,sparse,sparse_y16,rrt_star,2,True,passed_translational_and_energy_checks,32.0,12.120000000000001,12.196723416816308,2196.3488980252523,0,0.22978419399999694
development,sparse,sparse_y16,distance_ga,2,True,passed_translational_and_energy_checks,32.0,12.120000000000001,12.196723416816308,2196.3488980252523,0,0.4210577809999947
development,sparse,sparse_y16,proxy_ga,2,True,passed_translational_and_energy_checks,32.0,12.120000000000001,12.196723416816308,2196.3488980252523,0,0.35978160899999523
development,sparse,sparse_y16,time_ga,2,True,passed_translational_and_energy_checks,32.0,12.120000000000001,12.196723416816308,2196.3488980252523,0,0.35609173699999275
development,sparse,sparse_y16,energy_ga,2,True,passed_translational_and_energy_checks,32.0,12.120000000000001,12.196723416816308,2196.3488980252523,0,0.3552316879999964
development,sparse,sparse_y16,astar,3,True,passed_translational_and_energy_checks,32.0,12.120000000000001,12.196723416816308,2196.3488980252523,0,0.01806462799999764
development,sparse,sparse_y16,rrt_star,3,True,passed_translational_and_energy_checks,32.0,12.120000000000001,12.196723416816308,2196.3488980252523,0,0.21460424400000022
development,sparse,sparse_y16,distance_ga,3,True,passed_translational_and_energy_checks,32.0,12.120000000000001,12.196723416816308,2196.3488980252523,0,0.3471120419999991
development,sparse,sparse_y16,proxy_ga,3,True,passed_translational_and_energy_checks,32.0,12.120000000000001,12.196723416816308,2196.3488980252523,0,0.3535542939999914
development,sparse,sparse_y16,time_ga,3,True,passed_translational_and_energy_checks,32.0,12.120000000000001,12.196723416816308,2196.3488980252523,0,0.3606166869999967
development,sparse,sparse_y16,energy_ga,3,True,passed_translational_and_energy_checks,32.0,12.120000000000001,12.196723416816308,2196.3488980252523,0,0.3561622009999965
development,sparse,sparse_y16,astar,4,True,passed_translational_and_energy_checks,32.0,12.120000000000001,12.196723416816308,2196.3488980252523,0,0.01806462799999764
development,sparse,sparse_y16,rrt_star,4,True,passed_translational_and_energy_checks,32.0,12.120000000000001,12.196723416816308,2196.3488980252523,0,0.2279001369999989
development,sparse,sparse_y16,distance_ga,4,True,passed_translational_and_energy_checks,32.0,12.120000000000001,12.196723416816308,2196.3488980252523,0,0.5803487889999985
development,sparse,sparse_y16,proxy_ga,4,True,passed_translational_and_energy_checks,32.0,12.120000000000001,12.196723416816308,2196.3488980252523,0,0.5784910479999965
development,sparse,sparse_y16,time_ga,4,True,passed_translational_and_energy_checks,32.0,12.120000000000001,12.196723416816308,2196.3488980252523,0,0.5700532440000003
development,sparse,sparse_y16,energy_ga,4,True,passed_translational_and_energy_checks,32.0,12.120000000000001,12.196723416816308,2196.3488980252523,0,0.5716314729999965
development,sparse,sparse_y20,astar,0,True,passed_translational_and_energy_checks,32.99930869314681,13.916803866396371,14.13041476390145,2536.4162127988857,1,0.1001264820000003
development,sparse,sparse_y20,rrt_star,0,True,passed_translational_and_energy_checks,32.985414849214465,16.978962063515052,17.238986382102745,3084.6721277290135,2,0.21557987399999945
development,sparse,sparse_y20,distance_ga,0,True,passed_translational_and_energy_checks,32.99930869314681,13.916803866396371,14.13041476390145,2536.4162127988857,1,0.8547677899999968
development,sparse,sparse_y20,proxy_ga,0,True,passed_translational_and_energy_checks,32.99930869314681,13.916803866396371,14.13041476390145,2536.4162127988857,1,0.866836751000001
development,sparse,sparse_y20,time_ga,0,True,passed_translational_and_energy_checks,32.99930869314681,13.916803866396371,14.13041476390145,2536.4162127988857,1,0.8665018430000018
development,sparse,sparse_y20,energy_ga,0,True,passed_translational_and_energy_checks,32.99930869314681,13.916803866396371,14.13041476390145,2536.4162127988857,1,0.8681143049999989
development,sparse,sparse_y20,astar,1,True,passed_translational_and_energy_checks,32.99930869314681,13.916803866396371,14.13041476390145,2536.4162127988857,1,0.1001264820000003
development,sparse,sparse_y20,rrt_star,1,True,passed_translational_and_energy_checks,33.09973559639572,16.628638026155386,16.881860729742723,3022.6877821120825,2,0.22563286500000146
development,sparse,sparse_y20,distance_ga,1,True,passed_translational_and_energy_checks,32.99930869314681,13.916803866396371,14.13041476390145,2536.4162127988857,1,0.9625408409999991
development,sparse,sparse_y20,proxy_ga,1,True,passed_translational_and_energy_checks,32.99930869314681,13.916803866396371,14.13041476390145,2536.4162127988857,1,0.9584700119999994
development,sparse,sparse_y20,time_ga,1,True,passed_translational_and_energy_checks,32.99930869314681,13.916803866396371,14.13041476390145,2536.4162127988857,1,0.9679229659999962
development,sparse,sparse_y20,energy_ga,1,True,passed_translational_and_energy_checks,32.99930869314681,13.916803866396371,14.13041476390145,2536.4162127988857,1,0.9481153610000064
development,sparse,sparse_y20,astar,2,True,passed_translational_and_energy_checks,32.99930869314681,13.916803866396371,14.13041476390145,2536.4162127988857,1,0.1001264820000003
development,sparse,sparse_y20,rrt_star,2,True,passed_translational_and_energy_checks,33.557114434022644,14.15577804620571,14.357465505394776,2578.1351709726696,1,0.2324235700000088
development,sparse,sparse_y20,distance_ga,2,True,passed_translational_and_energy_checks,32.85133948571814,13.90867051542757,14.121645457458845,2534.459899930047,1,0.8754134199999939
development,sparse,sparse_y20,proxy_ga,2,True,passed_translational_and_energy_checks,32.99930869314681,13.916803866396371,14.13041476390145,2536.4162127988857,1,0.9068932380000021
development,sparse,sparse_y20,time_ga,2,True,passed_translational_and_energy_checks,32.99930869314681,13.916803866396371,14.13041476390145,2536.4162127988857,1,0.8781853919999989
development,sparse,sparse_y20,energy_ga,2,True,passed_translational_and_energy_checks,32.99930869314681,13.916803866396371,14.13041476390145,2536.4162127988857,1,0.868989634000009
development,sparse,sparse_y20,astar,3,True,passed_translational_and_energy_checks,32.99930869314681,13.916803866396371,14.13041476390145,2536.4162127988857,1,0.1001264820000003
development,sparse,sparse_y20,rrt_star,3,True,passed_translational_and_energy_checks,33.12129818465392,13.956889275737534,14.171013540508369,2543.639060413967,1,0.2085235979999993
development,sparse,sparse_y20,distance_ga,3,True,passed_translational_and_energy_checks,32.99930869314681,13.916803866396371,14.13041476390145,2536.4162127988857,1,0.8467107250000012
development,sparse,sparse_y20,proxy_ga,3,True,passed_translational_and_energy_checks,32.99930869314681,13.916803866396371,14.13041476390145,2536.4162127988857,1,0.8636277250000077
development,sparse,sparse_y20,time_ga,3,True,passed_translational_and_energy_checks,32.99930869314681,13.916803866396371,14.13041476390145,2536.4162127988857,1,0.8839382429999958
development,sparse,sparse_y20,energy_ga,3,True,passed_translational_and_energy_checks,32.99930869314681,13.916803866396371,14.13041476390145,2536.4162127988857,1,0.8690385540000065
development,sparse,sparse_y20,astar,4,True,passed_translational_and_energy_checks,32.99930869314681,13.916803866396371,14.13041476390145,2536.4162127988857,1,0.1001264820000003
development,sparse,sparse_y20,rrt_star,4,True,passed_translational_and_energy_checks,33.170724593754045,13.913059721260035,14.126526751752573,2536.321444323998,1,0.22733752900001036
development,sparse,sparse_y20,distance_ga,4,True,passed_translational_and_energy_checks,32.99930869314681,13.916803866396371,14.13041476390145,2536.4162127988857,1,0.9111577900000114
development,sparse,sparse_y20,proxy_ga,4,True,passed_translational_and_energy_checks,32.99930869314681,13.916803866396371,14.13041476390145,2536.4162127988857,1,0.7946642570000009
development,sparse,sparse_y20,time_ga,4,True,passed_translational_and_energy_checks,32.99930869314681,13.916803866396371,14.13041476390145,2536.4162127988857,1,0.794083042000004
development,sparse,sparse_y20,energy_ga,4,True,passed_translational_and_energy_checks,32.99930869314681,13.916803866396371,14.13041476390145,2536.4162127988857,1,0.7815129000000027
development,sparse,sparse_y24,astar,0,True,passed_translational_and_energy_checks,32.0,12.120000000000001,12.196723416816308,2196.3488980252523,0,0.016742309000008504
development,sparse,sparse_y24,rrt_star,0,True,passed_translational_and_energy_checks,32.0,12.120000000000001,12.196723416816308,2196.3488980252523,0,0.21188770500000942
development,sparse,sparse_y24,distance_ga,0,True,passed_translational_and_energy_checks,32.0,12.120000000000001,12.196723416816308,2196.3488980252523,0,0.42616181400001096
development,sparse,sparse_y24,proxy_ga,0,True,passed_translational_and_energy_checks,32.0,12.120000000000001,12.196723416816308,2196.3488980252523,0,0.42583122200001355
development,sparse,sparse_y24,time_ga,0,True,passed_translational_and_energy_checks,32.0,12.120000000000001,12.196723416816308,2196.3488980252523,0,0.4309082270000033
development,sparse,sparse_y24,energy_ga,0,True,passed_translational_and_energy_checks,32.0,12.120000000000001,12.196723416816308,2196.3488980252523,0,0.42808262300000877
development,sparse,sparse_y24,astar,1,True,passed_translational_and_energy_checks,32.0,12.120000000000001,12.196723416816308,2196.3488980252523,0,0.016742309000008504
development,sparse,sparse_y24,rrt_star,1,True,passed_translational_and_energy_checks,32.0,12.120000000000001,12.196723416816308,2196.3488980252523,0,0.21772715599999515
development,sparse,sparse_y24,distance_ga,1,True,passed_translational_and_energy_checks,32.0,12.120000000000001,12.196723416816308,2196.3488980252523,0,0.5506732680000113
development,sparse,sparse_y24,proxy_ga,1,True,passed_translational_and_energy_checks,32.0,12.120000000000001,12.196723416816308,2196.3488980252523,0,0.6050909750000102
development,sparse,sparse_y24,time_ga,1,True,passed_translational_and_energy_checks,32.0,12.120000000000001,12.196723416816308,2196.3488980252523,0,0.5534104980000052
development,sparse,sparse_y24,energy_ga,1,True,passed_translational_and_energy_checks,32.0,12.120000000000001,12.196723416816308,2196.3488980252523,0,0.5498096100000112
development,sparse,sparse_y24,astar,2,True,passed_translational_and_energy_checks,32.0,12.120000000000001,12.196723416816308,2196.3488980252523,0,0.016742309000008504
development,sparse,sparse_y24,rrt_star,2,True,passed_translational_and_energy_checks,32.0,12.120000000000001,12.196723416816308,2196.3488980252523,0,0.23701678499999446
development,sparse,sparse_y24,distance_ga,2,True,passed_translational_and_energy_checks,32.0,12.120000000000001,12.196723416816308,2196.3488980252523,0,0.35632696500000804
development,sparse,sparse_y24,proxy_ga,2,True,passed_translational_and_energy_checks,32.0,12.120000000000001,12.196723416816308,2196.3488980252523,0,0.3577154770000135
development,sparse,sparse_y24,time_ga,2,True,passed_translational_and_energy_checks,32.0,12.120000000000001,12.196723416816308,2196.3488980252523,0,0.3575628690000059
development,sparse,sparse_y24,energy_ga,2,True,passed_translational_and_energy_checks,32.0,12.120000000000001,12.196723416816308,2196.3488980252523,0,0.35694532000000834
development,sparse,sparse_y24,astar,3,True,passed_translational_and_energy_checks,32.0,12.120000000000001,12.196723416816308,2196.3488980252523,0,0.016742309000008504
development,sparse,sparse_y24,rrt_star,3,True,passed_translational_and_energy_checks,32.0,12.120000000000001,12.196723416816308,2196.3488980252523,0,0.21290138899999533
development,sparse,sparse_y24,distance_ga,3,True,passed_translational_and_energy_checks,32.0,12.120000000000001,12.196723416816308,2196.3488980252523,0,0.3442417230000103
development,sparse,sparse_y24,proxy_ga,3,True,passed_translational_and_energy_checks,32.0,12.120000000000001,12.196723416816308,2196.3488980252523,0,0.3512863190000104
development,sparse,sparse_y24,time_ga,3,True,passed_translational_and_energy_checks,32.0,12.120000000000001,12.196723416816308,2196.3488980252523,0,0.34202954000001284
development,sparse,sparse_y24,energy_ga,3,True,passed_translational_and_energy_checks,32.0,12.120000000000001,12.196723416816308,2196.3488980252523,0,0.33918254400001047
development,sparse,sparse_y24,astar,4,True,passed_translational_and_energy_checks,32.0,12.120000000000001,12.196723416816308,2196.3488980252523,0,0.016742309000008504
development,sparse,sparse_y24,rrt_star,4,True,passed_translational_and_energy_checks,32.0,12.120000000000001,12.196723416816308,2196.3488980252523,0,0.2905816279999982
development,sparse,sparse_y24,distance_ga,4,True,passed_translational_and_energy_checks,32.0,12.120000000000001,12.196723416816308,2196.3488980252523,0,0.5608842700000025
development,sparse,sparse_y24,proxy_ga,4,True,passed_translational_and_energy_checks,32.0,12.120000000000001,12.196723416816308,2196.3488980252523,0,0.5790121050000039
development,sparse,sparse_y24,time_ga,4,True,passed_translational_and_energy_checks,32.0,12.120000000000001,12.196723416816308,2196.3488980252523,0,0.5569298140000143
development,sparse,sparse_y24,energy_ga,4,True,passed_translational_and_energy_checks,32.0,12.120000000000001,12.196723416816308,2196.3488980252523,0,0.571057431000014
development,wall,wall_y16,astar,0,True,passed_translational_and_energy_checks,38.40930106817051,22.369569374591187,22.499704750031555,4023.369220233923,2,0.21832614999999578
development,wall,wall_y16,rrt_star,0,True,passed_translational_and_energy_checks,39.17809889598479,23.54998516785417,23.782105399734593,4250.38051083134,3,0.2339847490000011
development,wall,wall_y16,distance_ga,0,True,passed_translational_and_energy_checks,38.09185164550308,21.797671201385427,21.937845370395028,3923.3275637420397,2,1.111299000999992
development,wall,wall_y16,proxy_ga,0,True,passed_translational_and_energy_checks,49.17349111757103,18.624459760780024,18.82439990711228,3388.879669602712,1,0.9415327809999923
development,wall,wall_y16,time_ga,0,True,passed_translational_and_energy_checks,49.17349111757103,18.624459760780024,18.82439990711228,3388.879669602712,1,0.9288564129999912
development,wall,wall_y16,energy_ga,0,True,passed_translational_and_energy_checks,48.107897061009055,18.220866011857183,18.420866879034765,3316.18202745543,1,1.0801783489999934
development,wall,wall_y16,astar,1,True,passed_translational_and_energy_checks,38.40930106817051,22.369569374591187,22.499704750031555,4023.369220233923,2,0.21832614999999578
development,wall,wall_y16,rrt_star,1,True,passed_translational_and_energy_checks,39.96301789008418,22.456821985724737,22.519274891476446,4028.4375685457107,1,0.24398398499999985
development,wall,wall_y16,distance_ga,1,True,passed_translational_and_energy_checks,38.38848541654294,22.31757727178467,22.447467679948996,4014.119189118468,2,1.215624458999983
development,wall,wall_y16,proxy_ga,1,True,passed_translational_and_energy_checks,39.82794931177175,21.69023186287775,21.759584547071498,3893.451087724047,1,1.070603432999988
development,wall,wall_y16,time_ga,1,True,passed_translational_and_energy_checks,40.588910814983805,21.453648203366328,21.529013754856592,3853.370476338633,1,1.1664981419999947
development,wall,wall_y16,energy_ga,1,True,passed_translational_and_energy_checks,39.82794931177175,21.69023186287775,21.759584547071498,3893.451087724047,1,1.091281115000001
development,wall,wall_y16,astar,2,True,passed_translational_and_energy_checks,38.40930106817051,22.369569374591187,22.499704750031555,4023.369220233923,2,0.21832614999999578
development,wall,wall_y16,rrt_star,2,True,passed_translational_and_energy_checks,39.16060120745381,23.570161516912933,23.707948428459744,4237.754391743481,2,0.24458305199999586
development,wall,wall_y16,distance_ga,2,True,passed_translational_and_energy_checks,38.40930106817051,22.369569374591187,22.499704750031555,4023.369220233923,2,1.080314297000001
development,wall,wall_y16,proxy_ga,2,True,passed_translational_and_energy_checks,48.66416430563255,18.431552230758328,18.63318504408813,3354.4121438857583,1,0.9897676039999936
development,wall,wall_y16,time_ga,2,True,passed_translational_and_energy_checks,48.66416430563255,18.431552230758328,18.63318504408813,3354.4121438857583,1,0.9839241789999988
development,wall,wall_y16,energy_ga,2,True,passed_translational_and_energy_checks,48.66416430563255,18.431552230758328,18.63318504408813,3354.4121438857583,1,0.9820260940000054
development,wall,wall_y16,astar,3,True,passed_translational_and_energy_checks,38.40930106817051,22.369569374591187,22.499704750031555,4023.369220233923,2,0.21832614999999578
development,wall,wall_y16,rrt_star,3,True,passed_translational_and_energy_checks,38.65321333535837,21.273242945639034,21.4341649116816,3834.0588752794065,2,0.23190077499999973
development,wall,wall_y16,distance_ga,3,True,passed_translational_and_energy_checks,38.40930106817051,22.369569374591187,22.499704750031555,4023.369220233923,2,1.1062420509999953
development,wall,wall_y16,proxy_ga,3,True,passed_translational_and_energy_checks,38.98683333478283,22.10233455567722,22.254094064706063,3979.747990691102,2,1.1972861330000057
development,wall,wall_y16,time_ga,3,True,passed_translational_and_energy_checks,39.26316768429531,22.0588943107744,22.220323844732352,3974.397016189558,2,1.1579325989999916
development,wall,wall_y16,energy_ga,3,True,passed_translational_and_energy_checks,38.98683333478283,22.10233455567722,22.254094064706063,3979.747990691102,2,1.1855370290000025
development,wall,wall_y16,astar,4,True,passed_translational_and_energy_checks,38.40930106817051,22.369569374591187,22.499704750031555,4023.369220233923,2,0.21832614999999578
development,wall,wall_y16,rrt_star,4,True,passed_translational_and_energy_checks,38.593731720564236,22.23688116447733,22.376009735788198,4001.392761403746,2,0.21152716300001373
development,wall,wall_y16,distance_ga,4,True,passed_translational_and_energy_checks,38.40930106817051,22.369569374591187,22.499704750031555,4023.369220233923,2,1.0519217869999835
development,wall,wall_y16,proxy_ga,4,True,passed_translational_and_energy_checks,48.84197659496303,18.498898635342247,18.68724524830583,3364.307776698991,1,0.9547804469999903
development,wall,wall_y16,time_ga,4,True,passed_translational_and_energy_checks,48.84197659496303,18.498898635342247,18.68724524830583,3364.307776698991,1,0.9489129899999966
development,wall,wall_y16,energy_ga,4,True,passed_translational_and_energy_checks,48.84197659496303,18.498898635342247,18.68724524830583,3364.307776698991,1,0.9560736349999956
development,wall,wall_y20,astar,0,True,passed_translational_and_energy_checks,38.40930106817051,22.369569374591187,22.499704750031555,4023.369220233923,2,0.23906914999999174
development,wall,wall_y20,rrt_star,0,True,passed_translational_and_energy_checks,38.45322334638665,22.228716104719584,22.377091120393782,4001.206214048968,2,0.23585337100000459
development,wall,wall_y20,distance_ga,0,True,passed_translational_and_energy_checks,38.22602272381769,21.885767104285012,22.02982512746869,3939.5594444097387,2,1.0466773219999936
development,wall,wall_y20,proxy_ga,0,True,passed_translational_and_energy_checks,42.88851837497437,16.244026334521543,16.458965053607468,2962.567122037282,1,1.0441190059999883
development,wall,wall_y20,time_ga,0,True,passed_translational_and_energy_checks,42.88851837497437,16.244026334521543,16.458965053607468,2962.567122037282,1,1.0356087619999954
development,wall,wall_y20,energy_ga,0,True,passed_translational_and_energy_checks,42.88851837497437,16.244026334521543,16.458965053607468,2962.567122037282,1,1.035838689000002
development,wall,wall_y20,astar,1,True,passed_translational_and_energy_checks,38.40930106817051,22.369569374591187,22.499704750031555,4023.369220233923,2,0.23906914999999174
development,wall,wall_y20,rrt_star,1,True,passed_translational_and_energy_checks,38.44574543685795,21.136334353278112,21.45954073135725,3837.1473700040515,3,0.23231472800000574
development,wall,wall_y20,distance_ga,1,True,passed_translational_and_energy_checks,38.38848541654294,22.31757727178467,22.447467679948996,4014.119189118468,2,1.2246069669999855
development,wall,wall_y20,proxy_ga,1,True,passed_translational_and_energy_checks,38.63053738034722,15.083236631754179,15.314751167195089,2753.8912770720244,1,1.074249055999985
development,wall,wall_y20,time_ga,1,True,passed_translational_and_energy_checks,38.63053738034722,15.083236631754179,15.314751167195089,2753.8912770720244,1,1.0744760799999824
development,wall,wall_y20,energy_ga,1,True,passed_translational_and_energy_checks,38.63053738034722,15.083236631754179,15.314751167195089,2753.8912770720244,1,1.0793181649999894
development,wall,wall_y20,astar,2,True,passed_translational_and_energy_checks,38.40930106817051,22.369569374591187,22.499704750031555,4023.369220233923,2,0.23906914999999174
development,wall,wall_y20,rrt_star,2,True,passed_translational_and_energy_checks,39.08006638895591,18.271336060976807,18.5468128952418,3324.2285186492654,2,0.23628217399999585
development,wall,wall_y20,distance_ga,2,True,passed_translational_and_energy_checks,38.40930106817051,22.369569374591187,22.499704750031555,4023.369220233923,2,1.0755645959999924
development,wall,wall_y20,proxy_ga,2,True,passed_translational_and_energy_checks,40.26588405783354,15.399470935410339,15.635366451842657,2813.1586961286157,1,0.9378030160000037
development,wall,wall_y20,time_ga,2,True,passed_translational_and_energy_checks,41.167080802757866,15.684490063937243,15.917642169264168,2864.3423050635847,1,1.0540679759999847
development,wall,wall_y20,energy_ga,2,True,passed_translational_and_energy_checks,40.26588405783354,15.399470935410339,15.635366451842657,2813.1586961286157,1,0.9356494190000006
development,wall,wall_y20,astar,3,True,passed_translational_and_energy_checks,38.40930106817051,22.369569374591187,22.499704750031555,4023.369220233923,2,0.23906914999999174
development,wall,wall_y20,rrt_star,3,True,passed_translational_and_energy_checks,38.32089540953538,20.829703233374904,21.14825981436289,3782.6466677104604,3,0.23117894799999306
development,wall,wall_y20,distance_ga,3,True,passed_translational_and_energy_checks,38.40930106817051,22.369569374591187,22.499704750031555,4023.369220233923,2,1.1268487669999843
development,wall,wall_y20,proxy_ga,3,True,passed_translational_and_energy_checks,38.98683333478283,22.10233455567722,22.254094064706063,3979.747990691102,2,1.2061784539999962
development,wall,wall_y20,time_ga,3,True,passed_translational_and_energy_checks,39.26316768429531,22.0588943107744,22.220323844732352,3974.397016189558,2,1.1791037239999866
development,wall,wall_y20,energy_ga,3,True,passed_translational_and_energy_checks,38.98683333478283,22.10233455567722,22.254094064706063,3979.747990691102,2,1.2033224269999891
development,wall,wall_y20,astar,4,True,passed_translational_and_energy_checks,38.40930106817051,22.369569374591187,22.499704750031555,4023.369220233923,2,0.23906914999999174
development,wall,wall_y20,rrt_star,4,True,passed_translational_and_energy_checks,39.394215045459084,18.63406552985301,18.91892050300301,3388.8072540232138,2,0.22671608599999615
development,wall,wall_y20,distance_ga,4,True,passed_translational_and_energy_checks,38.40930106817051,22.369569374591187,22.499704750031555,4023.369220233923,2,1.0557381159999863
development,wall,wall_y20,proxy_ga,4,True,passed_translational_and_energy_checks,42.014827565378695,15.913115940387181,16.131970943978068,2903.612599704292,1,0.9950547499999942
development,wall,wall_y20,time_ga,4,True,passed_translational_and_energy_checks,42.014827565378695,15.913115940387181,16.131970943978068,2903.612599704292,1,0.9963288899999867
development,wall,wall_y20,energy_ga,4,True,passed_translational_and_energy_checks,42.014827565378695,15.913115940387181,16.131970943978068,2903.612599704292,1,0.9961249609999925
development,wall,wall_y24,astar,0,True,passed_translational_and_energy_checks,34.17601498127012,14.187365939946432,14.405129731170263,2586.429570063592,1,0.11992786700000124
development,wall,wall_y24,rrt_star,0,True,passed_translational_and_energy_checks,35.82063348578217,17.523231365585637,17.788341783761524,3185.774019066628,2,0.22072044499999777
development,wall,wall_y24,distance_ga,0,True,passed_translational_and_energy_checks,34.17601498127012,14.187365939946432,14.405129731170263,2586.429570063592,1,0.8556517070000069
development,wall,wall_y24,proxy_ga,0,True,passed_translational_and_energy_checks,34.17601498127012,14.187365939946432,14.405129731170263,2586.429570063592,1,0.8573132110000046
development,wall,wall_y24,time_ga,0,True,passed_translational_and_energy_checks,34.17601498127012,14.187365939946432,14.405129731170263,2586.429570063592,1,0.8599024680000014
development,wall,wall_y24,energy_ga,0,True,passed_translational_and_energy_checks,34.17601498127012,14.187365939946432,14.405129731170263,2586.429570063592,1,0.8479802260000042
development,wall,wall_y24,astar,1,True,passed_translational_and_energy_checks,34.17601498127012,14.187365939946432,14.405129731170263,2586.429570063592,1,0.11992786700000124
development,wall,wall_y24,rrt_star,1,True,passed_translational_and_energy_checks,34.31319023584097,14.213266614145045,14.430877173439157,2591.206299042106,1,0.2305598780000082
development,wall,wall_y24,distance_ga,1,True,passed_translational_and_energy_checks,34.17601498127012,14.187365939946432,14.405129731170263,2586.429570063592,1,0.8689304020000037
development,wall,wall_y24,proxy_ga,1,True,passed_translational_and_energy_checks,34.17601498127012,14.187365939946432,14.405129731170263,2586.429570063592,1,0.8619089190000011
development,wall,wall_y24,time_ga,1,True,passed_translational_and_energy_checks,34.17601498127012,14.187365939946432,14.405129731170263,2586.429570063592,1,0.8601984399999907
development,wall,wall_y24,energy_ga,1,True,passed_translational_and_energy_checks,34.17601498127012,14.187365939946432,14.405129731170263,2586.429570063592,1,0.8708420860000103
development,wall,wall_y24,astar,2,True,passed_translational_and_energy_checks,34.17601498127012,14.187365939946432,14.405129731170263,2586.429570063592,1,0.11992786700000124
development,wall,wall_y24,rrt_star,2,True,passed_translational_and_energy_checks,34.9751272109946,17.52730258418806,17.796209913247345,3185.267328362869,2,0.22708136899998976
development,wall,wall_y24,distance_ga,2,True,passed_translational_and_energy_checks,34.17601498127012,14.187365939946432,14.405129731170263,2586.429570063592,1,0.8477424399999904
development,wall,wall_y24,proxy_ga,2,True,passed_translational_and_energy_checks,34.17601498127012,14.187365939946432,14.405129731170263,2586.429570063592,1,0.8975990389999993
development,wall,wall_y24,time_ga,2,True,passed_translational_and_energy_checks,34.17601498127012,14.187365939946432,14.405129731170263,2586.429570063592,1,0.8418964539999934
development,wall,wall_y24,energy_ga,2,True,passed_translational_and_energy_checks,34.17601498127012,14.187365939946432,14.405129731170263,2586.429570063592,1,0.8256037619999859
development,wall,wall_y24,astar,3,True,passed_translational_and_energy_checks,34.17601498127012,14.187365939946432,14.405129731170263,2586.429570063592,1,0.11992786700000124
development,wall,wall_y24,rrt_star,3,True,passed_translational_and_energy_checks,34.39667511810663,14.231743569460356,14.449597144994337,2594.624472772588,1,0.2279868700000236
development,wall,wall_y24,distance_ga,3,True,passed_translational_and_energy_checks,34.17601498127012,14.187365939946432,14.405129731170263,2586.429570063592,1,0.8354850329999977
development,wall,wall_y24,proxy_ga,3,True,passed_translational_and_energy_checks,34.17601498127012,14.187365939946432,14.405129731170263,2586.429570063592,1,0.833703885999995
development,wall,wall_y24,time_ga,3,True,passed_translational_and_energy_checks,34.17601498127012,14.187365939946432,14.405129731170263,2586.429570063592,1,0.8453714549999916
development,wall,wall_y24,energy_ga,3,True,passed_translational_and_energy_checks,34.17601498127012,14.187365939946432,14.405129731170263,2586.429570063592,1,0.8401882970000258
development,wall,wall_y24,astar,4,True,passed_translational_and_energy_checks,34.17601498127012,14.187365939946432,14.405129731170263,2586.429570063592,1,0.11992786700000124
development,wall,wall_y24,rrt_star,4,True,passed_translational_and_energy_checks,35.000345264585235,17.56583045509273,17.83335384064628,3191.710858841599,2,0.2222983700000043
development,wall,wall_y24,distance_ga,4,True,passed_translational_and_energy_checks,34.17601498127012,14.187365939946432,14.405129731170263,2586.429570063592,1,0.8062476059999995
development,wall,wall_y24,proxy_ga,4,True,passed_translational_and_energy_checks,34.17601498127012,14.187365939946432,14.405129731170263,2586.429570063592,1,0.8096064820000208
development,wall,wall_y24,time_ga,4,True,passed_translational_and_energy_checks,34.17601498127012,14.187365939946432,14.405129731170263,2586.429570063592,1,0.8017906840000251
development,wall,wall_y24,energy_ga,4,True,passed_translational_and_energy_checks,34.17601498127012,14.187365939946432,14.405129731170263,2586.429570063592,1,0.8024598869999977
development,culdesac,culdesac_y16,astar,0,True,passed_translational_and_energy_checks,36.86129401644173,26.157069374591188,26.246556037757962,4688.010429400724,2,0.14859213600001908
development,culdesac,culdesac_y16,rrt_star,0,True,passed_translational_and_energy_checks,39.55842349126026,26.77117625259097,26.87571191126207,4801.473593853086,2,0.24808590399999275
development,culdesac,culdesac_y16,distance_ga,0,True,passed_translational_and_energy_checks,36.66231419318578,25.67326710428501,25.772634167856765,4603.458014903868,2,0.9666895080000302
development,culdesac,culdesac_y16,proxy_ga,0,True,passed_translational_and_energy_checks,36.66231419318578,25.67326710428501,25.772634167856765,4603.458014903868,2,0.9453646520000234
development,culdesac,culdesac_y16,time_ga,0,True,passed_translational_and_energy_checks,36.66231419318578,25.67326710428501,25.772634167856765,4603.458014903868,2,0.9573271850000253
development,culdesac,culdesac_y16,energy_ga,0,True,passed_translational_and_energy_checks,36.66231419318578,25.67326710428501,25.772634167856765,4603.458014903868,2,0.9541101770000182
development,culdesac,culdesac_y16,astar,1,True,passed_translational_and_energy_checks,36.86129401644173,26.157069374591188,26.246556037757962,4688.010429400724,2,0.14859213600001908
development,culdesac,culdesac_y16,rrt_star,1,True,passed_translational_and_energy_checks,36.864655880161095,25.135565153223226,25.234647938687484,4508.060415440631,2,0.2355849059999855
development,culdesac,culdesac_y16,distance_ga,1,True,passed_translational_and_energy_checks,36.86129401644173,26.157069374591188,26.246556037757962,4688.010429400724,2,0.9771867190000307
development,culdesac,culdesac_y16,proxy_ga,1,True,passed_translational_and_energy_checks,36.78221832069405,25.62795246939472,25.73569191891964,4596.8216619406485,2,1.047298125000026
development,culdesac,culdesac_y16,time_ga,1,True,passed_translational_and_energy_checks,36.78221832069405,25.62795246939472,25.73569191891964,4596.8216619406485,2,1.0626892700000212
development,culdesac,culdesac_y16,energy_ga,1,True,passed_translational_and_energy_checks,36.78221832069405,25.62795246939472,25.73569191891964,4596.8216619406485,2,1.043967030000033
development,culdesac,culdesac_y16,astar,2,True,passed_translational_and_energy_checks,36.86129401644173,26.157069374591188,26.246556037757962,4688.010429400724,2,0.14859213600001908
development,culdesac,culdesac_y16,rrt_star,2,True,passed_translational_and_energy_checks,37.264587777046614,27.099982114579994,27.242262809100165,4864.790568470299,3,0.21552236900001276
development,culdesac,culdesac_y16,distance_ga,2,True,passed_translational_and_energy_checks,36.65256134484834,25.607109953241277,25.70531050054912,4591.516761841693,2,1.1294798160000141
development,culdesac,culdesac_y16,proxy_ga,2,True,passed_translational_and_energy_checks,36.65256134484834,25.607109953241277,25.70531050054912,4591.516761841693,2,1.1492944590000036
development,culdesac,culdesac_y16,time_ga,2,True,passed_translational_and_energy_checks,36.65256134484834,25.607109953241277,25.70531050054912,4591.516761841693,2,1.134391165000011
development,culdesac,culdesac_y16,energy_ga,2,True,passed_translational_and_energy_checks,36.65256134484834,25.607109953241277,25.70531050054912,4591.516761841693,2,1.1341773560000377
development,culdesac,culdesac_y16,astar,3,True,passed_translational_and_energy_checks,36.86129401644173,26.157069374591188,26.246556037757962,4688.010429400724,2,0.14859213600001908
development,culdesac,culdesac_y16,rrt_star,3,True,passed_translational_and_energy_checks,37.88889354800169,27.851024161971466,27.991798441663065,4998.563762274432,3,0.22673442600000726
development,culdesac,culdesac_y16,distance_ga,3,True,passed_translational_and_energy_checks,36.857198832162304,26.01318589338107,26.113303856076463,4664.038501208226,2,1.0273677970000108
development,culdesac,culdesac_y16,proxy_ga,3,True,passed_translational_and_energy_checks,39.958333218885166,25.812043717016472,25.943414039153883,4639.489170796455,2,1.0614538530000175
development,culdesac,culdesac_y16,time_ga,3,True,passed_translational_and_energy_checks,39.958333218885166,25.812043717016472,25.943414039153883,4639.489170796455,2,1.0570124480000231
development,culdesac,culdesac_y16,energy_ga,3,True,passed_translational_and_energy_checks,39.958333218885166,25.812043717016472,25.943414039153883,4639.489170796455,2,1.058131077000013
development,culdesac,culdesac_y16,astar,4,True,passed_translational_and_energy_checks,36.86129401644173,26.157069374591188,26.246556037757962,4688.010429400724,2,0.14859213600001908
development,culdesac,culdesac_y16,rrt_star,4,True,passed_translational_and_energy_checks,38.838120469063384,26.75201681987522,26.864572187519407,4799.04446573455,2,0.18848282100000802
development,culdesac,culdesac_y16,distance_ga,4,True,passed_translational_and_energy_checks,36.86129401644173,26.157069374591188,26.246556037757962,4688.010429400724,2,0.9861846260000107
development,culdesac,culdesac_y16,proxy_ga,4,True,passed_translational_and_energy_checks,36.766152677254965,25.566956908486027,25.674887312936907,4586.091836276573,2,1.0869730840000216
development,culdesac,culdesac_y16,time_ga,4,True,passed_translational_and_energy_checks,36.766152677254965,25.566956908486027,25.674887312936907,4586.091836276573,2,1.0878161710000143
development,culdesac,culdesac_y16,energy_ga,4,True,passed_translational_and_energy_checks,36.766152677254965,25.566956908486027,25.674887312936907,4586.091836276573,2,1.1009889240000064
development,culdesac,culdesac_y20,astar,0,True,passed_translational_and_energy_checks,36.86129401644173,26.157069374591188,26.246556037757962,4688.010429400724,2,0.16401949600000876
development,culdesac,culdesac_y20,rrt_star,0,True,passed_translational_and_energy_checks,38.323128531377165,26.99641698933409,27.09811988735581,4840.242978476255,2,0.24861087900001166
development,culdesac,culdesac_y20,distance_ga,0,True,passed_translational_and_energy_checks,36.66231419318578,25.67326710428501,25.772634167856765,4603.458014903868,2,0.995719586000007
development,culdesac,culdesac_y20,proxy_ga,0,True,passed_translational_and_energy_checks,36.66231419318578,25.67326710428501,25.772634167856765,4603.458014903868,2,0.9395422979999921
development,culdesac,culdesac_y20,time_ga,0,True,passed_translational_and_energy_checks,36.66231419318578,25.67326710428501,25.772634167856765,4603.458014903868,2,0.9457117570000264
development,culdesac,culdesac_y20,energy_ga,0,True,passed_translational_and_energy_checks,36.66231419318578,25.67326710428501,25.772634167856765,4603.458014903868,2,0.9476432460000126
development,culdesac,culdesac_y20,astar,1,True,passed_translational_and_energy_checks,36.86129401644173,26.157069374591188,26.246556037757962,4688.010429400724,2,0.16401949600000876
development,culdesac,culdesac_y20,rrt_star,1,True,passed_translational_and_energy_checks,37.299193367687316,25.770135552634635,25.86601674464944,4620.5536917429345,2,0.2341707440000107
development,culdesac,culdesac_y20,distance_ga,1,True,passed_translational_and_energy_checks,36.86129401644173,26.157069374591188,26.246556037757962,4688.010429400724,2,1.0288412540000138
development,culdesac,culdesac_y20,proxy_ga,1,True,passed_translational_and_energy_checks,36.86129401644173,26.157069374591188,26.246556037757962,4688.010429400724,2,1.01231267
development,culdesac,culdesac_y20,time_ga,1,True,passed_translational_and_energy_checks,36.86129401644173,26.157069374591188,26.246556037757962,4688.010429400724,2,0.9872524050000209
development,culdesac,culdesac_y20,energy_ga,1,True,passed_translational_and_energy_checks,36.86129401644173,26.157069374591188,26.246556037757962,4688.010429400724,2,0.9898390770000276
development,culdesac,culdesac_y20,astar,2,True,passed_translational_and_energy_checks,36.86129401644173,26.157069374591188,26.246556037757962,4688.010429400724,2,0.16401949600000876
development,culdesac,culdesac_y20,rrt_star,2,True,passed_translational_and_energy_checks,38.700668137230366,27.12223720555115,27.269334070329744,4870.363381553627,3,0.22102431900000852
development,culdesac,culdesac_y20,distance_ga,2,True,passed_translational_and_energy_checks,36.86129401644173,26.157069374591188,26.246556037757962,4688.010429400724,2,0.9972356940000111
development,culdesac,culdesac_y20,proxy_ga,2,True,passed_translational_and_energy_checks,36.86129401644173,26.157069374591188,26.246556037757962,4688.010429400724,2,1.003166737000015
development,culdesac,culdesac_y20,time_ga,2,True,passed_translational_and_energy_checks,36.86129401644173,26.157069374591188,26.246556037757962,4688.010429400724,2,1.0069988879999983
development,culdesac,culdesac_y20,energy_ga,2,True,passed_translational_and_energy_checks,36.86129401644173,26.157069374591188,26.246556037757962,4688.010429400724,2,1.0042642960000023
development,culdesac,culdesac_y20,astar,3,True,passed_translational_and_energy_checks,36.86129401644173,26.157069374591188,26.246556037757962,4688.010429400724,2,0.16401949600000876
development,culdesac,culdesac_y20,rrt_star,3,True,passed_translational_and_energy_checks,38.728743497169624,27.161226091042437,27.317161973263193,4878.83475858775,3,0.22661022500000172
development,culdesac,culdesac_y20,distance_ga,3,True,passed_translational_and_energy_checks,36.86129401644173,26.157069374591188,26.246556037757962,4688.010429400724,2,1.0338620180000078
development,culdesac,culdesac_y20,proxy_ga,3,True,passed_translational_and_energy_checks,39.958333218885166,25.812043717016472,25.943414039153883,4639.489170796455,2,1.0746911580000074
development,culdesac,culdesac_y20,time_ga,3,True,passed_translational_and_energy_checks,39.958333218885166,25.812043717016472,25.943414039153883,4639.489170796455,2,1.0794782229999953
development,culdesac,culdesac_y20,energy_ga,3,True,passed_translational_and_energy_checks,39.958333218885166,25.812043717016472,25.943414039153883,4639.489170796455,2,1.0737767140000187
development,culdesac,culdesac_y20,astar,4,True,passed_translational_and_energy_checks,36.86129401644173,26.157069374591188,26.246556037757962,4688.010429400724,2,0.16401949600000876
development,culdesac,culdesac_y20,rrt_star,4,True,passed_translational_and_energy_checks,38.587974872226326,26.75201681987522,26.862982905980953,4798.556956115589,2,0.20059139899998968
development,culdesac,culdesac_y20,distance_ga,4,True,passed_translational_and_energy_checks,36.86129401644173,26.157069374591188,26.246556037757962,4688.010429400724,2,1.0329785389999984
development,culdesac,culdesac_y20,proxy_ga,4,True,passed_translational_and_energy_checks,36.766152677254965,25.566956908486027,25.674887312936907,4586.091836276572,2,1.1355699910000112
development,culdesac,culdesac_y20,time_ga,4,True,passed_translational_and_energy_checks,36.766152677254965,25.566956908486027,25.674887312936907,4586.091836276572,2,1.1234335739999892
development,culdesac,culdesac_y20,energy_ga,4,True,passed_translational_and_energy_checks,36.766152677254965,25.566956908486027,25.674887312936907,4586.091836276572,2,1.1268583930000204
development,culdesac,culdesac_y24,astar,0,True,passed_translational_and_energy_checks,36.86129401644173,26.157069374591188,26.246556037757962,4688.010429400724,2,0.15107924899999148
development,culdesac,culdesac_y24,rrt_star,0,True,passed_translational_and_energy_checks,38.39617378367136,26.498944728811235,26.61730500300392,4755.095330233909,2,0.24661358499997732
development,culdesac,culdesac_y24,distance_ga,0,True,passed_translational_and_energy_checks,36.66231419318578,25.67326710428501,25.772634167856765,4603.458014903868,2,0.9951281839999808
development,culdesac,culdesac_y24,proxy_ga,0,True,passed_translational_and_energy_checks,36.66231419318578,25.67326710428501,25.772634167856765,4603.458014903868,2,0.9627557439999919
development,culdesac,culdesac_y24,time_ga,0,True,passed_translational_and_energy_checks,36.66231419318578,25.67326710428501,25.772634167856765,4603.458014903868,2,0.9467014020000022
development,culdesac,culdesac_y24,energy_ga,0,True,passed_translational_and_energy_checks,36.66231419318578,25.67326710428501,25.772634167856765,4603.458014903868,2,0.948643651999987
development,culdesac,culdesac_y24,astar,1,True,passed_translational_and_energy_checks,36.86129401644173,26.157069374591188,26.246556037757962,4688.010429400724,2,0.15107924899999148
development,culdesac,culdesac_y24,rrt_star,1,True,passed_translational_and_energy_checks,37.61733276279424,26.8111491570422,26.911070314206,4806.358941950693,2,0.263973051999983
development,culdesac,culdesac_y24,distance_ga,1,True,passed_translational_and_energy_checks,36.86129401644173,26.157069374591188,26.246556037757962,4688.010429400724,2,1.0059288209999977
development,culdesac,culdesac_y24,proxy_ga,1,True,passed_translational_and_energy_checks,36.86129401644173,26.157069374591188,26.246556037757962,4688.010429400724,2,0.993763088999998
development,culdesac,culdesac_y24,time_ga,1,True,passed_translational_and_energy_checks,36.86129401644173,26.157069374591188,26.246556037757962,4688.010429400724,2,0.9884449729999858
development,culdesac,culdesac_y24,energy_ga,1,True,passed_translational_and_energy_checks,36.86129401644173,26.157069374591188,26.246556037757962,4688.010429400724,2,0.9856747519999942
development,culdesac,culdesac_y24,astar,2,True,passed_translational_and_energy_checks,36.86129401644173,26.157069374591188,26.246556037757962,4688.010429400724,2,0.15107924899999148
development,culdesac,culdesac_y24,rrt_star,2,True,passed_translational_and_energy_checks,38.87040678261038,26.45410287583055,26.56657293734304,4746.242479284289,2,0.23261711499998228
development,culdesac,culdesac_y24,distance_ga,2,True,passed_translational_and_energy_checks,36.86129401644173,26.157069374591188,26.246556037757962,4688.010429400724,2,0.9688366669999766
development,culdesac,culdesac_y24,proxy_ga,2,True,passed_translational_and_energy_checks,36.945052975461124,26.0864607126054,26.181142895916874,4676.3484484531,2,0.9787667859999942
development,culdesac,culdesac_y24,time_ga,2,True,passed_translational_and_energy_checks,38.08478936499854,26.155084796094172,26.259841699935052,4690.890822842362,2,0.9968525619999866
development,culdesac,culdesac_y24,energy_ga,2,True,passed_translational_and_energy_checks,36.945052975461124,26.0864607126054,26.181142895916874,4676.3484484531,2,0.9719430739999666
development,culdesac,culdesac_y24,astar,3,True,passed_translational_and_energy_checks,36.86129401644173,26.157069374591188,26.246556037757962,4688.010429400724,2,0.15107924899999148
development,culdesac,culdesac_y24,rrt_star,3,True,passed_translational_and_energy_checks,37.40388214069678,26.90435935047125,27.061786886699757,4832.658299415098,3,0.22627996500000336
development,culdesac,culdesac_y24,distance_ga,3,True,passed_translational_and_energy_checks,36.86129401644173,26.157069374591188,26.246556037757962,4688.010429400724,2,0.9862246980000009
development,culdesac,culdesac_y24,proxy_ga,3,True,passed_translational_and_energy_checks,39.958333218885166,25.812043717016472,25.943414039153883,4639.489170796455,2,1.0533017630000074
development,culdesac,culdesac_y24,time_ga,3,True,passed_translational_and_energy_checks,39.958333218885166,25.812043717016472,25.943414039153883,4639.489170796455,2,1.080317664000006
development,culdesac,culdesac_y24,energy_ga,3,True,passed_translational_and_energy_checks,39.958333218885166,25.812043717016472,25.943414039153883,4639.489170796455,2,1.0787421219999942
development,culdesac,culdesac_y24,astar,4,True,passed_translational_and_energy_checks,36.86129401644173,26.157069374591188,26.246556037757962,4688.010429400724,2,0.15107924899999148
development,culdesac,culdesac_y24,rrt_star,4,True,passed_translational_and_energy_checks,40.430837115720564,26.75201681987522,26.86913231282495,4800.666873959526,2,0.20954809200000568
development,culdesac,culdesac_y24,distance_ga,4,True,passed_translational_and_energy_checks,36.86129401644173,26.157069374591188,26.246556037757962,4688.010429400724,2,1.014117916999993
development,culdesac,culdesac_y24,proxy_ga,4,True,passed_translational_and_energy_checks,36.766152677254965,25.566956908486027,25.674887312936907,4586.091836276572,2,1.0939362279999898
development,culdesac,culdesac_y24,time_ga,4,True,passed_translational_and_energy_checks,36.766152677254965,25.566956908486027,25.674887312936907,4586.091836276572,2,1.0845140940000135
development,culdesac,culdesac_y24,energy_ga,4,True,passed_translational_and_energy_checks,36.766152677254965,25.566956908486027,25.674887312936907,4586.091836276572,2,1.0946885580000014
development,urban_a,urban_a_r0,astar,0,True,passed_translational_and_energy_checks,239.59180243147256,92.87453623447321,93.68286399183826,16857.81669319141,8,3.7227335900000185
development,urban_a,urban_a_r0,rrt_star,0,True,passed_translational_and_energy_checks,258.5767675218625,101.90745692480417,102.24404257433223,18398.325312723166,5,0.2743829610000148
development,urban_a,urban_a_r0,distance_ga,0,True,passed_translational_and_energy_checks,236.64677438411127,92.27477016171436,93.07427155596977,16746.721250125993,8,6.253116623000011
development,urban_a,urban_a_r0,proxy_ga,0,True,passed_translational_and_energy_checks,238.76128160314946,91.16917238224619,91.85790568351936,16536.53062184045,7,6.077324255000036
development,urban_a,urban_a_r0,time_ga,0,True,passed_translational_and_energy_checks,240.0646927178674,92.52941633745604,93.36118938965448,16801.562665432626,8,6.119576359000035
development,urban_a,urban_a_r0,energy_ga,0,True,passed_translational_and_energy_checks,238.76128160314946,91.16917238224619,91.85790568351936,16536.53062184045,7,6.06907886800002
development,urban_a,urban_a_r0,astar,1,True,passed_translational_and_energy_checks,239.59180243147256,92.87453623447321,93.68286399183826,16857.81669319141,8,3.7227335900000185
development,urban_a,urban_a_r0,rrt_star,1,True,passed_translational_and_energy_checks,272.61791875579075,103.36426600117922,103.88659496763431,18708.545689511102,6,0.2186068720000094
development,urban_a,urban_a_r0,distance_ga,1,True,passed_translational_and_energy_checks,238.6919394858559,92.6132378479106,93.4237018932841,16810.717285359413,8,5.935742685000008
development,urban_a,urban_a_r0,proxy_ga,1,True,passed_translational_and_energy_checks,238.6919394858559,92.6132378479106,93.4237018932841,16810.717285359413,8,5.910193062000019
development,urban_a,urban_a_r0,time_ga,1,True,passed_translational_and_energy_checks,238.6919394858559,92.6132378479106,93.4237018932841,16810.717285359413,8,5.93601587500001
development,urban_a,urban_a_r0,energy_ga,1,True,passed_translational_and_energy_checks,238.6919394858559,92.6132378479106,93.4237018932841,16810.717285359413,8,5.9908179050000285
development,urban_a,urban_a_r0,astar,2,True,passed_translational_and_energy_checks,239.59180243147256,92.87453623447321,93.68286399183826,16857.81669319141,8,3.7227335900000185
development,urban_a,urban_a_r0,rrt_star,2,True,passed_translational_and_energy_checks,266.1702325053593,102.93283728135984,103.40064282462524,18612.442355816827,6,0.26482452799999123
development,urban_a,urban_a_r0,distance_ga,2,True,passed_translational_and_energy_checks,236.5389264645099,91.31610830862705,92.14811843911326,16582.898752284716,8,5.836751137000022
development,urban_a,urban_a_r0,proxy_ga,2,True,passed_translational_and_energy_checks,237.73342155087033,91.91620089237382,92.73786010957384,16688.54582741218,8,5.95490463400003
development,urban_a,urban_a_r0,time_ga,2,True,passed_translational_and_energy_checks,237.73342155087033,91.91620089237382,92.73786010957384,16688.54582741218,8,6.002273618000004
development,urban_a,urban_a_r0,energy_ga,2,True,passed_translational_and_energy_checks,237.73342155087033,91.91620089237382,92.73786010957384,16688.54582741218,8,5.977581900000018
development,urban_a,urban_a_r0,astar,3,True,passed_translational_and_energy_checks,239.59180243147256,92.87453623447321,93.68286399183826,16857.81669319141,8,3.7227335900000185
development,urban_a,urban_a_r0,rrt_star,3,True,passed_translational_and_energy_checks,254.430170846416,98.97964505031814,99.52028353992257,17910.981212047565,6,0.27797453499999847
development,urban_a,urban_a_r0,distance_ga,3,True,passed_translational_and_energy_checks,238.6007174809456,92.20114019717576,93.02446364973167,16740.079689488535,8,6.124548314000037
development,urban_a,urban_a_r0,proxy_ga,3,True,passed_translational_and_energy_checks,239.2945498852461,91.82068512440891,92.52174827390215,16653.70207440716,7,6.081274415000024
development,urban_a,urban_a_r0,time_ga,3,True,passed_translational_and_energy_checks,238.88574309878942,91.98756939303414,92.82487568094867,16705.366770061548,8,6.05005094400002
development,urban_a,urban_a_r0,energy_ga,3,True,passed_translational_and_energy_checks,239.2945498852461,91.82068512440891,92.52174827390215,16653.70207440716,7,6.083225047000013
development,urban_a,urban_a_r0,astar,4,True,passed_translational_and_energy_checks,239.59180243147256,92.87453623447321,93.68286399183826,16857.81669319141,8,3.7227335900000185
development,urban_a,urban_a_r0,rrt_star,4,True,passed_translational_and_energy_checks,263.26236547497183,99.71062092364558,99.94775548501367,18002.9044348645,4,0.265591502999996
development,urban_a,urban_a_r0,distance_ga,4,True,passed_translational_and_energy_checks,238.0105631855603,92.10852097184397,92.93920617273655,16723.74358195342,8,5.852536344000015
development,urban_a,urban_a_r0,proxy_ga,4,True,passed_translational_and_energy_checks,238.09599078490476,91.94439338221969,92.78040227927218,16696.06138191674,8,5.7789175110000315
development,urban_a,urban_a_r0,time_ga,4,True,passed_translational_and_energy_checks,238.09599078490476,91.94439338221969,92.78040227927218,16696.06138191674,8,5.814826417000006
development,urban_a,urban_a_r0,energy_ga,4,True,passed_translational_and_energy_checks,238.09599078490476,91.94439338221969,92.78040227927218,16696.06138191674,8,5.857452037000002
development,urban_a,urban_a_r1,astar,0,True,passed_translational_and_energy_checks,152.0,57.57,57.58617614679678,10374.023343494713,0,0.0630865379999932
development,urban_a,urban_a_r1,rrt_star,0,True,passed_translational_and_energy_checks,152.0,57.57,57.58617614679678,10374.023343494713,0,0.2506717659999822
development,urban_a,urban_a_r1,distance_ga,0,True,passed_translational_and_energy_checks,152.0,57.57,57.58617614679678,10374.023343494713,0,0.49118774199999393
development,urban_a,urban_a_r1,proxy_ga,0,True,passed_translational_and_energy_checks,152.0,57.57,57.58617614679678,10374.023343494713,0,0.4884077480000144
development,urban_a,urban_a_r1,time_ga,0,True,passed_translational_and_energy_checks,152.0,57.57,57.58617614679678,10374.023343494713,0,0.48324285699999336
development,urban_a,urban_a_r1,energy_ga,0,True,passed_translational_and_energy_checks,152.0,57.57,57.58617614679678,10374.023343494713,0,0.48432265899998583
development,urban_a,urban_a_r1,astar,1,True,passed_translational_and_energy_checks,152.0,57.57,57.58617614679678,10374.023343494713,0,0.0630865379999932
development,urban_a,urban_a_r1,rrt_star,1,True,passed_translational_and_energy_checks,152.0,57.57,57.58617614679678,10374.023343494713,0,0.28336711299999706
development,urban_a,urban_a_r1,distance_ga,1,True,passed_translational_and_energy_checks,152.0,57.57,57.58617614679678,10374.023343494713,0,0.5958157679999658
development,urban_a,urban_a_r1,proxy_ga,1,True,passed_translational_and_energy_checks,152.0,57.57,57.58617614679678,10374.023343494713,0,0.5948393959999976
development,urban_a,urban_a_r1,time_ga,1,True,passed_translational_and_energy_checks,152.0,57.57,57.58617614679678,10374.023343494713,0,0.6008196299999895
development,urban_a,urban_a_r1,energy_ga,1,True,passed_translational_and_energy_checks,152.0,57.57,57.58617614679678,10374.023343494713,0,0.5949824140000146
development,urban_a,urban_a_r1,astar,2,True,passed_translational_and_energy_checks,152.0,57.57,57.58617614679678,10374.023343494713,0,0.0630865379999932
development,urban_a,urban_a_r1,rrt_star,2,True,passed_translational_and_energy_checks,152.0,57.57,57.58617614679678,10374.023343494713,0,0.3207383390000018
development,urban_a,urban_a_r1,distance_ga,2,True,passed_translational_and_energy_checks,152.0,57.57,57.58617614679678,10374.023343494713,0,0.4070394749999764
development,urban_a,urban_a_r1,proxy_ga,2,True,passed_translational_and_energy_checks,152.0,57.57,57.58617614679678,10374.023343494713,0,0.40897389399998474
development,urban_a,urban_a_r1,time_ga,2,True,passed_translational_and_energy_checks,152.0,57.57,57.58617614679678,10374.023343494713,0,0.40345999599998095
development,urban_a,urban_a_r1,energy_ga,2,True,passed_translational_and_energy_checks,152.0,57.57,57.58617614679678,10374.023343494713,0,0.39948315599997386
development,urban_a,urban_a_r1,astar,3,True,passed_translational_and_energy_checks,152.0,57.57,57.58617614679678,10374.023343494713,0,0.0630865379999932
development,urban_a,urban_a_r1,rrt_star,3,True,passed_translational_and_energy_checks,152.0,57.57,57.58617614679678,10374.023343494713,0,0.271251900999971
development,urban_a,urban_a_r1,distance_ga,3,True,passed_translational_and_energy_checks,152.0,57.57,57.58617614679678,10374.023343494713,0,0.40243425500000285
development,urban_a,urban_a_r1,proxy_ga,3,True,passed_translational_and_energy_checks,152.0,57.57,57.58617614679678,10374.023343494713,0,0.40002827999995816
development,urban_a,urban_a_r1,time_ga,3,True,passed_translational_and_energy_checks,152.0,57.57,57.58617614679678,10374.023343494713,0,0.3997916040000291
development,urban_a,urban_a_r1,energy_ga,3,True,passed_translational_and_energy_checks,152.0,57.57,57.58617614679678,10374.023343494713,0,0.4059320449999859
development,urban_a,urban_a_r1,astar,4,True,passed_translational_and_energy_checks,152.0,57.57,57.58617614679678,10374.023343494713,0,0.0630865379999932
development,urban_a,urban_a_r1,rrt_star,4,True,passed_translational_and_energy_checks,152.0,57.57,57.58617614679678,10374.023343494713,0,0.300803932000008
development,urban_a,urban_a_r1,distance_ga,4,True,passed_translational_and_energy_checks,152.0,57.57,57.58617614679678,10374.023343494713,0,0.6324659499999825
development,urban_a,urban_a_r1,proxy_ga,4,True,passed_translational_and_energy_checks,152.0,57.57,57.58617614679678,10374.023343494713,0,0.6217475269999682
development,urban_a,urban_a_r1,time_ga,4,True,passed_translational_and_energy_checks,152.0,57.57,57.58617614679678,10374.023343494713,0,0.6197441510000203
development,urban_a,urban_a_r1,energy_ga,4,True,passed_translational_and_energy_checks,152.0,57.57,57.58617614679678,10374.023343494713,0,0.6133985250000364
development,urban_a,urban_a_r2,astar,0,True,passed_translational_and_energy_checks,152.0,57.57,57.58617614679678,10374.023343494713,0,0.06378441799995471
development,urban_a,urban_a_r2,rrt_star,0,True,passed_translational_and_energy_checks,152.0,57.57,57.58617614679678,10374.023343494713,0,0.2766716020000217
development,urban_a,urban_a_r2,distance_ga,0,True,passed_translational_and_energy_checks,152.0,57.57,57.58617614679678,10374.023343494713,0,0.49732583299993394
development,urban_a,urban_a_r2,proxy_ga,0,True,passed_translational_and_energy_checks,152.0,57.57,57.58617614679678,10374.023343494713,0,0.5066737059999582
development,urban_a,urban_a_r2,time_ga,0,True,passed_translational_and_energy_checks,152.0,57.57,57.58617614679678,10374.023343494713,0,0.4897807119999129
development,urban_a,urban_a_r2,energy_ga,0,True,passed_translational_and_energy_checks,152.0,57.57,57.58617614679678,10374.023343494713,0,0.48545808799997303
development,urban_a,urban_a_r2,astar,1,True,passed_translational_and_energy_checks,152.0,57.57,57.58617614679678,10374.023343494713,0,0.06378441799995471
development,urban_a,urban_a_r2,rrt_star,1,True,passed_translational_and_energy_checks,152.0,57.57,57.58617614679678,10374.023343494713,0,0.26484806100000924
development,urban_a,urban_a_r2,distance_ga,1,True,passed_translational_and_energy_checks,152.0,57.57,57.58617614679678,10374.023343494713,0,0.6048511230000031
development,urban_a,urban_a_r2,proxy_ga,1,True,passed_translational_and_energy_checks,152.0,57.57,57.58617614679678,10374.023343494713,0,0.6034105889999637
development,urban_a,urban_a_r2,time_ga,1,True,passed_translational_and_energy_checks,152.0,57.57,57.58617614679678,10374.023343494713,0,0.6054911669999683
development,urban_a,urban_a_r2,energy_ga,1,True,passed_translational_and_energy_checks,152.0,57.57,57.58617614679678,10374.023343494713,0,0.6041432049999571
development,urban_a,urban_a_r2,astar,2,True,passed_translational_and_energy_checks,152.0,57.57,57.58617614679678,10374.023343494713,0,0.06378441799995471
development,urban_a,urban_a_r2,rrt_star,2,True,passed_translational_and_energy_checks,152.0,57.57,57.58617614679678,10374.023343494713,0,0.3121423769999865
development,urban_a,urban_a_r2,distance_ga,2,True,passed_translational_and_energy_checks,152.0,57.57,57.58617614679678,10374.023343494713,0,0.4133428389999949
development,urban_a,urban_a_r2,proxy_ga,2,True,passed_translational_and_energy_checks,152.0,57.57,57.58617614679678,10374.023343494713,0,0.41073852499994246
development,urban_a,urban_a_r2,time_ga,2,True,passed_translational_and_energy_checks,152.0,57.57,57.58617614679678,10374.023343494713,0,0.4101797379999539
development,urban_a,urban_a_r2,energy_ga,2,True,passed_translational_and_energy_checks,152.0,57.57,57.58617614679678,10374.023343494713,0,0.407006014999979
development,urban_a,urban_a_r2,astar,3,True,passed_translational_and_energy_checks,152.0,57.57,57.58617614679678,10374.023343494713,0,0.06378441799995471
development,urban_a,urban_a_r2,rrt_star,3,True,passed_translational_and_energy_checks,152.0,57.57,57.58617614679678,10374.023343494713,0,0.2816186360000188
development,urban_a,urban_a_r2,distance_ga,3,True,passed_translational_and_energy_checks,152.0,57.57,57.58617614679678,10374.023343494713,0,0.3952332179999303
development,urban_a,urban_a_r2,proxy_ga,3,True,passed_translational_and_energy_checks,152.0,57.57,57.58617614679678,10374.023343494713,0,0.39573914499993634
development,urban_a,urban_a_r2,time_ga,3,True,passed_translational_and_energy_checks,152.0,57.57,57.58617614679678,10374.023343494713,0,0.4031293569999548
development,urban_a,urban_a_r2,energy_ga,3,True,passed_translational_and_energy_checks,152.0,57.57,57.58617614679678,10374.023343494713,0,0.39370723699994414
development,urban_a,urban_a_r2,astar,4,True,passed_translational_and_energy_checks,152.0,57.57,57.58617614679678,10374.023343494713,0,0.06378441799995471
development,urban_a,urban_a_r2,rrt_star,4,True,passed_translational_and_energy_checks,152.0,57.57,57.58617614679678,10374.023343494713,0,0.30983805400001074
development,urban_a,urban_a_r2,distance_ga,4,True,passed_translational_and_energy_checks,152.0,57.57,57.58617614679678,10374.023343494713,0,0.6132718939999791
development,urban_a,urban_a_r2,proxy_ga,4,True,passed_translational_and_energy_checks,152.0,57.57,57.58617614679678,10374.023343494713,0,0.607491290999917
development,urban_a,urban_a_r2,time_ga,4,True,passed_translational_and_energy_checks,152.0,57.57,57.58617614679678,10374.023343494713,0,0.6143934409999474
development,urban_a,urban_a_r2,energy_ga,4,True,passed_translational_and_energy_checks,152.0,57.57,57.58617614679678,10374.023343494713,0,0.6196669489999067
development,urban_b,urban_b_r0,astar,0,True,passed_translational_and_energy_checks,239.6912317033034,93.38217749414407,94.18479165381507,16946.146760166946,8,3.29351279399998
development,urban_b,urban_b_r0,rrt_star,0,True,passed_translational_and_energy_checks,256.4813935165903,101.56984345368892,101.94963053373415,18344.60852929672,5,0.19520966599998246
development,urban_b,urban_b_r0,distance_ga,0,True,passed_translational_and_energy_checks,238.8947264512283,93.43842486655923,94.22611304663107,16952.643790166203,8,5.598132913000029
development,urban_b,urban_b_r0,proxy_ga,0,True,passed_translational_and_energy_checks,240.4755083131953,91.9202948839069,92.78202889126182,16700.605759640133,8,5.686462691999964
development,urban_b,urban_b_r0,time_ga,0,True,passed_translational_and_energy_checks,240.4755083131953,91.9202948839069,92.78202889126182,16700.605759640133,8,5.705187292000005
development,urban_b,urban_b_r0,energy_ga,0,True,passed_translational_and_energy_checks,240.4755083131953,91.9202948839069,92.78202889126182,16700.605759640133,8,5.7182641339999805
development,urban_b,urban_b_r0,astar,1,True,passed_translational_and_energy_checks,239.6912317033034,93.38217749414407,94.18479165381507,16946.146760166946,8,3.29351279399998
development,urban_b,urban_b_r0,rrt_star,1,True,passed_translational_and_energy_checks,267.53379119741976,101.40490126175425,102.04141025501312,18374.962317658094,7,0.18016607200002
development,urban_b,urban_b_r0,distance_ga,1,True,passed_translational_and_energy_checks,238.34233498021413,92.53370818061596,93.35021778023629,16797.11629062236,8,5.629081443999951
development,urban_b,urban_b_r0,proxy_ga,1,True,passed_translational_and_energy_checks,238.34233498021413,92.53370818061596,93.35021778023629,16797.11629062236,8,5.641782918999979
development,urban_b,urban_b_r0,time_ga,1,True,passed_translational_and_energy_checks,238.34233498021413,92.53370818061596,93.35021778023629,16797.11629062236,8,5.631545792999987
development,urban_b,urban_b_r0,energy_ga,1,True,passed_translational_and_energy_checks,238.34233498021413,92.53370818061596,93.35021778023629,16797.11629062236,8,5.656937435999964
development,urban_b,urban_b_r0,astar,2,True,passed_translational_and_energy_checks,239.6912317033034,93.38217749414407,94.18479165381507,16946.146760166946,8,3.29351279399998
development,urban_b,urban_b_r0,rrt_star,2,True,passed_translational_and_energy_checks,263.55146260874034,100.10388824859234,100.59140567650023,18114.441376630413,6,0.22998802400002205
development,urban_b,urban_b_r0,distance_ga,2,True,passed_translational_and_energy_checks,238.19872459110337,92.12588709526017,92.95759137683902,16727.402164041996,8,5.3599210499999685
development,urban_b,urban_b_r0,proxy_ga,2,True,passed_translational_and_energy_checks,240.97207935817738,92.06327664434993,92.73960422648672,16695.378258410223,7,5.352396713000019
development,urban_b,urban_b_r0,time_ga,2,True,passed_translational_and_energy_checks,240.97207935817738,92.06327664434993,92.73960422648672,16695.378258410223,7,5.3718626699999845
development,urban_b,urban_b_r0,energy_ga,2,True,passed_translational_and_energy_checks,240.97207935817738,92.06327664434993,92.73960422648672,16695.378258410223,7,5.373442297999986
development,urban_b,urban_b_r0,astar,3,True,passed_translational_and_energy_checks,239.6912317033034,93.38217749414407,94.18479165381507,16946.146760166946,8,3.29351279399998
development,urban_b,urban_b_r0,rrt_star,3,True,passed_translational_and_energy_checks,272.5876365049164,103.2425673262371,103.57263336649459,18654.834701323558,4,0.24114326999995228
development,urban_b,urban_b_r0,distance_ga,3,True,passed_translational_and_energy_checks,238.28929404145637,93.2486266143851,94.04165924051598,16919.086241757344,8,5.7630754389999765
development,urban_b,urban_b_r0,proxy_ga,3,True,passed_translational_and_energy_checks,239.23884892887725,92.750162075882,93.57428484278036,16837.92212775975,8,5.704755387999967
development,urban_b,urban_b_r0,time_ga,3,True,passed_translational_and_energy_checks,239.23884892887725,92.750162075882,93.57428484278036,16837.92212775975,8,5.761122803999967
development,urban_b,urban_b_r0,energy_ga,3,True,passed_translational_and_energy_checks,239.23884892887725,92.750162075882,93.57428484278036,16837.92212775975,8,5.684891151999977
development,urban_b,urban_b_r0,astar,4,True,passed_translational_and_energy_checks,239.6912317033034,93.38217749414407,94.18479165381507,16946.146760166946,8,3.29351279399998
development,urban_b,urban_b_r0,rrt_star,4,True,passed_translational_and_energy_checks,258.5586196036711,104.62081163865989,105.11416938090424,18902.333851873387,7,0.23500297200001796
development,urban_b,urban_b_r0,distance_ga,4,True,passed_translational_and_energy_checks,237.74253368594634,92.0724193959834,92.89932543633081,16716.902210059485,8,5.373335577999967
development,urban_b,urban_b_r0,proxy_ga,4,True,passed_translational_and_energy_checks,237.63380313693045,91.74220331050954,92.58920354095247,16661.525496014765,8,5.296316577000027
development,urban_b,urban_b_r0,time_ga,4,True,passed_translational_and_energy_checks,237.63380313693045,91.74220331050954,92.58920354095247,16661.525496014765,8,5.265040119999981
development,urban_b,urban_b_r0,energy_ga,4,True,passed_translational_and_energy_checks,237.63380313693045,91.74220331050954,92.58920354095247,16661.525496014765,8,5.260288001999982
development,urban_b,urban_b_r1,astar,0,True,passed_translational_and_energy_checks,152.0,57.57,57.58617614679678,10374.023343494713,0,0.06709297599996944
development,urban_b,urban_b_r1,rrt_star,0,True,passed_translational_and_energy_checks,152.0,57.57,57.58617614679678,10374.023343494713,0,0.3180661270000087
development,urban_b,urban_b_r1,distance_ga,0,True,passed_translational_and_energy_checks,152.0,57.57,57.58617614679678,10374.023343494713,0,0.4893602629999805
development,urban_b,urban_b_r1,proxy_ga,0,True,passed_translational_and_energy_checks,152.0,57.57,57.58617614679678,10374.023343494713,0,0.4893039799999883
development,urban_b,urban_b_r1,time_ga,0,True,passed_translational_and_energy_checks,152.0,57.57,57.58617614679678,10374.023343494713,0,0.48602814799994576
development,urban_b,urban_b_r1,energy_ga,0,True,passed_translational_and_energy_checks,152.0,57.57,57.58617614679678,10374.023343494713,0,0.48323813100000734
development,urban_b,urban_b_r1,astar,1,True,passed_translational_and_energy_checks,152.0,57.57,57.58617614679678,10374.023343494713,0,0.06709297599996944
development,urban_b,urban_b_r1,rrt_star,1,True,passed_translational_and_energy_checks,152.0,57.57,57.58617614679678,10374.023343494713,0,0.2675356279999619
development,urban_b,urban_b_r1,distance_ga,1,True,passed_translational_and_energy_checks,152.0,57.57,57.58617614679678,10374.023343494713,0,0.585929928999974
development,urban_b,urban_b_r1,proxy_ga,1,True,passed_translational_and_energy_checks,152.0,57.57,57.58617614679678,10374.023343494713,0,0.5950659389999942
development,urban_b,urban_b_r1,time_ga,1,True,passed_translational_and_energy_checks,152.0,57.57,57.58617614679678,10374.023343494713,0,0.5997799859999873
development,urban_b,urban_b_r1,energy_ga,1,True,passed_translational_and_energy_checks,152.0,57.57,57.58617614679678,10374.023343494713,0,0.595846688999984
development,urban_b,urban_b_r1,astar,2,True,passed_translational_and_energy_checks,152.0,57.57,57.58617614679678,10374.023343494713,0,0.06709297599996944
development,urban_b,urban_b_r1,rrt_star,2,True,passed_translational_and_energy_checks,152.0,57.57,57.58617614679678,10374.023343494713,0,0.2506999549999591
development,urban_b,urban_b_r1,distance_ga,2,True,passed_translational_and_energy_checks,152.0,57.57,57.58617614679678,10374.023343494713,0,0.40733382599995593
development,urban_b,urban_b_r1,proxy_ga,2,True,passed_translational_and_energy_checks,152.0,57.57,57.58617614679678,10374.023343494713,0,0.40716624199995977
development,urban_b,urban_b_r1,time_ga,2,True,passed_translational_and_energy_checks,152.0,57.57,57.58617614679678,10374.023343494713,0,0.4098655859999667
development,urban_b,urban_b_r1,energy_ga,2,True,passed_translational_and_energy_checks,152.0,57.57,57.58617614679678,10374.023343494713,0,0.4076943379999989
development,urban_b,urban_b_r1,astar,3,True,passed_translational_and_energy_checks,152.0,57.57,57.58617614679678,10374.023343494713,0,0.06709297599996944
development,urban_b,urban_b_r1,rrt_star,3,True,passed_translational_and_energy_checks,152.0,57.57,57.58617614679678,10374.023343494713,0,0.2806161539999721
development,urban_b,urban_b_r1,distance_ga,3,True,passed_translational_and_energy_checks,152.0,57.57,57.58617614679678,10374.023343494713,0,0.39692775099996425
development,urban_b,urban_b_r1,proxy_ga,3,True,passed_translational_and_energy_checks,152.0,57.57,57.58617614679678,10374.023343494713,0,0.3998344059999681
development,urban_b,urban_b_r1,time_ga,3,True,passed_translational_and_energy_checks,152.0,57.57,57.58617614679678,10374.023343494713,0,0.39732094999993706
development,urban_b,urban_b_r1,energy_ga,3,True,passed_translational_and_energy_checks,152.0,57.57,57.58617614679678,10374.023343494713,0,0.39864351599993597
development,urban_b,urban_b_r1,astar,4,True,passed_translational_and_energy_checks,152.0,57.57,57.58617614679678,10374.023343494713,0,0.06709297599996944
development,urban_b,urban_b_r1,rrt_star,4,True,passed_translational_and_energy_checks,152.0,57.57,57.58617614679678,10374.023343494713,0,0.254933780999977
development,urban_b,urban_b_r1,distance_ga,4,True,passed_translational_and_energy_checks,152.0,57.57,57.58617614679678,10374.023343494713,0,0.6277598149999903
development,urban_b,urban_b_r1,proxy_ga,4,True,passed_translational_and_energy_checks,152.0,57.57,57.58617614679678,10374.023343494713,0,0.6237106849999918
development,urban_b,urban_b_r1,time_ga,4,True,passed_translational_and_energy_checks,152.0,57.57,57.58617614679678,10374.023343494713,0,0.6203596969999694
development,urban_b,urban_b_r1,energy_ga,4,True,passed_translational_and_energy_checks,152.0,57.57,57.58617614679678,10374.023343494713,0,0.6206092189999595
development,urban_b,urban_b_r2,astar,0,True,passed_translational_and_energy_checks,152.0,57.57,57.58617614679678,10374.023343494713,0,0.062293804999967506
development,urban_b,urban_b_r2,rrt_star,0,True,passed_translational_and_energy_checks,152.0,57.57,57.58617614679678,10374.023343494713,0,0.26212929899998016
development,urban_b,urban_b_r2,distance_ga,0,True,passed_translational_and_energy_checks,152.0,57.57,57.58617614679678,10374.023343494713,0,0.478999951999981
development,urban_b,urban_b_r2,proxy_ga,0,True,passed_translational_and_energy_checks,152.0,57.57,57.58617614679678,10374.023343494713,0,0.4725890569999933
development,urban_b,urban_b_r2,time_ga,0,True,passed_translational_and_energy_checks,152.0,57.57,57.58617614679678,10374.023343494713,0,0.4789191839999489
development,urban_b,urban_b_r2,energy_ga,0,True,passed_translational_and_energy_checks,152.0,57.57,57.58617614679678,10374.023343494713,0,0.47928861299999426
development,urban_b,urban_b_r2,astar,1,True,passed_translational_and_energy_checks,152.0,57.57,57.58617614679678,10374.023343494713,0,0.062293804999967506
development,urban_b,urban_b_r2,rrt_star,1,True,passed_translational_and_energy_checks,152.0,57.57,57.58617614679678,10374.023343494713,0,0.1379094310000255
development,urban_b,urban_b_r2,distance_ga,1,True,passed_translational_and_energy_checks,152.0,57.57,57.58617614679678,10374.023343494713,0,0.5822645899999657
development,urban_b,urban_b_r2,proxy_ga,1,True,passed_translational_and_energy_checks,152.0,57.57,57.58617614679678,10374.023343494713,0,0.5861636390000058
development,urban_b,urban_b_r2,time_ga,1,True,passed_translational_and_energy_checks,152.0,57.57,57.58617614679678,10374.023343494713,0,0.5847850179999909
development,urban_b,urban_b_r2,energy_ga,1,True,passed_translational_and_energy_checks,152.0,57.57,57.58617614679678,10374.023343494713,0,0.5827927149999823
development,urban_b,urban_b_r2,astar,2,True,passed_translational_and_energy_checks,152.0,57.57,57.58617614679678,10374.023343494713,0,0.062293804999967506
development,urban_b,urban_b_r2,rrt_star,2,True,passed_translational_and_energy_checks,152.0,57.57,57.58617614679678,10374.023343494713,0,0.2587953080000034
development,urban_b,urban_b_r2,distance_ga,2,True,passed_translational_and_energy_checks,152.0,57.57,57.58617614679678,10374.023343494713,0,0.39186505099996793
development,urban_b,urban_b_r2,proxy_ga,2,True,passed_translational_and_energy_checks,152.0,57.57,57.58617614679678,10374.023343494713,0,0.3953577339999583
development,urban_b,urban_b_r2,time_ga,2,True,passed_translational_and_energy_checks,152.0,57.57,57.58617614679678,10374.023343494713,0,0.39457938599997533
development,urban_b,urban_b_r2,energy_ga,2,True,passed_translational_and_energy_checks,152.0,57.57,57.58617614679678,10374.023343494713,0,0.390207485000019
development,urban_b,urban_b_r2,astar,3,True,passed_translational_and_energy_checks,152.0,57.57,57.58617614679678,10374.023343494713,0,0.062293804999967506
development,urban_b,urban_b_r2,rrt_star,3,True,passed_translational_and_energy_checks,152.0,57.57,57.58617614679678,10374.023343494713,0,0.2828380699999684
development,urban_b,urban_b_r2,distance_ga,3,True,passed_translational_and_energy_checks,152.0,57.57,57.58617614679678,10374.023343494713,0,0.38466273299997056
development,urban_b,urban_b_r2,proxy_ga,3,True,passed_translational_and_energy_checks,152.0,57.57,57.58617614679678,10374.023343494713,0,0.3892249240000183
development,urban_b,urban_b_r2,time_ga,3,True,passed_translational_and_energy_checks,152.0,57.57,57.58617614679678,10374.023343494713,0,0.3911231109999562
development,urban_b,urban_b_r2,energy_ga,3,True,passed_translational_and_energy_checks,152.0,57.57,57.58617614679678,10374.023343494713,0,0.3940640490000078
development,urban_b,urban_b_r2,astar,4,True,passed_translational_and_energy_checks,152.0,57.57,57.58617614679678,10374.023343494713,0,0.062293804999967506
development,urban_b,urban_b_r2,rrt_star,4,True,passed_translational_and_energy_checks,152.0,57.57,57.58617614679678,10374.023343494713,0,0.274986470999977
development,urban_b,urban_b_r2,distance_ga,4,True,passed_translational_and_energy_checks,152.0,57.57,57.58617614679678,10374.023343494713,0,0.6105165319999628
development,urban_b,urban_b_r2,proxy_ga,4,True,passed_translational_and_energy_checks,152.0,57.57,57.58617614679678,10374.023343494713,0,0.6168763699999431
development,urban_b,urban_b_r2,time_ga,4,True,passed_translational_and_energy_checks,152.0,57.57,57.58617614679678,10374.023343494713,0,0.5986932309999702
development,urban_b,urban_b_r2,energy_ga,4,True,passed_translational_and_energy_checks,152.0,57.57,57.58617614679678,10374.023343494713,0,0.5971609659999899
development,urban_c,urban_c_r0,astar,0,True,passed_translational_and_energy_checks,233.936553932751,91.94271507597153,92.76475116573961,16686.42154383677,8,3.250147881000032
development,urban_c,urban_c_r0,rrt_star,0,True,passed_translational_and_energy_checks,243.51786017792074,93.48263300672289,94.14374085955492,16946.256063142184,7,0.2272548239999992
development,urban_c,urban_c_r0,distance_ga,0,True,passed_translational_and_energy_checks,233.81998561615308,91.70679220405654,92.53689946447324,16645.89086907668,8,5.769287056000053
development,urban_c,urban_c_r0,proxy_ga,0,True,passed_translational_and_energy_checks,234.70673036117216,90.99172017142337,91.85304409397799,16527.425038185575,8,5.901188288000014
development,urban_c,urban_c_r0,time_ga,0,True,passed_translational_and_energy_checks,234.70673036117216,90.99172017142337,91.85304409397799,16527.425038185575,8,5.761592252000071
development,urban_c,urban_c_r0,energy_ga,0,True,passed_translational_and_energy_checks,234.70673036117216,90.99172017142337,91.85304409397799,16527.425038185575,8,5.846193589999984
development,urban_c,urban_c_r0,astar,1,True,passed_translational_and_energy_checks,233.936553932751,91.94271507597153,92.76475116573961,16686.42154383677,8,3.250147881000032
development,urban_c,urban_c_r0,rrt_star,1,True,passed_translational_and_energy_checks,273.40163353022234,104.63674916655626,104.90569241935457,18890.803719401236,4,0.17283563200004437
development,urban_c,urban_c_r0,distance_ga,1,True,passed_translational_and_energy_checks,233.936553932751,91.94271507597153,92.76475116573961,16686.42154383677,8,5.794407161000038
development,urban_c,urban_c_r0,proxy_ga,1,True,passed_translational_and_energy_checks,233.936553932751,91.94271507597153,92.76475116573961,16686.42154383677,8,5.853474180000035
development,urban_c,urban_c_r0,time_ga,1,True,passed_translational_and_energy_checks,233.936553932751,91.94271507597153,92.76475116573961,16686.42154383677,8,5.851926821000063
development,urban_c,urban_c_r0,energy_ga,1,True,passed_translational_and_energy_checks,233.936553932751,91.94271507597153,92.76475116573961,16686.42154383677,8,5.806946604000018
development,urban_c,urban_c_r0,astar,2,True,passed_translational_and_energy_checks,233.936553932751,91.94271507597153,92.76475116573961,16686.42154383677,8,3.250147881000032
development,urban_c,urban_c_r0,rrt_star,2,True,passed_translational_and_energy_checks,259.4905371016002,98.79399800974409,99.09554989181059,17846.062180899185,4,0.20447279000001117
development,urban_c,urban_c_r0,distance_ga,2,True,passed_translational_and_energy_checks,232.9903033137866,91.90715973086485,92.72510084854584,16678.235596718776,8,5.559344910999982
development,urban_c,urban_c_r0,proxy_ga,2,True,passed_translational_and_energy_checks,233.77863189401964,91.32126970697082,92.15918605894052,16579.807780358897,8,5.582243088000041
development,urban_c,urban_c_r0,time_ga,2,True,passed_translational_and_energy_checks,233.77863189401964,91.32126970697082,92.15918605894052,16579.807780358897,8,5.5756000760000575
development,urban_c,urban_c_r0,energy_ga,2,True,passed_translational_and_energy_checks,233.77863189401964,91.32126970697082,92.15918605894052,16579.807780358897,8,5.623131409000052
development,urban_c,urban_c_r0,astar,3,True,passed_translational_and_energy_checks,233.936553932751,91.94271507597153,92.76475116573961,16686.42154383677,8,3.250147881000032
development,urban_c,urban_c_r0,rrt_star,3,True,passed_translational_and_energy_checks,252.17237292199906,96.98900494129454,97.52516778023559,17555.759596141826,6,0.27372324899999967
development,urban_c,urban_c_r0,distance_ga,3,True,passed_translational_and_energy_checks,233.936553932751,91.94271507597153,92.76475116573961,16686.42154383677,8,5.7473239970000805
development,urban_c,urban_c_r0,proxy_ga,3,True,passed_translational_and_energy_checks,234.41962679007838,91.89476153148529,92.72445737447657,16680.187709322538,8,5.794662419000019
development,urban_c,urban_c_r0,time_ga,3,True,passed_translational_and_energy_checks,234.41962679007838,91.89476153148529,92.72445737447657,16680.187709322538,8,5.719043090000014
development,urban_c,urban_c_r0,energy_ga,3,True,passed_translational_and_energy_checks,234.41962679007838,91.89476153148529,92.72445737447657,16680.187709322538,8,5.684097111000028
development,urban_c,urban_c_r0,astar,4,True,passed_translational_and_energy_checks,233.936553932751,91.94271507597153,92.76475116573961,16686.42154383677,8,3.250147881000032
development,urban_c,urban_c_r0,rrt_star,4,True,passed_translational_and_energy_checks,270.96886711883104,103.67551685324561,104.02656147756407,18731.601153617594,5,0.1943583699999749
development,urban_c,urban_c_r0,distance_ga,4,True,passed_translational_and_energy_checks,233.25525675617024,91.84205648645411,92.66190527404,16666.967864997627,8,5.673817293000013
development,urban_c,urban_c_r0,proxy_ga,4,True,passed_translational_and_energy_checks,235.6084540470917,91.55397314072846,92.40369011885534,16625.508223852434,8,5.381586491000007
development,urban_c,urban_c_r0,time_ga,4,True,passed_translational_and_energy_checks,235.6084540470917,91.55397314072846,92.40369011885534,16625.508223852434,8,5.296697079000012
development,urban_c,urban_c_r0,energy_ga,4,True,passed_translational_and_energy_checks,235.6084540470917,91.55397314072846,92.40369011885534,16625.508223852434,8,5.394163525000067
development,urban_c,urban_c_r1,astar,0,True,passed_translational_and_energy_checks,152.0,57.57,57.58617614679678,10374.023343494713,0,0.06790245100000902
development,urban_c,urban_c_r1,rrt_star,0,True,passed_translational_and_energy_checks,152.0,57.57,57.58617614679678,10374.023343494713,0,0.27702250699996966
development,urban_c,urban_c_r1,distance_ga,0,True,passed_translational_and_energy_checks,152.0,57.57,57.58617614679678,10374.023343494713,0,0.4922960129999865
development,urban_c,urban_c_r1,proxy_ga,0,True,passed_translational_and_energy_checks,152.0,57.57,57.58617614679678,10374.023343494713,0,0.48570758200003183
development,urban_c,urban_c_r1,time_ga,0,True,passed_translational_and_energy_checks,152.0,57.57,57.58617614679678,10374.023343494713,0,0.47914166500004285
development,urban_c,urban_c_r1,energy_ga,0,True,passed_translational_and_energy_checks,152.0,57.57,57.58617614679678,10374.023343494713,0,0.4836858850000567
development,urban_c,urban_c_r1,astar,1,True,passed_translational_and_energy_checks,152.0,57.57,57.58617614679678,10374.023343494713,0,0.06790245100000902
development,urban_c,urban_c_r1,rrt_star,1,True,passed_translational_and_energy_checks,152.0,57.57,57.58617614679678,10374.023343494713,0,0.27657939499999884
development,urban_c,urban_c_r1,distance_ga,1,True,passed_translational_and_energy_checks,152.0,57.57,57.58617614679678,10374.023343494713,0,0.5916206489999922
development,urban_c,urban_c_r1,proxy_ga,1,True,passed_translational_and_energy_checks,152.0,57.57,57.58617614679678,10374.023343494713,0,0.5888682589999803
development,urban_c,urban_c_r1,time_ga,1,True,passed_translational_and_energy_checks,152.0,57.57,57.58617614679678,10374.023343494713,0,0.5904758290000132
development,urban_c,urban_c_r1,energy_ga,1,True,passed_translational_and_energy_checks,152.0,57.57,57.58617614679678,10374.023343494713,0,0.5932096870000123
development,urban_c,urban_c_r1,astar,2,True,passed_translational_and_energy_checks,152.0,57.57,57.58617614679678,10374.023343494713,0,0.06790245100000902
development,urban_c,urban_c_r1,rrt_star,2,True,passed_translational_and_energy_checks,152.0,57.57,57.58617614679678,10374.023343494713,0,0.3346684159999995
development,urban_c,urban_c_r1,distance_ga,2,True,passed_translational_and_energy_checks,152.0,57.57,57.58617614679678,10374.023343494713,0,0.40878055900003574
development,urban_c,urban_c_r1,proxy_ga,2,True,passed_translational_and_energy_checks,152.0,57.57,57.58617614679678,10374.023343494713,0,0.4023712250000244
development,urban_c,urban_c_r1,time_ga,2,True,passed_translational_and_energy_checks,152.0,57.57,57.58617614679678,10374.023343494713,0,0.40469748300000674
development,urban_c,urban_c_r1,energy_ga,2,True,passed_translational_and_energy_checks,152.0,57.57,57.58617614679678,10374.023343494713,0,0.4068463439999732
development,urban_c,urban_c_r1,astar,3,True,passed_translational_and_energy_checks,152.0,57.57,57.58617614679678,10374.023343494713,0,0.06790245100000902
development,urban_c,urban_c_r1,rrt_star,3,True,passed_translational_and_energy_checks,152.0,57.57,57.58617614679678,10374.023343494713,0,0.261250557999972
development,urban_c,urban_c_r1,distance_ga,3,True,passed_translational_and_energy_checks,152.0,57.57,57.58617614679678,10374.023343494713,0,0.4060478590000116
development,urban_c,urban_c_r1,proxy_ga,3,True,passed_translational_and_energy_checks,152.0,57.57,57.58617614679678,10374.023343494713,0,0.40356547599998294
development,urban_c,urban_c_r1,time_ga,3,True,passed_translational_and_energy_checks,152.0,57.57,57.58617614679678,10374.023343494713,0,0.4017611720000218
development,urban_c,urban_c_r1,energy_ga,3,True,passed_translational_and_energy_checks,152.0,57.57,57.58617614679678,10374.023343494713,0,0.39769528699997636
development,urban_c,urban_c_r1,astar,4,True,passed_translational_and_energy_checks,152.0,57.57,57.58617614679678,10374.023343494713,0,0.06790245100000902
development,urban_c,urban_c_r1,rrt_star,4,True,passed_translational_and_energy_checks,152.0,57.57,57.58617614679678,10374.023343494713,0,0.2772945969999796
development,urban_c,urban_c_r1,distance_ga,4,True,passed_translational_and_energy_checks,152.0,57.57,57.58617614679678,10374.023343494713,0,0.6265271709999638
development,urban_c,urban_c_r1,proxy_ga,4,True,passed_translational_and_energy_checks,152.0,57.57,57.58617614679678,10374.023343494713,0,0.6182351410000138
development,urban_c,urban_c_r1,time_ga,4,True,passed_translational_and_energy_checks,152.0,57.57,57.58617614679678,10374.023343494713,0,0.6257625780000353
development,urban_c,urban_c_r1,energy_ga,4,True,passed_translational_and_energy_checks,152.0,57.57,57.58617614679678,10374.023343494713,0,0.6226369579999869
development,urban_c,urban_c_r2,astar,0,True,passed_translational_and_energy_checks,152.0,57.57,57.58617614679678,10374.023343494713,0,0.06735989199995629
development,urban_c,urban_c_r2,rrt_star,0,True,passed_translational_and_energy_checks,152.0,57.57,57.58617614679678,10374.023343494713,0,0.2541810079999891
development,urban_c,urban_c_r2,distance_ga,0,True,passed_translational_and_energy_checks,152.0,57.57,57.58617614679678,10374.023343494713,0,0.47571641699994416
development,urban_c,urban_c_r2,proxy_ga,0,True,passed_translational_and_energy_checks,152.0,57.57,57.58617614679678,10374.023343494713,0,0.4770626810000067
development,urban_c,urban_c_r2,time_ga,0,True,passed_translational_and_energy_checks,152.0,57.57,57.58617614679678,10374.023343494713,0,0.47368529099998113
development,urban_c,urban_c_r2,energy_ga,0,True,passed_translational_and_energy_checks,152.0,57.57,57.58617614679678,10374.023343494713,0,0.473038757999916
development,urban_c,urban_c_r2,astar,1,True,passed_translational_and_energy_checks,152.0,57.57,57.58617614679678,10374.023343494713,0,0.06735989199995629
development,urban_c,urban_c_r2,rrt_star,1,True,passed_translational_and_energy_checks,152.0,57.57,57.58617614679678,10374.023343494713,0,0.26136423100001593
development,urban_c,urban_c_r2,distance_ga,1,True,passed_translational_and_energy_checks,152.0,57.57,57.58617614679678,10374.023343494713,0,0.5915236879999384
development,urban_c,urban_c_r2,proxy_ga,1,True,passed_translational_and_energy_checks,152.0,57.57,57.58617614679678,10374.023343494713,0,0.5972176669999385
development,urban_c,urban_c_r2,time_ga,1,True,passed_translational_and_energy_checks,152.0,57.57,57.58617614679678,10374.023343494713,0,0.5962524029999372
development,urban_c,urban_c_r2,energy_ga,1,True,passed_translational_and_energy_checks,152.0,57.57,57.58617614679678,10374.023343494713,0,0.5925940379999588
development,urban_c,urban_c_r2,astar,2,True,passed_translational_and_energy_checks,152.0,57.57,57.58617614679678,10374.023343494713,0,0.06735989199995629
development,urban_c,urban_c_r2,rrt_star,2,True,passed_translational_and_energy_checks,152.0,57.57,57.58617614679678,10374.023343494713,0,0.2584630769999876
development,urban_c,urban_c_r2,distance_ga,2,True,passed_translational_and_energy_checks,152.0,57.57,57.58617614679678,10374.023343494713,0,0.4062698499999442
development,urban_c,urban_c_r2,proxy_ga,2,True,passed_translational_and_energy_checks,152.0,57.57,57.58617614679678,10374.023343494713,0,0.4070048149999934
development,urban_c,urban_c_r2,time_ga,2,True,passed_translational_and_energy_checks,152.0,57.57,57.58617614679678,10374.023343494713,0,0.3969627659999446
development,urban_c,urban_c_r2,energy_ga,2,True,passed_translational_and_energy_checks,152.0,57.57,57.58617614679678,10374.023343494713,0,0.3997677549999139
development,urban_c,urban_c_r2,astar,3,True,passed_translational_and_energy_checks,152.0,57.57,57.58617614679678,10374.023343494713,0,0.06735989199995629
development,urban_c,urban_c_r2,rrt_star,3,True,passed_translational_and_energy_checks,152.0,57.57,57.58617614679678,10374.023343494713,0,0.28083566999998766
development,urban_c,urban_c_r2,distance_ga,3,True,passed_translational_and_energy_checks,152.0,57.57,57.58617614679678,10374.023343494713,0,0.3931021589999091
development,urban_c,urban_c_r2,proxy_ga,3,True,passed_translational_and_energy_checks,152.0,57.57,57.58617614679678,10374.023343494713,0,0.38850732399998833
development,urban_c,urban_c_r2,time_ga,3,True,passed_translational_and_energy_checks,152.0,57.57,57.58617614679678,10374.023343494713,0,0.3842827499999544
development,urban_c,urban_c_r2,energy_ga,3,True,passed_translational_and_energy_checks,152.0,57.57,57.58617614679678,10374.023343494713,0,0.38512024499993913
development,urban_c,urban_c_r2,astar,4,True,passed_translational_and_energy_checks,152.0,57.57,57.58617614679678,10374.023343494713,0,0.06735989199995629
development,urban_c,urban_c_r2,rrt_star,4,True,passed_translational_and_energy_checks,152.0,57.57,57.58617614679678,10374.023343494713,0,0.2868412889999945
development,urban_c,urban_c_r2,distance_ga,4,True,passed_translational_and_energy_checks,152.0,57.57,57.58617614679678,10374.023343494713,0,0.5998744329999681
development,urban_c,urban_c_r2,proxy_ga,4,True,passed_translational_and_energy_checks,152.0,57.57,57.58617614679678,10374.023343494713,0,0.6008617639999443
development,urban_c,urban_c_r2,time_ga,4,True,passed_translational_and_energy_checks,152.0,57.57,57.58617614679678,10374.023343494713,0,0.5951872999999068
development,urban_c,urban_c_r2,energy_ga,4,True,passed_translational_and_energy_checks,152.0,57.57,57.58617614679678,10374.023343494713,0,0.5979404899999281
heldout,sparse,sparse_y14,astar,0,True,passed_translational_and_energy_checks,32.0,12.120000000000001,12.196723416816308,2196.3488980252523,0,0.015881749000016043
heldout,sparse,sparse_y14,rrt_star,0,True,passed_translational_and_energy_checks,32.0,12.120000000000001,12.196723416816308,2196.3488980252523,0,0.21063806500001192
heldout,sparse,sparse_y14,distance_ga,0,True,passed_translational_and_energy_checks,32.0,12.120000000000001,12.196723416816308,2196.3488980252523,0,0.41148648600000115
heldout,sparse,sparse_y14,proxy_ga,0,True,passed_translational_and_energy_checks,32.0,12.120000000000001,12.196723416816308,2196.3488980252523,0,0.40642545000002883
heldout,sparse,sparse_y14,time_ga,0,True,passed_translational_and_energy_checks,32.0,12.120000000000001,12.196723416816308,2196.3488980252523,0,0.41276413600002115
heldout,sparse,sparse_y14,energy_ga,0,True,passed_translational_and_energy_checks,32.0,12.120000000000001,12.196723416816308,2196.3488980252523,0,0.4130805260000443
heldout,sparse,sparse_y14,astar,1,True,passed_translational_and_energy_checks,32.0,12.120000000000001,12.196723416816308,2196.3488980252523,0,0.015881749000016043
heldout,sparse,sparse_y14,rrt_star,1,True,passed_translational_and_energy_checks,32.0,12.120000000000001,12.196723416816308,2196.3488980252523,0,0.21395221500000616
heldout,sparse,sparse_y14,distance_ga,1,True,passed_translational_and_energy_checks,32.0,12.120000000000001,12.196723416816308,2196.3488980252523,0,0.5157800150000185
heldout,sparse,sparse_y14,proxy_ga,1,True,passed_translational_and_energy_checks,32.0,12.120000000000001,12.196723416816308,2196.3488980252523,0,0.5160184610000442
heldout,sparse,sparse_y14,time_ga,1,True,passed_translational_and_energy_checks,32.0,12.120000000000001,12.196723416816308,2196.3488980252523,0,0.5121702179999943
heldout,sparse,sparse_y14,energy_ga,1,True,passed_translational_and_energy_checks,32.0,12.120000000000001,12.196723416816308,2196.3488980252523,0,0.5134241030000339
heldout,sparse,sparse_y14,astar,2,True,passed_translational_and_energy_checks,32.0,12.120000000000001,12.196723416816308,2196.3488980252523,0,0.015881749000016043
heldout,sparse,sparse_y14,rrt_star,2,True,passed_translational_and_energy_checks,32.0,12.120000000000001,12.196723416816308,2196.3488980252523,0,0.21252703999999767
heldout,sparse,sparse_y14,distance_ga,2,True,passed_translational_and_energy_checks,32.0,12.120000000000001,12.196723416816308,2196.3488980252523,0,0.3340408400000001
heldout,sparse,sparse_y14,proxy_ga,2,True,passed_translational_and_energy_checks,32.0,12.120000000000001,12.196723416816308,2196.3488980252523,0,0.33589360500002385
heldout,sparse,sparse_y14,time_ga,2,True,passed_translational_and_energy_checks,32.0,12.120000000000001,12.196723416816308,2196.3488980252523,0,0.33157692100002123
heldout,sparse,sparse_y14,energy_ga,2,True,passed_translational_and_energy_checks,32.0,12.120000000000001,12.196723416816308,2196.3488980252523,0,0.3334458960000575
heldout,sparse,sparse_y14,astar,3,True,passed_translational_and_energy_checks,32.0,12.120000000000001,12.196723416816308,2196.3488980252523,0,0.015881749000016043
heldout,sparse,sparse_y14,rrt_star,3,True,passed_translational_and_energy_checks,32.0,12.120000000000001,12.196723416816308,2196.3488980252523,0,0.2045329339999853
heldout,sparse,sparse_y14,distance_ga,3,True,passed_translational_and_energy_checks,32.0,12.120000000000001,12.196723416816308,2196.3488980252523,0,0.3296426769999812
heldout,sparse,sparse_y14,proxy_ga,3,True,passed_translational_and_energy_checks,32.0,12.120000000000001,12.196723416816308,2196.3488980252523,0,0.32802209800001947
heldout,sparse,sparse_y14,time_ga,3,True,passed_translational_and_energy_checks,32.0,12.120000000000001,12.196723416816308,2196.3488980252523,0,0.3277427440000338
heldout,sparse,sparse_y14,energy_ga,3,True,passed_translational_and_energy_checks,32.0,12.120000000000001,12.196723416816308,2196.3488980252523,0,0.33014523200000667
heldout,sparse,sparse_y14,astar,4,True,passed_translational_and_energy_checks,32.0,12.120000000000001,12.196723416816308,2196.3488980252523,0,0.015881749000016043
heldout,sparse,sparse_y14,rrt_star,4,True,passed_translational_and_energy_checks,32.0,12.120000000000001,12.196723416816308,2196.3488980252523,0,0.21205710999998928
heldout,sparse,sparse_y14,distance_ga,4,True,passed_translational_and_energy_checks,32.0,12.120000000000001,12.196723416816308,2196.3488980252523,0,0.5365009490000148
heldout,sparse,sparse_y14,proxy_ga,4,True,passed_translational_and_energy_checks,32.0,12.120000000000001,12.196723416816308,2196.3488980252523,0,0.5346755160000498
heldout,sparse,sparse_y14,time_ga,4,True,passed_translational_and_energy_checks,32.0,12.120000000000001,12.196723416816308,2196.3488980252523,0,0.5315785029999915
heldout,sparse,sparse_y14,energy_ga,4,True,passed_translational_and_energy_checks,32.0,12.120000000000001,12.196723416816308,2196.3488980252523,0,0.5308300629999962
heldout,sparse,sparse_y26,astar,0,True,passed_translational_and_energy_checks,32.0,12.120000000000001,12.196723416816308,2196.3488980252523,0,0.016008206999970298
heldout,sparse,sparse_y26,rrt_star,0,True,passed_translational_and_energy_checks,32.0,12.120000000000001,12.196723416816308,2196.3488980252523,0,0.20722162099997377
heldout,sparse,sparse_y26,distance_ga,0,True,passed_translational_and_energy_checks,32.0,12.120000000000001,12.196723416816308,2196.3488980252523,0,0.4133743409999511
heldout,sparse,sparse_y26,proxy_ga,0,True,passed_translational_and_energy_checks,32.0,12.120000000000001,12.196723416816308,2196.3488980252523,0,0.409038240999962
heldout,sparse,sparse_y26,time_ga,0,True,passed_translational_and_energy_checks,32.0,12.120000000000001,12.196723416816308,2196.3488980252523,0,0.41213858699995853
heldout,sparse,sparse_y26,energy_ga,0,True,passed_translational_and_energy_checks,32.0,12.120000000000001,12.196723416816308,2196.3488980252523,0,0.4103855429999612
heldout,sparse,sparse_y26,astar,1,True,passed_translational_and_energy_checks,32.0,12.120000000000001,12.196723416816308,2196.3488980252523,0,0.016008206999970298
heldout,sparse,sparse_y26,rrt_star,1,True,passed_translational_and_energy_checks,32.0,12.120000000000001,12.196723416816308,2196.3488980252523,0,0.20664736300000186
heldout,sparse,sparse_y26,distance_ga,1,True,passed_translational_and_energy_checks,32.0,12.120000000000001,12.196723416816308,2196.3488980252523,0,0.5189703159999794
heldout,sparse,sparse_y26,proxy_ga,1,True,passed_translational_and_energy_checks,32.0,12.120000000000001,12.196723416816308,2196.3488980252523,0,0.5178193759999772
heldout,sparse,sparse_y26,time_ga,1,True,passed_translational_and_energy_checks,32.0,12.120000000000001,12.196723416816308,2196.3488980252523,0,0.5257984940000142
heldout,sparse,sparse_y26,energy_ga,1,True,passed_translational_and_energy_checks,32.0,12.120000000000001,12.196723416816308,2196.3488980252523,0,0.5215275740000038
heldout,sparse,sparse_y26,astar,2,True,passed_translational_and_energy_checks,32.0,12.120000000000001,12.196723416816308,2196.3488980252523,0,0.016008206999970298
heldout,sparse,sparse_y26,rrt_star,2,True,passed_translational_and_energy_checks,32.0,12.120000000000001,12.196723416816308,2196.3488980252523,0,0.21704635600002575
heldout,sparse,sparse_y26,distance_ga,2,True,passed_translational_and_energy_checks,32.0,12.120000000000001,12.196723416816308,2196.3488980252523,0,0.3373715500000003
heldout,sparse,sparse_y26,proxy_ga,2,True,passed_translational_and_energy_checks,32.0,12.120000000000001,12.196723416816308,2196.3488980252523,0,0.33735926499997504
heldout,sparse,sparse_y26,time_ga,2,True,passed_translational_and_energy_checks,32.0,12.120000000000001,12.196723416816308,2196.3488980252523,0,0.33890660899993463
heldout,sparse,sparse_y26,energy_ga,2,True,passed_translational_and_energy_checks,32.0,12.120000000000001,12.196723416816308,2196.3488980252523,0,0.3386568699999657
heldout,sparse,sparse_y26,astar,3,True,passed_translational_and_energy_checks,32.0,12.120000000000001,12.196723416816308,2196.3488980252523,0,0.016008206999970298
heldout,sparse,sparse_y26,rrt_star,3,True,passed_translational_and_energy_checks,32.0,12.120000000000001,12.196723416816308,2196.3488980252523,0,0.20687730899999224
heldout,sparse,sparse_y26,distance_ga,3,True,passed_translational_and_energy_checks,32.0,12.120000000000001,12.196723416816308,2196.3488980252523,0,0.3296881199999575
heldout,sparse,sparse_y26,proxy_ga,3,True,passed_translational_and_energy_checks,32.0,12.120000000000001,12.196723416816308,2196.3488980252523,0,0.33710068099998125
heldout,sparse,sparse_y26,time_ga,3,True,passed_translational_and_energy_checks,32.0,12.120000000000001,12.196723416816308,2196.3488980252523,0,0.3252767289999383
heldout,sparse,sparse_y26,energy_ga,3,True,passed_translational_and_energy_checks,32.0,12.120000000000001,12.196723416816308,2196.3488980252523,0,0.3222940129999756
heldout,sparse,sparse_y26,astar,4,True,passed_translational_and_energy_checks,32.0,12.120000000000001,12.196723416816308,2196.3488980252523,0,0.016008206999970298
heldout,sparse,sparse_y26,rrt_star,4,True,passed_translational_and_energy_checks,32.0,12.120000000000001,12.196723416816308,2196.3488980252523,0,0.2102786359999982
heldout,sparse,sparse_y26,distance_ga,4,True,passed_translational_and_energy_checks,32.0,12.120000000000001,12.196723416816308,2196.3488980252523,0,0.5342417259999479
heldout,sparse,sparse_y26,proxy_ga,4,True,passed_translational_and_energy_checks,32.0,12.120000000000001,12.196723416816308,2196.3488980252523,0,0.5408238529999494
heldout,sparse,sparse_y26,time_ga,4,True,passed_translational_and_energy_checks,32.0,12.120000000000001,12.196723416816308,2196.3488980252523,0,0.5416958519999753
heldout,sparse,sparse_y26,energy_ga,4,True,passed_translational_and_energy_checks,32.0,12.120000000000001,12.196723416816308,2196.3488980252523,0,0.5510191869999517
heldout,wall,wall_y14,astar,0,True,passed_translational_and_energy_checks,38.40930106817051,22.369569374591187,22.499704750031555,4023.369220233923,2,0.1972623569999996
heldout,wall,wall_y14,rrt_star,0,True,passed_translational_and_energy_checks,39.02869834426642,23.496335733299635,23.727297845769773,4240.55309225749,3,0.227624048999985
heldout,wall,wall_y14,distance_ga,0,True,passed_translational_and_energy_checks,38.09185164550308,21.797671201385427,21.937845370395028,3923.3275637420397,2,1.0475555280000322
heldout,wall,wall_y14,proxy_ga,0,True,passed_translational_and_energy_checks,39.38771260045502,21.703323628826258,21.770714025368274,3895.0135440172785,1,0.9852100199999541
heldout,wall,wall_y14,time_ga,0,True,passed_translational_and_energy_checks,39.55690458090426,21.001615608423343,21.077716403681027,3772.350385337542,1,0.9050571450000007
heldout,wall,wall_y14,energy_ga,0,True,passed_translational_and_energy_checks,39.38771260045502,21.703323628826258,21.770714025368274,3895.0135440172785,1,0.9809730580000178
heldout,wall,wall_y14,astar,1,True,passed_translational_and_energy_checks,38.40930106817051,22.369569374591187,22.499704750031555,4023.369220233923,2,0.1972623569999996
heldout,wall,wall_y14,rrt_star,1,True,passed_translational_and_energy_checks,39.72450228213454,22.753257596532222,22.901037259180345,4095.2237514351546,2,0.2282170379999684
heldout,wall,wall_y14,distance_ga,1,True,passed_translational_and_energy_checks,38.38848541654294,22.31757727178467,22.447467679948996,4014.119189118468,2,1.1448599230000127
heldout,wall,wall_y14,proxy_ga,1,True,passed_translational_and_energy_checks,39.82794931177175,21.69023186287775,21.759584547071498,3893.451087724047,1,1.0164602710000281
heldout,wall,wall_y14,time_ga,1,True,passed_translational_and_energy_checks,40.588910814983805,21.453648203366328,21.529013754856592,3853.370476338633,1,1.0868641729999808
heldout,wall,wall_y14,energy_ga,1,True,passed_translational_and_energy_checks,39.82794931177175,21.69023186287775,21.759584547071498,3893.451087724047,1,1.0121555510000348
heldout,wall,wall_y14,astar,2,True,passed_translational_and_energy_checks,38.40930106817051,22.369569374591187,22.499704750031555,4023.369220233923,2,0.1972623569999996
heldout,wall,wall_y14,rrt_star,2,True,passed_translational_and_energy_checks,39.43857535903959,23.570161516912933,23.70936035169583,4238.222727488048,2,0.225301595000019
heldout,wall,wall_y14,distance_ga,2,True,passed_translational_and_energy_checks,38.40930106817051,22.369569374591187,22.499704750031555,4023.369220233923,2,1.0131344529999637
heldout,wall,wall_y14,proxy_ga,2,True,passed_translational_and_energy_checks,55.35816674722659,20.966905655512075,21.140637670496485,3806.461452087254,1,1.1031818430000158
heldout,wall,wall_y14,time_ga,2,True,passed_translational_and_energy_checks,55.35816674722659,20.966905655512075,21.140637670496485,3806.461452087254,1,1.0903055360000167
heldout,wall,wall_y14,energy_ga,2,True,passed_translational_and_energy_checks,39.01457894820223,21.016878377493008,21.09041360512417,3774.101060523587,1,0.9906794870000226
heldout,wall,wall_y14,astar,3,True,passed_translational_and_energy_checks,38.40930106817051,22.369569374591187,22.499704750031555,4023.369220233923,2,0.1972623569999996
heldout,wall,wall_y14,rrt_star,3,True,passed_translational_and_energy_checks,38.6698319517227,21.273242945639034,21.43496469945542,3834.2036485984277,2,0.22593739600000617
heldout,wall,wall_y14,distance_ga,3,True,passed_translational_and_energy_checks,38.40930106817051,22.369569374591187,22.499704750031555,4023.369220233923,2,1.0601850959999979
heldout,wall,wall_y14,proxy_ga,3,True,passed_translational_and_energy_checks,38.98683333478283,22.10233455567722,22.254094064706063,3979.747990691102,2,1.1413422900000114
heldout,wall,wall_y14,time_ga,3,True,passed_translational_and_energy_checks,39.26316768429531,22.0588943107744,22.220323844732352,3974.397016189558,2,1.1089829339999824
heldout,wall,wall_y14,energy_ga,3,True,passed_translational_and_energy_checks,38.98683333478283,22.10233455567722,22.254094064706063,3979.747990691102,2,1.1335261940000123
heldout,wall,wall_y14,astar,4,True,passed_translational_and_energy_checks,38.40930106817051,22.369569374591187,22.499704750031555,4023.369220233923,2,0.1972623569999996
heldout,wall,wall_y14,rrt_star,4,True,passed_translational_and_energy_checks,39.43289751854556,22.056511214689458,22.20269640576024,3971.483416532926,2,0.2028391279999937
heldout,wall,wall_y14,distance_ga,4,True,passed_translational_and_energy_checks,38.40930106817051,22.369569374591187,22.499704750031555,4023.369220233923,2,0.9891491300000439
heldout,wall,wall_y14,proxy_ga,4,True,passed_translational_and_energy_checks,45.047820206238555,21.96994680406871,22.17227235569346,3973.9271427493277,2,1.0687088930000073
heldout,wall,wall_y14,time_ga,4,True,passed_translational_and_energy_checks,45.047820206238555,21.96994680406871,22.17227235569346,3973.9271427493277,2,1.0653674090000322
heldout,wall,wall_y14,energy_ga,4,True,passed_translational_and_energy_checks,45.047820206238555,21.96994680406871,22.17227235569346,3973.9271427493277,2,1.0729199060000383
heldout,wall,wall_y26,astar,0,True,passed_translational_and_energy_checks,32.99930869314681,13.916803866396371,14.13041476390145,2536.4162127988857,1,0.07390706699999328
heldout,wall,wall_y26,rrt_star,0,True,passed_translational_and_energy_checks,34.292160856712556,14.44592109745512,14.639539379781175,2629.0170820017265,1,0.2219077050000351
heldout,wall,wall_y26,distance_ga,0,True,passed_translational_and_energy_checks,32.88436411883568,13.91603653773602,14.129520864758508,2535.89146226742,1,0.7830084809999676
heldout,wall,wall_y26,proxy_ga,0,True,passed_translational_and_energy_checks,32.88436411883568,13.91603653773602,14.129520864758508,2535.89146226742,1,0.7828152120000027
heldout,wall,wall_y26,time_ga,0,True,passed_translational_and_energy_checks,32.88436411883568,13.91603653773602,14.129520864758508,2535.89146226742,1,0.7832032080000317
heldout,wall,wall_y26,energy_ga,0,True,passed_translational_and_energy_checks,32.88436411883568,13.91603653773602,14.129520864758508,2535.89146226742,1,0.7877464560000362
heldout,wall,wall_y26,astar,1,True,passed_translational_and_energy_checks,32.99930869314681,13.916803866396371,14.13041476390145,2536.4162127988857,1,0.07390706699999328
heldout,wall,wall_y26,rrt_star,1,True,passed_translational_and_energy_checks,33.10997813546834,13.961460987088543,14.175176007960532,2544.3012076903906,1,0.22306543000001966
heldout,wall,wall_y26,distance_ga,1,True,passed_translational_and_energy_checks,32.99930869314681,13.916803866396371,14.13041476390145,2536.4162127988857,1,0.7807937169999946
heldout,wall,wall_y26,proxy_ga,1,True,passed_translational_and_energy_checks,32.99930869314681,13.916803866396371,14.13041476390145,2536.4162127988857,1,0.7826014859999759
heldout,wall,wall_y26,time_ga,1,True,passed_translational_and_energy_checks,32.99930869314681,13.916803866396371,14.13041476390145,2536.4162127988857,1,0.7769299639999758
heldout,wall,wall_y26,energy_ga,1,True,passed_translational_and_energy_checks,32.99930869314681,13.916803866396371,14.13041476390145,2536.4162127988857,1,0.7764038679999885
heldout,wall,wall_y26,astar,2,True,passed_translational_and_energy_checks,32.99930869314681,13.916803866396371,14.13041476390145,2536.4162127988857,1,0.07390706699999328
heldout,wall,wall_y26,rrt_star,2,True,passed_translational_and_energy_checks,33.188765164543746,13.900404194615994,14.113360353253812,2534.1652006418967,1,0.22800825499996336
heldout,wall,wall_y26,distance_ga,2,True,passed_translational_and_energy_checks,32.99930869314681,13.916803866396371,14.13041476390145,2536.4162127988857,1,0.7834690560000013
heldout,wall,wall_y26,proxy_ga,2,True,passed_translational_and_energy_checks,32.99930869314681,13.916803866396371,14.13041476390145,2536.4162127988857,1,0.7867541659999802
heldout,wall,wall_y26,time_ga,2,True,passed_translational_and_energy_checks,32.99930869314681,13.916803866396371,14.13041476390145,2536.4162127988857,1,0.7894162460000302
heldout,wall,wall_y26,energy_ga,2,True,passed_translational_and_energy_checks,32.99930869314681,13.916803866396371,14.13041476390145,2536.4162127988857,1,0.787514084999998
heldout,wall,wall_y26,astar,3,True,passed_translational_and_energy_checks,32.99930869314681,13.916803866396371,14.13041476390145,2536.4162127988857,1,0.07390706699999328
heldout,wall,wall_y26,rrt_star,3,True,passed_translational_and_energy_checks,33.17091912592437,13.975655776129479,14.18954539947497,2546.9151410511486,1,0.21964106799998717
heldout,wall,wall_y26,distance_ga,3,True,passed_translational_and_energy_checks,32.99930869314681,13.916803866396371,14.13041476390145,2536.4162127988857,1,0.7505976319999945
heldout,wall,wall_y26,proxy_ga,3,True,passed_translational_and_energy_checks,32.99930869314681,13.916803866396371,14.13041476390145,2536.4162127988857,1,0.7556895139999824
heldout,wall,wall_y26,time_ga,3,True,passed_translational_and_energy_checks,32.99930869314681,13.916803866396371,14.13041476390145,2536.4162127988857,1,0.7514229010000122
heldout,wall,wall_y26,energy_ga,3,True,passed_translational_and_energy_checks,32.99930869314681,13.916803866396371,14.13041476390145,2536.4162127988857,1,0.7528177379999761
heldout,wall,wall_y26,astar,4,True,passed_translational_and_energy_checks,32.99930869314681,13.916803866396371,14.13041476390145,2536.4162127988857,1,0.07390706699999328
heldout,wall,wall_y26,rrt_star,4,True,passed_translational_and_energy_checks,33.41021919509651,17.151688773307438,17.412602593052807,3115.580160688647,2,0.21596772999998848
heldout,wall,wall_y26,distance_ga,4,True,passed_translational_and_energy_checks,32.79148876535404,13.893843328416656,14.107100243672708,2531.8198534670537,1,0.731181805999995
heldout,wall,wall_y26,proxy_ga,4,True,passed_translational_and_energy_checks,32.79148876535404,13.893843328416656,14.107100243672708,2531.8198534670537,1,0.7357329570000388
heldout,wall,wall_y26,time_ga,4,True,passed_translational_and_energy_checks,32.79148876535404,13.893843328416656,14.107100243672708,2531.8198534670537,1,0.7239609509999809
heldout,wall,wall_y26,energy_ga,4,True,passed_translational_and_energy_checks,32.79148876535404,13.893843328416656,14.107100243672708,2531.8198534670537,1,0.7248908349999965
heldout,culdesac,culdesac_y14,astar,0,True,passed_translational_and_energy_checks,36.86129401644173,26.157069374591188,26.246556037757962,4688.010429400724,2,0.13165658300005134
heldout,culdesac,culdesac_y14,rrt_star,0,True,passed_translational_and_energy_checks,39.96527583900061,25.833818886357992,25.950553720871415,4637.295645978977,2,0.2428732019999984
heldout,culdesac,culdesac_y14,distance_ga,0,True,passed_translational_and_energy_checks,36.66231419318578,25.67326710428501,25.772634167856765,4603.458014903868,2,0.7953976970000554
heldout,culdesac,culdesac_y14,proxy_ga,0,True,passed_translational_and_energy_checks,36.66231419318578,25.67326710428501,25.772634167856765,4603.458014903868,2,0.7809885650000865
heldout,culdesac,culdesac_y14,time_ga,0,True,passed_translational_and_energy_checks,36.66231419318578,25.67326710428501,25.772634167856765,4603.458014903868,2,0.7852680910000345
heldout,culdesac,culdesac_y14,energy_ga,0,True,passed_translational_and_energy_checks,36.66231419318578,25.67326710428501,25.772634167856765,4603.458014903868,2,0.785614105000036
heldout,culdesac,culdesac_y14,astar,1,True,passed_translational_and_energy_checks,36.86129401644173,26.157069374591188,26.246556037757962,4688.010429400724,2,0.13165658300005134
heldout,culdesac,culdesac_y14,rrt_star,1,True,passed_translational_and_energy_checks,37.94599890872858,25.266341032202817,25.3685536680269,4532.4694968864005,2,0.23676598600002308
heldout,culdesac,culdesac_y14,distance_ga,1,True,passed_translational_and_energy_checks,36.86129401644173,26.157069374591188,26.246556037757962,4688.010429400724,2,1.0267098980000355
heldout,culdesac,culdesac_y14,proxy_ga,1,True,passed_translational_and_energy_checks,37.00349123699071,26.032019275897568,26.12722676758747,4666.774484236945,2,1.0295016590000614
heldout,culdesac,culdesac_y14,time_ga,1,True,passed_translational_and_energy_checks,37.00349123699071,26.032019275897568,26.12722676758747,4666.774484236945,2,1.0298583380000537
heldout,culdesac,culdesac_y14,energy_ga,1,True,passed_translational_and_energy_checks,37.00349123699071,26.032019275897568,26.12722676758747,4666.774484236945,2,1.0282969170000342
heldout,culdesac,culdesac_y14,astar,2,True,passed_translational_and_energy_checks,36.86129401644173,26.157069374591188,26.246556037757962,4688.010429400724,2,0.13165658300005134
heldout,culdesac,culdesac_y14,rrt_star,2,True,passed_translational_and_energy_checks,37.43444153316911,27.12223720555115,27.264257435634786,4868.755431745288,3,0.2246182370000156
heldout,culdesac,culdesac_y14,distance_ga,2,True,passed_translational_and_energy_checks,36.86129401644173,26.157069374591188,26.246556037757962,4688.010429400724,2,0.9520464960000368
heldout,culdesac,culdesac_y14,proxy_ga,2,True,passed_translational_and_energy_checks,36.790112167825214,25.995426000161977,26.08811467629614,4659.737602918835,2,1.0267407650000564
heldout,culdesac,culdesac_y14,time_ga,2,True,passed_translational_and_energy_checks,36.790112167825214,25.995426000161977,26.08811467629614,4659.737602918835,2,1.0263413080000987
heldout,culdesac,culdesac_y14,energy_ga,2,True,passed_translational_and_energy_checks,36.790112167825214,25.995426000161977,26.08811467629614,4659.737602918835,2,1.0221213000000375
heldout,culdesac,culdesac_y14,astar,3,True,passed_translational_and_energy_checks,36.86129401644173,26.157069374591188,26.246556037757962,4688.010429400724,2,0.13165658300005134
heldout,culdesac,culdesac_y14,rrt_star,3,True,passed_translational_and_energy_checks,37.8059067315421,27.055043529452735,27.217938808967617,4861.150644051693,3,0.2060956080000551
heldout,culdesac,culdesac_y14,distance_ga,3,True,passed_translational_and_energy_checks,36.86129401644173,26.157069374591188,26.246556037757962,4688.010429400724,2,1.0035612970000898
heldout,culdesac,culdesac_y14,proxy_ga,3,True,passed_translational_and_energy_checks,38.10215806398349,25.94991077024116,26.070592032098126,4657.874306980135,2,1.055802480000068
heldout,culdesac,culdesac_y14,time_ga,3,True,passed_translational_and_energy_checks,36.960459922135975,25.893006423621088,26.00356681498444,4644.559009756742,2,1.1711655930000688
heldout,culdesac,culdesac_y14,energy_ga,3,True,passed_translational_and_energy_checks,38.10215806398349,25.94991077024116,26.070592032098126,4657.874306980135,2,1.0384014800000614
heldout,culdesac,culdesac_y14,astar,4,True,passed_translational_and_energy_checks,36.86129401644173,26.157069374591188,26.246556037757962,4688.010429400724,2,0.13165658300005134
heldout,culdesac,culdesac_y14,rrt_star,4,True,passed_translational_and_energy_checks,39.37933408875099,27.253765317829675,27.368574498982717,4889.191828184856,2,0.19990495400003283
heldout,culdesac,culdesac_y14,distance_ga,4,True,passed_translational_and_energy_checks,36.86129401644173,26.157069374591188,26.246556037757962,4688.010429400724,2,0.9568953770000235
heldout,culdesac,culdesac_y14,proxy_ga,4,True,passed_translational_and_energy_checks,36.766152677254965,25.566956908486027,25.674887312936907,4586.091836276572,2,1.0562362780000853
heldout,culdesac,culdesac_y14,time_ga,4,True,passed_translational_and_energy_checks,36.766152677254965,25.566956908486027,25.674887312936907,4586.091836276572,2,1.0724812850000376
heldout,culdesac,culdesac_y14,energy_ga,4,True,passed_translational_and_energy_checks,36.766152677254965,25.566956908486027,25.674887312936907,4586.091836276572,2,1.0653587800000537
heldout,culdesac,culdesac_y26,astar,0,True,passed_translational_and_energy_checks,36.86129401644173,26.157069374591188,26.246556037757962,4688.010429400724,2,0.13312388000002784
heldout,culdesac,culdesac_y26,rrt_star,0,True,passed_translational_and_energy_checks,38.18984225367209,26.498944728811235,26.616386975089036,4754.823059271504,2,0.24834009199997809
heldout,culdesac,culdesac_y26,distance_ga,0,True,passed_translational_and_energy_checks,36.66231419318578,25.67326710428501,25.772634167856765,4603.458014903868,2,0.9286292730000127
heldout,culdesac,culdesac_y26,proxy_ga,0,True,passed_translational_and_energy_checks,36.66231419318578,25.67326710428501,25.772634167856765,4603.458014903868,2,0.9237898030000338
heldout,culdesac,culdesac_y26,time_ga,0,True,passed_translational_and_energy_checks,36.66231419318578,25.67326710428501,25.772634167856765,4603.458014903868,2,0.929039873000022
heldout,culdesac,culdesac_y26,energy_ga,0,True,passed_translational_and_energy_checks,36.66231419318578,25.67326710428501,25.772634167856765,4603.458014903868,2,0.9324377900000513
heldout,culdesac,culdesac_y26,astar,1,True,passed_translational_and_energy_checks,36.86129401644173,26.157069374591188,26.246556037757962,4688.010429400724,2,0.13312388000002784
heldout,culdesac,culdesac_y26,rrt_star,1,True,passed_translational_and_energy_checks,37.88941397216387,27.012436098325324,27.107874407680285,4841.570969073328,2,0.2472612130000016
heldout,culdesac,culdesac_y26,distance_ga,1,True,passed_translational_and_energy_checks,36.86129401644173,26.157069374591188,26.246556037757962,4688.010429400724,2,0.9954772930000217
heldout,culdesac,culdesac_y26,proxy_ga,1,True,passed_translational_and_energy_checks,36.86129401644173,26.157069374591188,26.246556037757962,4688.010429400724,2,0.9908345520000239
heldout,culdesac,culdesac_y26,time_ga,1,True,passed_translational_and_energy_checks,36.86129401644173,26.157069374591188,26.246556037757962,4688.010429400724,2,1.0005378700000165
heldout,culdesac,culdesac_y26,energy_ga,1,True,passed_translational_and_energy_checks,36.86129401644173,26.157069374591188,26.246556037757962,4688.010429400724,2,0.9899797310000054
heldout,culdesac,culdesac_y26,astar,2,True,passed_translational_and_energy_checks,36.86129401644173,26.157069374591188,26.246556037757962,4688.010429400724,2,0.13312388000002784
heldout,culdesac,culdesac_y26,rrt_star,2,True,passed_translational_and_energy_checks,39.58650220468891,26.90155260332272,27.009231868890403,4825.154492879907,2,0.2270470120000141
heldout,culdesac,culdesac_y26,distance_ga,2,True,passed_translational_and_energy_checks,36.86129401644173,26.157069374591188,26.246556037757962,4688.010429400724,2,0.9612594380000701
heldout,culdesac,culdesac_y26,proxy_ga,2,True,passed_translational_and_energy_checks,36.945052975461124,26.0864607126054,26.181142895916874,4676.3484484531,2,0.9544681670001296
heldout,culdesac,culdesac_y26,time_ga,2,True,passed_translational_and_energy_checks,38.08478936499854,26.155084796094172,26.259841699935052,4690.890822842362,2,0.9887563569999998
heldout,culdesac,culdesac_y26,energy_ga,2,True,passed_translational_and_energy_checks,36.945052975461124,26.0864607126054,26.181142895916874,4676.3484484531,2,0.9732908149999844
heldout,culdesac,culdesac_y26,astar,3,True,passed_translational_and_energy_checks,36.86129401644173,26.157069374591188,26.246556037757962,4688.010429400724,2,0.13312388000002784
heldout,culdesac,culdesac_y26,rrt_star,3,True,passed_translational_and_energy_checks,37.97342008884664,27.161226091042437,27.314042428486953,4877.864179803378,3,0.2187218420000363
heldout,culdesac,culdesac_y26,distance_ga,3,True,passed_translational_and_energy_checks,36.77021532896677,25.789952211239168,25.88729447295607,4623.959539882128,2,1.0325823400000331
heldout,culdesac,culdesac_y26,proxy_ga,3,True,passed_translational_and_energy_checks,36.721209552986835,25.709696612187884,25.809110501574715,4609.977026309425,2,1.0999861880000594
heldout,culdesac,culdesac_y26,time_ga,3,True,passed_translational_and_energy_checks,36.721209552986835,25.709696612187884,25.809110501574715,4609.977026309425,2,1.094396965000044
heldout,culdesac,culdesac_y26,energy_ga,3,True,passed_translational_and_energy_checks,36.721209552986835,25.709696612187884,25.809110501574715,4609.977026309425,2,1.0788505220000957
heldout,culdesac,culdesac_y26,astar,4,True,passed_translational_and_energy_checks,36.86129401644173,26.157069374591188,26.246556037757962,4688.010429400724,2,0.13312388000002784
heldout,culdesac,culdesac_y26,rrt_star,4,True,passed_translational_and_energy_checks,40.644386167527195,28.840900332596043,28.94207129654017,5169.281399117681,2,0.19646832000000813
heldout,culdesac,culdesac_y26,distance_ga,4,True,passed_translational_and_energy_checks,36.86129401644173,26.157069374591188,26.246556037757962,4688.010429400724,2,0.9449638109999228
heldout,culdesac,culdesac_y26,proxy_ga,4,True,passed_translational_and_energy_checks,37.58710268140169,25.789330218522544,25.900895475517295,4626.799090700504,2,1.0445866030000275
heldout,culdesac,culdesac_y26,time_ga,4,True,passed_translational_and_energy_checks,37.58710268140169,25.789330218522544,25.900895475517295,4626.799090700504,2,1.048606184000107
heldout,culdesac,culdesac_y26,energy_ga,4,True,passed_translational_and_energy_checks,37.58710268140169,25.789330218522544,25.900895475517295,4626.799090700504,2,1.0577527830000122
heldout,urban_a,urban_a_r0,astar,0,True,passed_translational_and_energy_checks,231.13881756848272,89.91065721042257,90.36597540552374,16263.735413835353,5,1.970526044000053
heldout,urban_a,urban_a_r0,rrt_star,0,True,passed_translational_and_energy_checks,237.40583726759007,92.53648445626641,93.15260754558186,16765.087305524154,7,0.22034016199995676
heldout,urban_a,urban_a_r0,distance_ga,0,True,passed_translational_and_energy_checks,229.52767763411484,89.59473561486146,90.03809031952554,16203.92897296483,5,3.544132270000091
heldout,urban_a,urban_a_r0,proxy_ga,0,True,passed_translational_and_energy_checks,231.98162606786923,89.14012386825169,89.63401286612239,16135.65828097163,5,3.644066048000127
heldout,urban_a,urban_a_r0,time_ga,0,True,passed_translational_and_energy_checks,231.98162606786923,89.14012386825169,89.63401286612239,16135.65828097163,5,3.6642219560000058
heldout,urban_a,urban_a_r0,energy_ga,0,True,passed_translational_and_energy_checks,231.98162606786923,89.14012386825169,89.63401286612239,16135.65828097163,5,3.622614272000078
heldout,urban_a,urban_a_r0,astar,1,True,passed_translational_and_energy_checks,231.13881756848272,89.91065721042257,90.36597540552374,16263.735413835353,5,1.970526044000053
heldout,urban_a,urban_a_r0,rrt_star,1,True,passed_translational_and_energy_checks,283.5583858490351,107.93503699408527,108.1393969598351,19476.35100038165,3,0.15730911299999661
heldout,urban_a,urban_a_r0,distance_ga,1,True,passed_translational_and_energy_checks,228.13055118940488,89.16570119189169,89.5820964397,16122.11243247967,5,3.5247576200000594
heldout,urban_a,urban_a_r0,proxy_ga,1,True,passed_translational_and_energy_checks,230.18808968908658,89.2795806090905,89.74517192137856,16152.82369898829,5,3.6025339220000205
heldout,urban_a,urban_a_r0,time_ga,1,True,passed_translational_and_energy_checks,230.18808968908658,89.2795806090905,89.74517192137856,16152.82369898829,5,3.613627847000089
heldout,urban_a,urban_a_r0,energy_ga,1,True,passed_translational_and_energy_checks,230.18808968908658,89.2795806090905,89.74517192137856,16152.82369898829,5,3.645446106000122
heldout,urban_a,urban_a_r0,astar,2,True,passed_translational_and_energy_checks,231.13881756848272,89.91065721042257,90.36597540552374,16263.735413835353,5,1.970526044000053
heldout,urban_a,urban_a_r0,rrt_star,2,True,passed_translational_and_energy_checks,236.103413190905,92.1000185559633,92.58184428197902,16661.05942477582,5,0.270004632999985
heldout,urban_a,urban_a_r0,distance_ga,2,True,passed_translational_and_energy_checks,230.64513653973736,89.72367552078529,90.18026438314682,16230.264385980034,5,3.515398803000039
heldout,urban_a,urban_a_r0,proxy_ga,2,True,passed_translational_and_energy_checks,232.26158302992147,89.30340378787072,89.78331777752398,16163.153556143516,5,3.554748317000076
heldout,urban_a,urban_a_r0,time_ga,2,True,passed_translational_and_energy_checks,232.26158302992147,89.30340378787072,89.78331777752398,16163.153556143516,5,3.56106206000004
heldout,urban_a,urban_a_r0,energy_ga,2,True,passed_translational_and_energy_checks,232.26158302992147,89.30340378787072,89.78331777752398,16163.153556143516,5,3.571342308999988
heldout,urban_a,urban_a_r0,astar,3,True,passed_translational_and_energy_checks,231.13881756848272,89.91065721042257,90.36597540552374,16263.735413835353,5,1.970526044000053
heldout,urban_a,urban_a_r0,rrt_star,3,True,passed_translational_and_energy_checks,234.8622868835594,91.65707681373932,92.08345564698911,16571.417494920493,5,0.3002177330000677
heldout,urban_a,urban_a_r0,distance_ga,3,True,passed_translational_and_energy_checks,229.72151550828428,89.37385405512242,89.83354887008889,16167.76658349354,5,3.601987182000016
heldout,urban_a,urban_a_r0,proxy_ga,3,True,passed_translational_and_energy_checks,232.49042429346326,89.25764306727959,89.7504164784498,16157.002334250674,5,3.582340273999989
heldout,urban_a,urban_a_r0,time_ga,3,True,passed_translational_and_energy_checks,232.49042429346326,89.25764306727959,89.7504164784498,16157.002334250674,5,3.5731790660000797
heldout,urban_a,urban_a_r0,energy_ga,3,True,passed_translational_and_energy_checks,232.49042429346326,89.25764306727959,89.7504164784498,16157.002334250674,5,3.6247126840000874
heldout,urban_a,urban_a_r0,astar,4,True,passed_translational_and_energy_checks,231.13881756848272,89.91065721042257,90.36597540552374,16263.735413835353,5,1.970526044000053
heldout,urban_a,urban_a_r0,rrt_star,4,True,passed_translational_and_energy_checks,234.9523519041313,88.98820328368973,89.32176853252025,16087.484211962837,4,0.25671986599991214
heldout,urban_a,urban_a_r0,distance_ga,4,True,passed_translational_and_energy_checks,231.13881756848272,89.91065721042257,90.36597540552374,16263.735413835353,5,3.548165499999982
heldout,urban_a,urban_a_r0,proxy_ga,4,True,passed_translational_and_energy_checks,231.7043918775884,89.03091735599907,89.52504144728283,16116.063966387328,5,3.5221764020000137
heldout,urban_a,urban_a_r0,time_ga,4,True,passed_translational_and_energy_checks,231.7043918775884,89.03091735599907,89.52504144728283,16116.063966387328,5,3.5382416470000635
heldout,urban_a,urban_a_r0,energy_ga,4,True,passed_translational_and_energy_checks,231.7043918775884,89.03091735599907,89.52504144728283,16116.063966387328,5,3.5280668410000544
heldout,urban_a,urban_a_r1,astar,0,True,passed_translational_and_energy_checks,204.56973481794205,77.58012748737664,78.07893972659612,14059.601797240315,5,2.900663224000027
heldout,urban_a,urban_a_r1,rrt_star,0,True,passed_translational_and_energy_checks,230.39735537778944,87.64995298636148,87.96963523341041,15842.090311705328,4,0.20700579599997582
heldout,urban_a,urban_a_r1,distance_ga,0,True,passed_translational_and_energy_checks,203.11054551613643,77.02745953931776,77.52897769986747,13960.49362383462,5,4.3406948079999665
heldout,urban_a,urban_a_r1,proxy_ga,0,True,passed_translational_and_energy_checks,203.11054551613643,77.02745953931776,77.52897769986747,13960.49362383462,5,4.353556209000089
heldout,urban_a,urban_a_r1,time_ga,0,True,passed_translational_and_energy_checks,203.11054551613643,77.02745953931776,77.52897769986747,13960.49362383462,5,4.401606161000018
heldout,urban_a,urban_a_r1,energy_ga,0,True,passed_translational_and_energy_checks,203.11054551613643,77.02745953931776,77.52897769986747,13960.49362383462,5,4.403965035000056
heldout,urban_a,urban_a_r1,astar,1,True,passed_translational_and_energy_checks,204.56973481794205,77.58012748737664,78.07893972659612,14059.601797240315,5,2.900663224000027
heldout,urban_a,urban_a_r1,rrt_star,1,True,passed_translational_and_energy_checks,221.55676843195204,83.91462604360183,84.32406506208551,15186.2478917782,5,0.29938445400000546
heldout,urban_a,urban_a_r1,distance_ga,1,True,passed_translational_and_energy_checks,204.09133123916644,77.39893213191536,77.89349060319293,14026.243076492232,5,4.475797650000118
heldout,urban_a,urban_a_r1,proxy_ga,1,True,passed_translational_and_energy_checks,204.09133123916644,77.39893213191536,77.89349060319293,14026.243076492232,5,4.502744790000065
heldout,urban_a,urban_a_r1,time_ga,1,True,passed_translational_and_energy_checks,204.09133123916644,77.39893213191536,77.89349060319293,14026.243076492232,5,4.503577735000022
heldout,urban_a,urban_a_r1,energy_ga,1,True,passed_translational_and_energy_checks,204.09133123916644,77.39893213191536,77.89349060319293,14026.243076492232,5,4.488536619000001
heldout,urban_a,urban_a_r1,astar,2,True,passed_translational_and_energy_checks,204.56973481794205,77.58012748737664,78.07893972659612,14059.601797240315,5,2.900663224000027
heldout,urban_a,urban_a_r1,rrt_star,2,True,passed_translational_and_energy_checks,217.21937065290822,88.03351807043768,88.55340930029406,15922.944092945741,6,0.3262377479999259
heldout,urban_a,urban_a_r1,distance_ga,2,True,passed_translational_and_energy_checks,201.53836614583344,76.4319966028155,76.92647924020257,13852.035791900125,5,4.510866200999999
heldout,urban_a,urban_a_r1,proxy_ga,2,True,passed_translational_and_energy_checks,201.53836614583344,76.4319966028155,76.92647924020257,13852.035791900125,5,4.517572883000071
heldout,urban_a,urban_a_r1,time_ga,2,True,passed_translational_and_energy_checks,201.53836614583344,76.4319966028155,76.92647924020257,13852.035791900125,5,4.474101915999995
heldout,urban_a,urban_a_r1,energy_ga,2,True,passed_translational_and_energy_checks,201.53836614583344,76.4319966028155,76.92647924020257,13852.035791900125,5,4.479119690999937
heldout,urban_a,urban_a_r1,astar,3,True,passed_translational_and_energy_checks,204.56973481794205,77.58012748737664,78.07893972659612,14059.601797240315,5,2.900663224000027
heldout,urban_a,urban_a_r1,rrt_star,3,True,passed_translational_and_energy_checks,218.45640330598516,84.25363750629995,84.80571182088178,15265.175162083411,6,0.3381949600000098
heldout,urban_a,urban_a_r1,distance_ga,3,True,passed_translational_and_energy_checks,202.6951220659922,76.87011790757563,77.37130730178237,13932.093000993249,5,4.474467086000004
heldout,urban_a,urban_a_r1,proxy_ga,3,True,passed_translational_and_energy_checks,202.6951220659922,76.87011790757563,77.37130730178237,13932.093000993249,5,4.4732330030000185
heldout,urban_a,urban_a_r1,time_ga,3,True,passed_translational_and_energy_checks,202.6951220659922,76.87011790757563,77.37130730178237,13932.093000993249,5,4.472620197000083
heldout,urban_a,urban_a_r1,energy_ga,3,True,passed_translational_and_energy_checks,202.6951220659922,76.87011790757563,77.37130730178237,13932.093000993249,5,4.460049914000024
heldout,urban_a,urban_a_r1,astar,4,True,passed_translational_and_energy_checks,204.56973481794205,77.58012748737664,78.07893972659612,14059.601797240315,5,2.900663224000027
heldout,urban_a,urban_a_r1,rrt_star,4,True,passed_translational_and_energy_checks,221.32148186388378,86.32160958549501,86.82399283105194,15624.682124181629,6,0.2900675170000113
heldout,urban_a,urban_a_r1,distance_ga,4,True,passed_translational_and_energy_checks,203.00553376320656,77.02895980596543,77.53778677966903,13961.77413497564,5,4.39847562500006
heldout,urban_a,urban_a_r1,proxy_ga,4,True,passed_translational_and_energy_checks,203.00553376320656,77.02895980596543,77.53778677966903,13961.77413497564,5,4.380391997000061
heldout,urban_a,urban_a_r1,time_ga,4,True,passed_translational_and_energy_checks,203.00553376320656,77.02895980596543,77.53778677966903,13961.77413497564,5,4.39476874200011
heldout,urban_a,urban_a_r1,energy_ga,4,True,passed_translational_and_energy_checks,203.00553376320656,77.02895980596543,77.53778677966903,13961.77413497564,5,4.398294559999954
heldout,urban_b,urban_b_r0,astar,0,True,passed_translational_and_energy_checks,243.6112677516997,93.07190641013865,93.62049370341427,16855.540298404398,6,3.520907872999942
heldout,urban_b,urban_b_r0,rrt_star,0,True,passed_translational_and_energy_checks,256.786186927109,99.03717373797255,99.80810296864968,17963.194323269552,8,0.26555576199996267
heldout,urban_b,urban_b_r0,distance_ga,0,True,passed_translational_and_energy_checks,242.24961292409938,92.20435798243338,92.76147042835616,16702.23532693571,6,5.3037334599999895
heldout,urban_b,urban_b_r0,proxy_ga,0,True,passed_translational_and_energy_checks,242.24961292409938,92.20435798243338,92.76147042835616,16702.23532693571,6,5.3102909750000435
heldout,urban_b,urban_b_r0,time_ga,0,True,passed_translational_and_energy_checks,242.24961292409938,92.20435798243338,92.76147042835616,16702.23532693571,6,5.30912621799996
heldout,urban_b,urban_b_r0,energy_ga,0,True,passed_translational_and_energy_checks,242.24961292409938,92.20435798243338,92.76147042835616,16702.23532693571,6,5.324045402000024
heldout,urban_b,urban_b_r0,astar,1,True,passed_translational_and_energy_checks,243.6112677516997,93.07190641013865,93.62049370341427,16855.540298404398,6,3.520907872999942
heldout,urban_b,urban_b_r0,rrt_star,1,True,passed_translational_and_energy_checks,251.70763373187455,95.33426627594748,95.84642642003855,17260.803232404178,6,0.23995925700000953
heldout,urban_b,urban_b_r0,distance_ga,1,True,passed_translational_and_energy_checks,242.34532043243064,92.59242886296546,93.15082653100875,16770.81358078941,6,5.261740742999905
heldout,urban_b,urban_b_r0,proxy_ga,1,True,passed_translational_and_energy_checks,242.34532043243064,92.59242886296546,93.15082653100875,16770.81358078941,6,5.241099135000013
heldout,urban_b,urban_b_r0,time_ga,1,True,passed_translational_and_energy_checks,242.34532043243064,92.59242886296546,93.15082653100875,16770.81358078941,6,5.250179049999929
heldout,urban_b,urban_b_r0,energy_ga,1,True,passed_translational_and_energy_checks,242.34532043243064,92.59242886296546,93.15082653100875,16770.81358078941,6,5.255742995999981
heldout,urban_b,urban_b_r0,astar,2,True,passed_translational_and_energy_checks,243.6112677516997,93.07190641013865,93.62049370341427,16855.540298404398,6,3.520907872999942
heldout,urban_b,urban_b_r0,rrt_star,2,True,passed_translational_and_energy_checks,255.06502845345454,96.6058795267459,96.96912393231118,17464.8139626017,5,0.18636005900009422
heldout,urban_b,urban_b_r0,distance_ga,2,True,passed_translational_and_energy_checks,241.98213005945354,92.53346078860302,93.07443649051694,16756.94136234399,6,5.379209384999967
heldout,urban_b,urban_b_r0,proxy_ga,2,True,passed_translational_and_energy_checks,242.0747201229118,92.56852927513782,93.10366130801623,16762.275134957075,6,5.31308225500004
heldout,urban_b,urban_b_r0,time_ga,2,True,passed_translational_and_energy_checks,242.22704693628077,92.07570010034561,92.62480182677949,16678.284395404,6,5.367616722999969
heldout,urban_b,urban_b_r0,energy_ga,2,True,passed_translational_and_energy_checks,242.0747201229118,92.56852927513782,93.10366130801623,16762.275134957075,6,5.2976425800000015
heldout,urban_b,urban_b_r0,astar,3,True,passed_translational_and_energy_checks,243.6112677516997,93.07190641013865,93.62049370341427,16855.540298404398,6,3.520907872999942
heldout,urban_b,urban_b_r0,rrt_star,3,True,passed_translational_and_energy_checks,261.0293235296127,108.66955878035705,109.17433430724996,19627.805544607516,7,0.27215217699995264
heldout,urban_b,urban_b_r0,distance_ga,3,True,passed_translational_and_energy_checks,240.39294461929632,91.81778485699405,92.36691935541495,16629.846202407018,6,5.379941350999957
heldout,urban_b,urban_b_r0,proxy_ga,3,True,passed_translational_and_energy_checks,242.57919423714077,92.68100856649946,93.22795406607113,16784.843198266353,6,5.432146531999933
heldout,urban_b,urban_b_r0,time_ga,3,True,passed_translational_and_energy_checks,242.57919423714077,92.68100856649946,93.22795406607113,16784.843198266353,6,5.446096350999937
heldout,urban_b,urban_b_r0,energy_ga,3,True,passed_translational_and_energy_checks,242.57919423714077,92.68100856649946,93.22795406607113,16784.843198266353,6,5.445219097999939
heldout,urban_b,urban_b_r0,astar,4,True,passed_translational_and_energy_checks,243.6112677516997,93.07190641013865,93.62049370341427,16855.540298404398,6,3.520907872999942
heldout,urban_b,urban_b_r0,rrt_star,4,False,no_geometric_path,,,,,,0.20846970899992812
heldout,urban_b,urban_b_r0,distance_ga,4,True,passed_translational_and_energy_checks,241.51475753625556,92.27785316603918,92.83164717941261,16713.367334562445,6,5.257588365999936
heldout,urban_b,urban_b_r0,proxy_ga,4,True,passed_translational_and_energy_checks,242.50417352462316,91.84845572245104,92.41643386875586,16642.22821838934,6,5.25364789899993
heldout,urban_b,urban_b_r0,time_ga,4,True,passed_translational_and_energy_checks,242.50417352462316,91.84845572245104,92.41643386875586,16642.22821838934,6,5.217913075999832
heldout,urban_b,urban_b_r0,energy_ga,4,True,passed_translational_and_energy_checks,242.50417352462316,91.84845572245104,92.41643386875586,16642.22821838934,6,5.2157759849999366
heldout,urban_b,urban_b_r1,astar,0,True,passed_translational_and_energy_checks,213.37197447416347,82.42291283045415,82.86570052942956,14915.47027750924,5,2.7503116020000107
heldout,urban_b,urban_b_r1,rrt_star,0,True,passed_translational_and_energy_checks,227.88660698172896,87.04893923857367,87.36304555594023,15731.297728675112,4,0.1939365360000238
heldout,urban_b,urban_b_r1,distance_ga,0,True,passed_translational_and_energy_checks,212.23673497592893,81.48949573481488,81.94353506866123,14751.39340486245,5,4.2186329230000865
heldout,urban_b,urban_b_r1,proxy_ga,0,True,passed_translational_and_energy_checks,213.06503037673923,81.47184376750215,81.93354402995506,14751.052122805744,5,4.2957827489999545
heldout,urban_b,urban_b_r1,time_ga,0,True,passed_translational_and_energy_checks,213.06503037673923,81.47184376750215,81.93354402995506,14751.052122805744,5,4.278639869000017
heldout,urban_b,urban_b_r1,energy_ga,0,True,passed_translational_and_energy_checks,213.06503037673923,81.47184376750215,81.93354402995506,14751.052122805744,5,4.263963706000027
heldout,urban_b,urban_b_r1,astar,1,True,passed_translational_and_energy_checks,213.37197447416347,82.42291283045415,82.86570052942956,14915.47027750924,5,2.7503116020000107
heldout,urban_b,urban_b_r1,rrt_star,1,True,passed_translational_and_energy_checks,221.2714687672286,83.80656879558784,84.24326204665131,15171.36984716633,5,0.2686854940000103
heldout,urban_b,urban_b_r1,distance_ga,1,True,passed_translational_and_energy_checks,213.07138466434387,82.0430165840957,82.48612959351915,14848.238761149687,5,4.313203115999954
heldout,urban_b,urban_b_r1,proxy_ga,1,True,passed_translational_and_energy_checks,213.07138466434387,82.0430165840957,82.48612959351915,14848.238761149687,5,4.340826747000051
heldout,urban_b,urban_b_r1,time_ga,1,True,passed_translational_and_energy_checks,213.07138466434387,82.0430165840957,82.48612959351915,14848.238761149687,5,4.332120127000053
heldout,urban_b,urban_b_r1,energy_ga,1,True,passed_translational_and_energy_checks,213.07138466434387,82.0430165840957,82.48612959351915,14848.238761149687,5,4.328973625000003
heldout,urban_b,urban_b_r1,astar,2,True,passed_translational_and_energy_checks,213.37197447416347,82.42291283045415,82.86570052942956,14915.47027750924,5,2.7503116020000107
heldout,urban_b,urban_b_r1,rrt_star,2,True,passed_translational_and_energy_checks,224.9689524570679,87.18527141713851,87.88675541761143,15814.65410035933,7,0.27706405100002485
heldout,urban_b,urban_b_r1,distance_ga,2,True,passed_translational_and_energy_checks,210.57277754914858,80.905452703538,81.36474104292252,14646.990329042059,5,4.377061090999973
heldout,urban_b,urban_b_r1,proxy_ga,2,True,passed_translational_and_energy_checks,212.82380361739706,81.61011918851517,82.0561438665024,14772.642956692267,5,4.3911717099999805
heldout,urban_b,urban_b_r1,time_ga,2,True,passed_translational_and_energy_checks,212.82380361739706,81.61011918851517,82.0561438665024,14772.642956692267,5,4.389568930999985
heldout,urban_b,urban_b_r1,energy_ga,2,True,passed_translational_and_energy_checks,212.82380361739706,81.61011918851517,82.0561438665024,14772.642956692267,5,4.401831577999928
heldout,urban_b,urban_b_r1,astar,3,True,passed_translational_and_energy_checks,213.37197447416347,82.42291283045415,82.86570052942956,14915.47027750924,5,2.7503116020000107
heldout,urban_b,urban_b_r1,rrt_star,3,True,passed_translational_and_energy_checks,218.43569492706268,85.91624627930221,86.55347038527293,15574.936548093332,7,0.32743573400000514
heldout,urban_b,urban_b_r1,distance_ga,3,True,passed_translational_and_energy_checks,211.05279884483545,81.50914897226444,81.9559001930372,14751.667989010013,5,4.379554729999995
heldout,urban_b,urban_b_r1,proxy_ga,3,True,passed_translational_and_energy_checks,213.06440046883773,81.24410785786453,81.71419876273477,14712.570749402077,5,4.428646947999937
heldout,urban_b,urban_b_r1,time_ga,3,True,passed_translational_and_energy_checks,213.06440046883773,81.24410785786453,81.71419876273477,14712.570749402077,5,4.451230808999981
heldout,urban_b,urban_b_r1,energy_ga,3,True,passed_translational_and_energy_checks,213.06440046883773,81.24410785786453,81.71419876273477,14712.570749402077,5,4.429872200000091
heldout,urban_b,urban_b_r1,astar,4,True,passed_translational_and_energy_checks,213.37197447416347,82.42291283045415,82.86570052942956,14915.47027750924,5,2.7503116020000107
heldout,urban_b,urban_b_r1,rrt_star,4,True,passed_translational_and_energy_checks,231.10989205637992,93.64100861305224,94.20738278697175,16943.717647183847,7,0.2614695810000285
heldout,urban_b,urban_b_r1,distance_ga,4,True,passed_translational_and_energy_checks,211.5956348142303,81.32302890652359,81.77786287390518,14721.188539744915,5,4.341107188000024
heldout,urban_b,urban_b_r1,proxy_ga,4,True,passed_translational_and_energy_checks,211.55279385900366,80.80193724188427,81.27160711343802,14632.171210858236,5,4.288525143000015
heldout,urban_b,urban_b_r1,time_ga,4,True,passed_translational_and_energy_checks,211.55279385900366,80.80193724188427,81.27160711343802,14632.171210858236,5,4.267687735000095
heldout,urban_b,urban_b_r1,energy_ga,4,True,passed_translational_and_energy_checks,211.55279385900366,80.80193724188427,81.27160711343802,14632.171210858236,5,4.252722457999994
heldout,urban_c,urban_c_r0,astar,0,True,passed_translational_and_energy_checks,223.90414068778387,90.19292842860662,90.65702110316137,16304.51681609816,6,2.1478751330000705
heldout,urban_c,urban_c_r0,rrt_star,0,True,passed_translational_and_energy_checks,236.0233182266873,100.74014321535066,101.4138395362943,18217.102320266757,8,0.2385148500000014
heldout,urban_c,urban_c_r0,distance_ga,0,True,passed_translational_and_energy_checks,223.4095788456896,89.11889683918564,89.6460838520387,16122.557305685725,6,4.105638128000123
heldout,urban_c,urban_c_r0,proxy_ga,0,True,passed_translational_and_energy_checks,223.32983257061258,86.44210303922046,86.87879657066232,15637.375615263496,5,4.026282957000149
heldout,urban_c,urban_c_r0,time_ga,0,True,passed_translational_and_energy_checks,223.32983257061258,86.44210303922046,86.87879657066232,15637.375615263496,5,4.006529675000138
heldout,urban_c,urban_c_r0,energy_ga,0,True,passed_translational_and_energy_checks,223.32983257061258,86.44210303922046,86.87879657066232,15637.375615263496,5,3.9725345000000516
heldout,urban_c,urban_c_r0,astar,1,True,passed_translational_and_energy_checks,223.90414068778387,90.19292842860662,90.65702110316137,16304.51681609816,6,2.1478751330000705
heldout,urban_c,urban_c_r0,rrt_star,1,True,passed_translational_and_energy_checks,236.03399654226754,93.25520164048467,93.82937294325454,16881.89174243559,7,0.30567885799996475
heldout,urban_c,urban_c_r0,distance_ga,1,True,passed_translational_and_energy_checks,223.72663028464285,90.61494227421058,91.08452386426774,16378.47979510804,6,4.131578725000054
heldout,urban_c,urban_c_r0,proxy_ga,1,True,passed_translational_and_energy_checks,224.17093103879026,86.91965432364506,87.34722136872668,15721.035034563018,5,4.134302143000127
heldout,urban_c,urban_c_r0,time_ga,1,True,passed_translational_and_energy_checks,224.17093103879026,86.91965432364506,87.34722136872668,15721.035034563018,5,4.194099624000046
heldout,urban_c,urban_c_r0,energy_ga,1,True,passed_translational_and_energy_checks,224.17093103879026,86.91965432364506,87.34722136872668,15721.035034563018,5,4.213603782000064
heldout,urban_c,urban_c_r0,astar,2,True,passed_translational_and_energy_checks,223.90414068778387,90.19292842860662,90.65702110316137,16304.51681609816,6,2.1478751330000705
heldout,urban_c,urban_c_r0,rrt_star,2,True,passed_translational_and_energy_checks,255.96922424966812,102.71270060445485,103.25423893255731,18571.684999307006,7,0.24555573099996764
heldout,urban_c,urban_c_r0,distance_ga,2,True,passed_translational_and_energy_checks,223.90414068778387,90.19292842860662,90.65702110316137,16304.51681609816,6,4.184898262000047
heldout,urban_c,urban_c_r0,proxy_ga,2,True,passed_translational_and_energy_checks,224.14879964979903,87.3140212270245,87.73561508591568,15789.126297818728,5,4.026507673000083
heldout,urban_c,urban_c_r0,time_ga,2,True,passed_translational_and_energy_checks,224.14879964979903,87.3140212270245,87.73561508591568,15789.126297818728,5,4.027931184000067
heldout,urban_c,urban_c_r0,energy_ga,2,True,passed_translational_and_energy_checks,224.14879964979903,87.3140212270245,87.73561508591568,15789.126297818728,5,3.991171222000048
heldout,urban_c,urban_c_r0,astar,3,True,passed_translational_and_energy_checks,223.90414068778387,90.19292842860662,90.65702110316137,16304.51681609816,6,2.1478751330000705
heldout,urban_c,urban_c_r0,rrt_star,3,True,passed_translational_and_energy_checks,254.99622085380093,96.86359043390902,97.5032580111433,17556.314473761744,7,0.2914514240000017
heldout,urban_c,urban_c_r0,distance_ga,3,True,passed_translational_and_energy_checks,222.69799526524432,87.2572970686664,87.66427753178213,15774.438923521582,5,4.104681644000038
heldout,urban_c,urban_c_r0,proxy_ga,3,True,passed_translational_and_energy_checks,226.2883229761437,87.99824454958738,88.44052892226019,15916.390728936432,5,4.1671275840000135
heldout,urban_c,urban_c_r0,time_ga,3,True,passed_translational_and_energy_checks,226.2883229761437,87.99824454958738,88.44052892226019,15916.390728936432,5,4.051158579000116
heldout,urban_c,urban_c_r0,energy_ga,3,True,passed_translational_and_energy_checks,226.2883229761437,87.99824454958738,88.44052892226019,15916.390728936432,5,3.939858452000067
heldout,urban_c,urban_c_r0,astar,4,True,passed_translational_and_energy_checks,223.90414068778387,90.19292842860662,90.65702110316137,16304.51681609816,6,2.1478751330000705
heldout,urban_c,urban_c_r0,rrt_star,4,True,passed_translational_and_energy_checks,237.99465337441634,94.59827038440953,95.26773037523412,17137.647349846055,8,0.26050444800000605
heldout,urban_c,urban_c_r0,distance_ga,4,True,passed_translational_and_energy_checks,223.05778311118968,88.07629014076758,88.63223523664344,15943.638340967907,6,4.095282394000151
heldout,urban_c,urban_c_r0,proxy_ga,4,True,passed_translational_and_energy_checks,224.19955937947333,87.30339823780494,87.72870449364052,15787.932353181192,5,4.115561703000026
heldout,urban_c,urban_c_r0,time_ga,4,True,passed_translational_and_energy_checks,224.19955937947333,87.30339823780494,87.72870449364052,15787.932353181192,5,4.141034396000123
heldout,urban_c,urban_c_r0,energy_ga,4,True,passed_translational_and_energy_checks,224.19955937947333,87.30339823780494,87.72870449364052,15787.932353181192,5,4.106404072000032
heldout,urban_c,urban_c_r1,astar,0,True,passed_translational_and_energy_checks,213.9025669143008,81.59759473370245,82.09657278043805,14780.959409804107,5,3.196785093000017
heldout,urban_c,urban_c_r1,rrt_star,0,True,passed_translational_and_energy_checks,217.6232673951431,82.42481252591044,82.5401184715715,14868.335354456513,2,0.2502380850000918
heldout,urban_c,urban_c_r1,distance_ga,0,True,passed_translational_and_energy_checks,213.75590799571518,81.44270724320707,81.93044200154648,14751.689497252402,5,5.069254557000022
heldout,urban_c,urban_c_r1,proxy_ga,0,True,passed_translational_and_energy_checks,214.86450292498242,81.40938687726063,81.91058227610753,14750.217120908386,5,5.0094870350000065
heldout,urban_c,urban_c_r1,time_ga,0,True,passed_translational_and_energy_checks,212.74030980243617,80.82050644972868,81.33406146534313,14645.085832600578,5,4.786238491999939
heldout,urban_c,urban_c_r1,energy_ga,0,True,passed_translational_and_energy_checks,213.73108286222592,81.433304723898,81.92006151224733,14749.830969455652,5,4.9851311200000055
heldout,urban_c,urban_c_r1,astar,1,True,passed_translational_and_energy_checks,213.9025669143008,81.59759473370245,82.09657278043805,14780.959409804107,5,3.196785093000017
heldout,urban_c,urban_c_r1,rrt_star,1,True,passed_translational_and_energy_checks,222.07289489649565,91.00132393254566,91.14277538114979,16394.56493915946,3,0.3332591029999321
heldout,urban_c,urban_c_r1,distance_ga,1,True,passed_translational_and_energy_checks,213.276577168251,81.47810937602945,81.96873788677176,14757.584684783473,5,4.886964137999939
heldout,urban_c,urban_c_r1,proxy_ga,1,True,passed_translational_and_energy_checks,213.57785527665916,81.3752697758646,81.87344196419208,14741.297833410385,5,4.882903707999958
heldout,urban_c,urban_c_r1,time_ga,1,True,passed_translational_and_energy_checks,213.57785527665916,81.3752697758646,81.87344196419208,14741.297833410385,5,4.876606590000051
heldout,urban_c,urban_c_r1,energy_ga,1,True,passed_translational_and_energy_checks,213.57785527665916,81.3752697758646,81.87344196419208,14741.297833410385,5,4.892461474000015
heldout,urban_c,urban_c_r1,astar,2,True,passed_translational_and_energy_checks,213.9025669143008,81.59759473370245,82.09657278043805,14780.959409804107,5,3.196785093000017
heldout,urban_c,urban_c_r1,rrt_star,2,True,passed_translational_and_energy_checks,217.87081594661188,82.51857153977926,82.80484294113583,14914.010309292138,4,0.2837618890000613
heldout,urban_c,urban_c_r1,distance_ga,2,True,passed_translational_and_energy_checks,212.60954939086665,81.79095349503154,82.2692288699851,14809.222250356126,5,5.112618336999958
heldout,urban_c,urban_c_r1,proxy_ga,2,True,passed_translational_and_energy_checks,213.00984291367183,81.16013509338315,81.66710603040566,14704.022458669426,5,5.014416743000083
heldout,urban_c,urban_c_r1,time_ga,2,True,passed_translational_and_energy_checks,213.00984291367183,81.16013509338315,81.66710603040566,14704.022458669426,5,4.976070498000013
heldout,urban_c,urban_c_r1,energy_ga,2,True,passed_translational_and_energy_checks,213.00984291367183,81.16013509338315,81.66710603040566,14704.022458669426,5,5.015414789000033
heldout,urban_c,urban_c_r1,astar,3,True,passed_translational_and_energy_checks,213.9025669143008,81.59759473370245,82.09657278043805,14780.959409804107,5,3.196785093000017
heldout,urban_c,urban_c_r1,rrt_star,3,True,passed_translational_and_energy_checks,229.39384045250378,86.8829170713858,87.15855747476192,15698.46217709863,4,0.2850471890000108
heldout,urban_c,urban_c_r1,distance_ga,3,True,passed_translational_and_energy_checks,213.74127168709543,81.53650416639843,82.03615047809022,14770.066386506835,5,4.876171285000055
heldout,urban_c,urban_c_r1,proxy_ga,3,True,passed_translational_and_energy_checks,213.8699997953758,81.48591951232854,81.98359233676973,14761.147433058588,5,4.810430870000005
heldout,urban_c,urban_c_r1,time_ga,3,True,passed_translational_and_energy_checks,213.8699997953758,81.48591951232854,81.98359233676973,14761.147433058588,5,4.820305640000015
heldout,urban_c,urban_c_r1,energy_ga,3,True,passed_translational_and_energy_checks,213.8699997953758,81.48591951232854,81.98359233676973,14761.147433058588,5,4.827936321000038
heldout,urban_c,urban_c_r1,astar,4,True,passed_translational_and_energy_checks,213.9025669143008,81.59759473370245,82.09657278043805,14780.959409804107,5,3.196785093000017
heldout,urban_c,urban_c_r1,rrt_star,4,True,passed_translational_and_energy_checks,231.11666930549882,87.53543849945768,87.84109629369166,15821.068443741606,4,0.31079770500002724
heldout,urban_c,urban_c_r1,distance_ga,4,True,passed_translational_and_energy_checks,213.87255515479407,81.77533463527709,82.26693487819935,14810.77464925223,5,4.8467835520000335
heldout,urban_c,urban_c_r1,proxy_ga,4,True,passed_translational_and_energy_checks,213.80611734630773,81.22888200565285,81.74345961725562,14718.791692234041,5,4.824076949000073
heldout,urban_c,urban_c_r1,time_ga,4,True,passed_translational_and_energy_checks,213.80611734630773,81.22888200565285,81.74345961725562,14718.791692234041,5,4.836226792000048
heldout,urban_c,urban_c_r1,energy_ga,4,True,passed_translational_and_energy_checks,213.80611734630773,81.22888200565285,81.74345961725562,14718.791692234041,5,4.848200614999996
